setting,formula,order,reps,time,state_infidelity,Z1_error,Z0Z1_error
LT_k1,LieTrotter,1,1,0.0,0.0,0.0,0.0
LT_k1,LieTrotter,1,1,0.05,0.0006148789631861273,7.934003586940186e-05,0.00015547607554700082
LT_k1,LieTrotter,1,1,0.1,0.009129806166231047,0.001191192308433342,0.0021770229571358435
LT_k1,LieTrotter,1,1,0.15000000000000002,0.040759131315738606,0.005408949360800164,0.008682459744226545
LT_k1,LieTrotter,1,1,0.2,0.10809586388875869,0.014585903231691622,0.018756396390457564
LT_k1,LieTrotter,1,1,0.25,0.21200546646177265,0.028652418851285444,0.024422659914363765
LT_k1,LieTrotter,1,1,0.30000000000000004,0.34181111960567123,0.04436016298525225,0.011461435482226667
LT_k1,LieTrotter,1,1,0.35000000000000003,0.48232258934957817,0.055074709490574025,0.034740297862142944
LT_k1,LieTrotter,1,1,0.4,0.6180414514923739,0.05186947648757563,0.12085296326231398
LT_k1,LieTrotter,1,1,0.45,0.7312047037787691,0.02572953677333957,0.23921044756504353
LT_k1,LieTrotter,1,1,0.5,0.801572188087248,0.029720112508847596,0.36715430373369246
LT_k1,LieTrotter,1,1,0.55,0.8146680865694393,0.11576772263944284,0.4731481054942753
LT_k1,LieTrotter,1,1,0.6000000000000001,0.7728597856450176,0.2272334761411494,0.5273939739337109
LT_k1,LieTrotter,1,1,0.65,0.69799996505681,0.3526729027909271,0.5126266761799388
LT_k1,LieTrotter,1,1,0.7000000000000001,0.6223880102385884,0.47624502897232357,0.43085484748524094
LT_k1,LieTrotter,1,1,0.75,0.5750406240229444,0.5808373265822251,0.3037029980993897
LT_k1,LieTrotter,1,1,0.8,0.5718244940860996,0.6516551820011786,0.16649028051718728
LT_k1,LieTrotter,1,1,0.8500000000000001,0.6128963283243436,0.679333759808274,0.05810907976827573
LT_k1,LieTrotter,1,1,0.9,0.6861131449470356,0.6617727435229447,0.009669520890461802
LT_k1,LieTrotter,1,1,0.9500000000000001,0.7733117645787462,0.6042841051665022,0.03497589470005891
LT_k1,LieTrotter,1,1,1.0,0.8566409492556512,0.5181424443556816,0.12558489946526663
LT_k1,LieTrotter,1,1,1.05,0.9232076695932288,0.4180608186777946,0.25249081821487906
LT_k1,LieTrotter,1,1,1.1,0.9673329813640819,0.31934021481161057,0.37503258470196715
LT_k1,LieTrotter,1,1,1.1500000000000001,0.9903216337039222,0.23540451555504782,0.45521723854986396
LT_k1,LieTrotter,1,1,1.2000000000000002,0.9981087156150785,0.17618325671292537,0.4728810796128312
LT_k1,LieTrotter,1,1,1.25,0.9978119923959069,0.14746033658649757,0.43540836371961167
LT_k1,LieTrotter,1,1,1.3,0.9948081676994126,0.1510024188981777,0.37666163602129393
LT_k1,LieTrotter,1,1,1.35,0.9917111368033377,0.1851148258263216,0.3438302878984877
LT_k1,LieTrotter,1,1,1.4000000000000001,0.9893069812009396,0.24527985385144396,0.3766799829677975
LT_k1,LieTrotter,1,1,1.4500000000000002,0.9880671037610209,0.3246807306404702,0.4882690698993675
LT_k1,LieTrotter,1,1,1.5,0.9887064246294295,0.4146232170456987,0.6566899905658699
LT_k1,LieTrotter,1,1,1.55,0.9914443311993343,0.5050368092549743,0.8327958722575445
LT_k1,LieTrotter,1,1,1.6,0.9947906708595795,0.5852861816877328,0.9610747493758258
LT_k1,LieTrotter,1,1,1.6500000000000001,0.9949197338048841,0.6454184324814511,1.003883717968802
LT_k1,LieTrotter,1,1,1.7000000000000002,0.9864709266755334,0.6777486660626666,0.9571448724720315
LT_k1,LieTrotter,1,1,1.75,0.9651656487253254,0.6784412744719546,0.849835051898659
LT_k1,LieTrotter,1,1,1.8,0.9312196056880395,0.6485951045361775,0.7280704675763123
LT_k1,LieTrotter,1,1,1.85,0.8907832818229308,0.5943745898313204,0.6326287130296512
LT_k1,LieTrotter,1,1,1.9000000000000001,0.8534587513067278,0.5259583947701726,0.581816979454746
LT_k1,LieTrotter,1,1,1.9500000000000002,0.8278521137740499,0.4554300580211538,0.5679895508581729
LT_k1,LieTrotter,1,1,2.0,0.819156662969943,0.3940843896869989,0.5679583726194648
LT_k1,LieTrotter,1,1,2.0500000000000003,0.8292828324695315,0.3498405578386016,0.5598388327638287
LT_k1,LieTrotter,1,1,2.1,0.856211189104687,0.3254590114049538,0.5360016845446333
LT_k1,LieTrotter,1,1,2.15,0.8918248974785471,0.3180509685082849,0.5051801141647835
LT_k1,LieTrotter,1,1,2.2,0.9225887723080207,0.3200124761142782,0.48398413375483545
LT_k1,LieTrotter,1,1,2.25,0.9357259696006294,0.32111938100843884,0.4844623558425004
LT_k1,LieTrotter,1,1,2.3000000000000003,0.9262875203279927,0.31120274993815805,0.5060483964498544
LT_k1,LieTrotter,1,1,2.35,0.8985367824038282,0.28268001288883626,0.5365332311213202
LT_k1,LieTrotter,1,1,2.4000000000000004,0.8613611471781888,0.23228860677362625,0.5603851043979085
LT_k1,LieTrotter,1,1,2.45,0.8229541238085473,0.16163298663036968,0.5680845562952321
LT_k1,LieTrotter,1,1,2.5,0.7884628649211753,0.07652470550369739,0.5600950576370151
LT_k1,LieTrotter,1,1,2.5500000000000003,0.7600205271912033,0.014557800453338487,0.5433681529743583
LT_k1,LieTrotter,1,1,2.6,0.7374997061740942,0.10235707298477173,0.5237135987897736
LT_k1,LieTrotter,1,1,2.6500000000000004,0.7197491787348478,0.17853669229382663,0.5001420924979476
LT_k1,LieTrotter,1,1,2.7,0.7065288636646283,0.2368372222969058,0.4655807112250683
LT_k1,LieTrotter,1,1,2.75,0.7002973324237131,0.273599715769048,0.4135114269038815
LT_k1,LieTrotter,1,1,2.8000000000000003,0.7061897420990757,0.28780606415395715,0.3456002993321403
LT_k1,LieTrotter,1,1,2.85,0.7292675844063743,0.2809021377803682,0.27446744989623784
LT_k1,LieTrotter,1,1,2.9000000000000004,0.7704070997436909,0.2566386039294457,0.21905576887349465
LT_k1,LieTrotter,1,1,2.95,0.8241647281297395,0.22102311788909568,0.19526596593533596
LT_k1,LieTrotter,1,1,3.0,0.8808250301781746,0.18230098052385746,0.207959456257991
LT_k1,LieTrotter,1,1,3.0500000000000003,0.9308905497783344,0.1507464860571895,0.2496260240255253
LT_k1,LieTrotter,1,1,3.1,0.9682187448800628,0.1380089573822258,0.30645407615288484
LT_k1,LieTrotter,1,1,3.1500000000000004,0.9905736498906514,0.15583828630496005,0.3673557302369428
LT_k1,LieTrotter,1,1,3.2,0.9993265087854534,0.21420220744706367,0.42932449020052477
LT_k1,LieTrotter,1,1,3.25,0.9989359590675363,0.3190539351804024,0.49497599539532744
LT_k1,LieTrotter,1,1,3.3000000000000003,0.9948295443828811,0.47023602632430994,0.5637056314172446
LT_k1,LieTrotter,1,1,3.35,0.9902126297424467,0.6601234246989001,0.6228557602757994
LT_k1,LieTrotter,1,1,3.4000000000000004,0.9850380751688108,0.8735449268241785,0.6461628772355603
LT_k1,LieTrotter,1,1,3.45,0.9782781064201332,1.08926398046055,0.6026962017977877
LT_k1,LieTrotter,1,1,3.5,0.9704396917380635,1.2829082930091698,0.4728776115140003
LT_k1,LieTrotter,1,1,3.5500000000000003,0.9634933303407948,1.4308342862756773,0.26310787554378523
LT_k1,LieTrotter,1,1,3.6,0.959163812464402,1.514131162145551,0.010268415924735819
LT_k1,LieTrotter,1,1,3.6500000000000004,0.9580129877068273,1.521903075829206,0.2277389836236441
LT_k1,LieTrotter,1,1,3.7,0.9598892575644552,1.4531338878474491,0.39197268016799414
LT_k1,LieTrotter,1,1,3.75,0.9645026451968833,1.3167795643166647,0.4439804177851134
LT_k1,LieTrotter,1,1,3.8000000000000003,0.9708296247337633,1.1301453939884327,0.37914105672228904
LT_k1,LieTrotter,1,1,3.85,0.9755371430395806,0.9159781699085088,0.22628742457385914
LT_k1,LieTrotter,1,1,3.9000000000000004,0.9727289966756016,0.6989482442700544,0.03473124970605945
LT_k1,LieTrotter,1,1,3.95,0.9573226821822396,0.5022605933453843,0.1446833966887239
LT_k1,LieTrotter,1,1,4.0,0.9305989156327803,0.34500937216588645,0.2760929374915931
LT_k1,LieTrotter,1,1,4.05,0.9027539121540884,0.24061653510556186,0.3465586856830565
LT_k1,LieTrotter,1,1,4.1000000000000005,0.888691127402144,0.19635673600641468,0.363894230962615
LT_k1,LieTrotter,1,1,4.15,0.8987630812528126,0.2136791245330984,0.34722523628661806
LT_k1,LieTrotter,1,1,4.2,0.930603415206479,0.2888923966183737,0.31548896585152536
LT_k1,LieTrotter,1,1,4.25,0.968606544753872,0.413829425203257,0.27891549510308
LT_k1,LieTrotter,1,1,4.3,0.9932949101883002,0.576319352032229,0.2365231483395266
LT_k1,LieTrotter,1,1,4.3500000000000005,0.9948909360652866,0.7605657718294437,0.17993353472883333
LT_k1,LieTrotter,1,1,4.4,0.9800787660191772,0.9477319896894243,0.10133204352797615
LT_k1,LieTrotter,1,1,4.45,0.965557306430795,1.1170729174811402,0.0017994908180545277
LT_k1,LieTrotter,1,1,4.5,0.9639142613851112,1.2478056511704112,0.10405961231202987
LT_k1,LieTrotter,1,1,4.55,0.974249403041507,1.3216331395895269,0.1900115952977104
LT_k1,LieTrotter,1,1,4.6000000000000005,0.9847991654504156,1.3255337815251995,0.22675795090073958
LT_k1,LieTrotter,1,1,4.65,0.983867717611825,1.2542169774428062,0.1940624748382634
LT_k1,LieTrotter,1,1,4.7,0.9692854924067268,1.1116011981371037,0.09098475529572247
LT_k1,LieTrotter,1,1,4.75,0.9493416415513192,0.910823177286862,0.06118828107230173
LT_k1,LieTrotter,1,1,4.800000000000001,0.9358602021922855,0.6726011715699378,0.22575718067872252
LT_k1,LieTrotter,1,1,4.8500000000000005,0.9359879859711888,0.4221684692456071,0.36484450688464753
LT_k1,LieTrotter,1,1,4.9,0.9488132463987378,0.18535344954381516,0.45458364507321636
LT_k1,LieTrotter,1,1,4.95,0.9676835186644372,0.015398782071730899,0.4937765544330986
LT_k1,LieTrotter,1,1,5.0,0.9848030513646123,0.16425888268892724,0.5015907918318832
LT_k1,LieTrotter,1,1,5.050000000000001,0.9947289583008908,0.2538967691691087,0.5055932968076015
LT_k1,LieTrotter,1,1,5.1000000000000005,0.9957603896330701,0.2857562970772437,0.526654017476874
LT_k1,LieTrotter,1,1,5.15,0.989535796100518,0.268835855447713,0.5688907375747828
LT_k1,LieTrotter,1,1,5.2,0.9790338992459041,0.21738673088365199,0.6197751238547384
LT_k1,LieTrotter,1,1,5.25,0.9656480673508981,0.14809402178924913,0.6595148152188381
LT_k1,LieTrotter,1,1,5.300000000000001,0.9476065897908074,0.07730466718681694,0.67347808024603
LT_k1,LieTrotter,1,1,5.3500000000000005,0.9220891784946857,0.018750778758510833,0.6600089904986055
LT_k1,LieTrotter,1,1,5.4,0.890014258243391,0.017959973377164984,0.629333631113823
LT_k1,LieTrotter,1,1,5.45,0.8588698290295178,0.028000051583032315,0.5951953627167121
LT_k1,LieTrotter,1,1,5.5,0.8401059396750481,0.011193316219310634,0.5655195896291043
LT_k1,LieTrotter,1,1,5.550000000000001,0.8427149441120312,0.02872342662218752,0.538747738045579
LT_k1,LieTrotter,1,1,5.6000000000000005,0.8678574565511981,0.08522966333700693,0.5082774847472539
LT_k1,LieTrotter,1,1,5.65,0.907913223606309,0.15033370442415053,0.4715153916623528
LT_k1,LieTrotter,1,1,5.7,0.9499259727167079,0.21590576558388688,0.4364338978947697
LT_k1,LieTrotter,1,1,5.75,0.9813776905936245,0.2749140752518891,0.41982994224818976
LT_k1,LieTrotter,1,1,5.800000000000001,0.9958258111431846,0.32246538409853504,0.43706798118572027
LT_k1,LieTrotter,1,1,5.8500000000000005,0.995826808441658,0.3565403013584312,0.48936912281095807
LT_k1,LieTrotter,1,1,5.9,0.9907551050246489,0.3782970879983738,0.5574122804802302
LT_k1,LieTrotter,1,1,5.95,0.9896656270335926,0.39183176404119313,0.607003155038624
LT_k1,LieTrotter,1,1,6.0,0.994328369699933,0.4033521731138597,0.6053584106707146
LT_k1,LieTrotter,1,1,6.050000000000001,0.999237302404311,0.4198428807561943,0.5395163609669051
LT_k1,LieTrotter,1,1,6.1000000000000005,0.9988076338625549,0.4474310818558317,0.4260598853875338
LT_k1,LieTrotter,1,1,6.15,0.9935720917942897,0.4897655108069038,0.30552672770564815
LT_k1,LieTrotter,1,1,6.2,0.9886298158247627,0.5467571422776718,0.22339639521287113
LT_k1,LieTrotter,1,1,6.25,0.9875704596819533,0.6139910932016295,0.20741921719092005
LT_k1,LieTrotter,1,1,6.300000000000001,0.9897437789149781,0.683010475025323,0.2535470063475488
LT_k1,LieTrotter,1,1,6.3500000000000005,0.9927104208934124,0.7425105962136062,0.3282216001204816
LT_k1,LieTrotter,1,1,6.4,0.9951771882033968,0.7802877510251844,0.38581501839191146
LT_k1,LieTrotter,1,1,6.45,0.9971266521749704,0.7855951045926226,0.3917731442370137
LT_k1,LieTrotter,1,1,6.5,0.9985853568859234,0.7514194063330949,0.33920591205346473
LT_k1,LieTrotter,1,1,6.550000000000001,0.9992408812874002,0.6761620985109116,0.2507405066285354
LT_k1,LieTrotter,1,1,6.6000000000000005,0.9987541802250675,0.5643207350526379,0.16581701954061268
LT_k1,LieTrotter,1,1,6.65,0.9967124301144356,0.4260063262304554,0.12128978341152813
LT_k1,LieTrotter,1,1,6.7,0.9923500120293038,0.2754287772715011,0.13589319029906355
LT_k1,LieTrotter,1,1,6.75,0.9849524249094624,0.1287350071455602,0.20570495410351258
LT_k1,LieTrotter,1,1,6.800000000000001,0.9750868057419922,0.0017061398473783435,0.31072476067644283
LT_k1,LieTrotter,1,1,6.8500000000000005,0.9654582071720226,0.09222121276344855,0.42653387419693684
LT_k1,LieTrotter,1,1,6.9,0.9598348715226781,0.14331648569507463,0.5332730032012789
LT_k1,LieTrotter,1,1,6.95,0.9599141929228193,0.14623187591125114,0.6174426399459108
LT_k1,LieTrotter,1,1,7.0,0.9622586811887052,0.10012138820891282,0.6677344262894861
LT_k1,LieTrotter,1,1,7.050000000000001,0.958221987214202,0.008433853551260168,0.6703576048600585
LT_k1,LieTrotter,1,1,7.1000000000000005,0.9380061502441256,0.1213957243823503,0.6094326631463496
LT_k1,LieTrotter,1,1,7.15,0.8971464350440599,0.2782367214092947,0.47410357963602867
LT_k1,LieTrotter,1,1,7.2,0.8417681352989723,0.44757508731927764,0.2687856443911131
LT_k1,LieTrotter,1,1,7.25,0.7885819835374634,0.6120395582877772,0.019897491144133972
LT_k1,LieTrotter,1,1,7.300000000000001,0.7577038889967812,0.752410903974951,0.22644609101483876
LT_k1,LieTrotter,1,1,7.3500000000000005,0.7616137994206245,0.8493289892669793,0.4166045891061822
LT_k1,LieTrotter,1,1,7.4,0.7980893956271703,0.8857145397630052,0.5067926054876811
LT_k1,LieTrotter,1,1,7.45,0.8525944670076264,0.8496297667211153,0.4779542836188939
LT_k1,LieTrotter,1,1,7.5,0.9074420772126474,0.7370184437494328,0.34145135203761284
LT_k1,LieTrotter,1,1,7.550000000000001,0.950202592427546,0.5536134001998629,0.1333290285290633
LT_k1,LieTrotter,1,1,7.6000000000000005,0.9768092668903058,0.3153635453989734,0.09972930907876676
LT_k1,LieTrotter,1,1,7.65,0.9899218477727028,0.04702120737607984,0.3161739024107464
LT_k1,LieTrotter,1,1,7.7,0.9949127248237608,0.22103418141708042,0.4904316646306026
LT_k1,LieTrotter,1,1,7.75,0.9959733728574671,0.45721129071665434,0.6151478453193692
LT_k1,LieTrotter,1,1,7.800000000000001,0.994821181379004,0.6335108065820289,0.695415237549766
LT_k1,LieTrotter,1,1,7.8500000000000005,0.992202796617338,0.7297591264936921,0.7390294001558532
LT_k1,LieTrotter,1,1,7.9,0.9891529925358463,0.7364458924237895,0.7480687144909814
LT_k1,LieTrotter,1,1,7.95,0.9857270717653344,0.6556709589490232,0.7159519505183439
LT_k1,LieTrotter,1,1,8.0,0.9789431485508435,0.500142705786156,0.6313306551657019
LT_k1,LieTrotter,1,1,8.05,0.9629202644969866,0.290592740735895,0.48695600837367475
LT_k1,LieTrotter,1,1,8.1,0.9317308262295196,0.052270546275169916,0.28924227710500705
LT_k1,LieTrotter,1,1,8.15,0.883646394974133,0.18871805884150006,0.06354511684374636
LT_k1,LieTrotter,1,1,8.200000000000001,0.8250026535040308,0.40857376981944854,0.14842125472564738
LT_k1,LieTrotter,1,1,8.25,0.7707988151406258,0.5880740656658616,0.2994066260316324
LT_k1,LieTrotter,1,1,8.3,0.7394835839095091,0.7138646324778115,0.3522054746816411
LT_k1,LieTrotter,1,1,8.35,0.7437555624378855,0.7789287952327972,0.293698059350891
LT_k1,LieTrotter,1,1,8.4,0.7834905271715061,0.7824987436108695,0.14088046661121245
LT_k1,LieTrotter,1,1,8.450000000000001,0.8455995524017104,0.7296365929572171,0.06455423675032856
LT_k1,LieTrotter,1,1,8.5,0.9104935851727199,0.6305876894303583,0.2713605453740404
LT_k1,LieTrotter,1,1,8.55,0.9611552583714285,0.49987366960556107,0.43707602411649776
LT_k1,LieTrotter,1,1,8.6,0.9899573436357543,0.35501944785978323,0.5412227814105305
LT_k1,LieTrotter,1,1,8.65,0.9996069013837237,0.2148324372771989,0.5875615633979102
LT_k1,LieTrotter,1,1,8.700000000000001,0.9983045816727355,0.09726901089977352,0.5953009516522174
LT_k1,LieTrotter,1,1,8.75,0.9935012964031482,0.017094482320265544,0.5849868821016088
LT_k1,LieTrotter,1,1,8.8,0.9889673089734953,0.016290098593107677,0.5673398141500424
LT_k1,LieTrotter,1,1,8.85,0.9857292227847632,0.0003845461732683575,0.5409806513500506
LT_k1,LieTrotter,1,1,8.9,0.9839562529263174,0.05994972411959716,0.49913934820776484
LT_k1,LieTrotter,1,1,8.950000000000001,0.9836110679613903,0.15336207236967153,0.4396857228431099
LT_k1,LieTrotter,1,1,9.0,0.9842323336679292,0.2641693705702308,0.37084400492087893
LT_k1,LieTrotter,1,1,9.05,0.9850021906137392,0.37540114405212877,0.3081114790743513
LT_k1,LieTrotter,1,1,9.1,0.9852585896252689,0.4720637548109349,0.26422082005170167
LT_k1,LieTrotter,1,1,9.15,0.9848385943466686,0.543857426453888,0.2392902868816135
LT_k1,LieTrotter,1,1,9.200000000000001,0.9838511458730625,0.5867052521802301,0.21889248541607584
LT_k1,LieTrotter,1,1,9.25,0.9821218128889512,0.6027677800681923,0.182920141073728
LT_k1,LieTrotter,1,1,9.3,0.9789963305354622,0.5990218859990172,0.12075803269499782
LT_k1,LieTrotter,1,1,9.35,0.9738921087513742,0.5848541146640444,0.04320829254609593
LT_k1,LieTrotter,1,1,9.4,0.9669506653679919,0.5693506135700747,0.01752175826795016
LT_k1,LieTrotter,1,1,9.450000000000001,0.9587813866713449,0.5590006003246192,0.021744911341680273
LT_k1,LieTrotter,1,1,9.5,0.9496708286742364,0.5563679056411924,0.05653336799205566
LT_k1,LieTrotter,1,1,9.55,0.9397838114274755,0.5599772353538486,0.21300826013151564
LT_k1,LieTrotter,1,1,9.600000000000001,0.9303180656177198,0.5652986300763143,0.411032301498137
LT_k1,LieTrotter,1,1,9.65,0.9233787753067444,0.5664043350923693,0.5961509266369204
LT_k1,LieTrotter,1,1,9.700000000000001,0.9195749196090968,0.5577161427138453,0.7197805286884531
LT_k1,LieTrotter,1,1,9.75,0.915672332845659,0.5353117037384526,0.7593908226317847
LT_k1,LieTrotter,1,1,9.8,0.9050110240460845,0.4974942549344018,0.7247599010795113
LT_k1,LieTrotter,1,1,9.850000000000001,0.8805606687096735,0.44465418406523993,0.6480885715927818
LT_k1,LieTrotter,1,1,9.9,0.8387294405877044,0.37872453180130083,0.5649230223582131
LT_k1,LieTrotter,1,1,9.950000000000001,0.7823790566735567,0.302638527874015,0.4974058279872746
LT_k1,LieTrotter,1,1,10.0,0.7215695772656434,0.2200962004083991,0.44881268043567535
LT_k1,LieTrotter,1,1,10.05,0.6706768372076011,0.13569757828966583,0.4105969921170815
LT_k1,LieTrotter,1,1,10.100000000000001,0.6427063952473624,0.05522899722919414,0.37534505779464095
LT_k1,LieTrotter,1,1,10.15,0.6442294653939218,0.014270959725027677,0.3460344302558219
LT_k1,LieTrotter,1,1,10.200000000000001,0.6739125626875329,0.06501177026260327,0.3353919644650638
LT_k1,LieTrotter,1,1,10.25,0.7245014105228458,0.08965734536162506,0.35639213059675867
LT_k1,LieTrotter,1,1,10.3,0.7859727908007033,0.0830769037322657,0.4110912192421353
LT_k1,LieTrotter,1,1,10.350000000000001,0.8481142825145828,0.04419984884755529,0.4860463663274073
LT_k1,LieTrotter,1,1,10.4,0.9023780047508521,0.022614930080823215,0.5579890906146548
LT_k1,LieTrotter,1,1,10.450000000000001,0.9433335568821468,0.10724075051561904,0.6063873061466143
LT_k1,LieTrotter,1,1,10.5,0.9693864945067507,0.19478188640880162,0.6247412860941314
LT_k1,LieTrotter,1,1,10.55,0.9821975505829857,0.26784271458252584,0.6230562512944271
LT_k1,LieTrotter,1,1,10.600000000000001,0.9850844870960568,0.30960721407695874,0.619507430563946
LT_k1,LieTrotter,1,1,10.65,0.9814686412368328,0.3069879082673772,0.6262623197077352
LT_k1,LieTrotter,1,1,10.700000000000001,0.9741255176279747,0.2530432107862533,0.6383352115050468
LT_k1,LieTrotter,1,1,10.75,0.9651223931324966,0.14805978188229624,0.6327931942768283
LT_k1,LieTrotter,1,1,10.8,0.9558654618270448,0.0009065489840111851,0.5796089484370437
LT_k1,LieTrotter,1,1,10.850000000000001,0.9469416439415156,0.18178005945753667,0.4586375305305193
LT_k1,LieTrotter,1,1,10.9,0.9381080278614198,0.37989993836841623,0.27358535350213564
LT_k1,LieTrotter,1,1,10.950000000000001,0.9291294535181919,0.5804097500420086,0.055378511111396855
LT_k1,LieTrotter,1,1,11.0,0.9214820578868999,0.7700030490091699,0.1470863624382704
LT_k1,LieTrotter,1,1,11.05,0.919451800571118,0.9377493891534989,0.28448052589735884
LT_k1,LieTrotter,1,1,11.100000000000001,0.9283670098702929,1.0751047851509208,0.32480503522041265
LT_k1,LieTrotter,1,1,11.15,0.9495123608005445,1.1755049904459507,0.2637968389169789
LT_k1,LieTrotter,1,1,11.200000000000001,0.9755622114875608,1.2340481732961899,0.12434355104164618
LT_k1,LieTrotter,1,1,11.25,0.9926334454565963,1.2476661692095086,0.05369062023583937
LT_k1,LieTrotter,1,1,11.3,0.989973086388929,1.215905485767951,0.22814781963987124
LT_k1,LieTrotter,1,1,11.350000000000001,0.9691162395229064,1.1420934061165116,0.36768848160287787
LT_k1,LieTrotter,1,1,11.4,0.9428971039670472,1.0343804515531172,0.45877606485873434
LT_k1,LieTrotter,1,1,11.450000000000001,0.9251636060020025,0.9060443216278671,0.5049030121961628
LT_k1,LieTrotter,1,1,11.5,0.9218366523789406,0.7745734043820471,0.5194517001058438
LT_k1,LieTrotter,1,1,11.55,0.9305496178046448,0.659396916838132,0.5157616921949186
LT_k1,LieTrotter,1,1,11.600000000000001,0.9455914458597209,0.5785852854185515,0.4988005433864129
LT_k1,LieTrotter,1,1,11.65,0.9615769010259625,0.545249250752806,0.4621273426051536
LT_k1,LieTrotter,1,1,11.700000000000001,0.974276384174651,0.5645688709250448,0.3917099947057779
LT_k1,LieTrotter,1,1,11.75,0.9806173989620981,0.6323014998045347,0.27516903849868196
LT_k1,LieTrotter,1,1,11.8,0.978777649802181,0.7352677050281644,0.11226873394091652
LT_k1,LieTrotter,1,1,11.850000000000001,0.9681741958366247,0.8538028593446193,0.07868714030429891
LT_k1,LieTrotter,1,1,11.9,0.9495685411240692,0.9656447182858587,0.2625512013743815
LT_k1,LieTrotter,1,1,11.950000000000001,0.9252613437664382,1.0503534365947416,0.39749811884738817
LT_k1,LieTrotter,1,1,12.0,0.8988993059896511,1.093231552083936,0.44973778184442403
LT_k1,LieTrotter,1,1,12.05,0.8751570802761984,1.0878574549345092,0.40615350352490565
LT_k1,LieTrotter,1,1,12.100000000000001,0.8597638341364202,1.0367218708195702,0.278840507165679
LT_k1,LieTrotter,1,1,12.15,0.858872384359187,0.9499554476258937,0.0993908593867926
LT_k1,LieTrotter,1,1,12.200000000000001,0.8763062032578501,0.8426133332596101,0.09403947900870346
LT_k1,LieTrotter,1,1,12.25,0.9096566926287443,0.7313006621843505,0.27022412888087
LT_k1,LieTrotter,1,1,12.3,0.9489022000167776,0.6309923093857209,0.4123346269500934
LT_k1,LieTrotter,1,1,12.350000000000001,0.9804344412677757,0.5527169567331939,0.5165735573380617
LT_k1,LieTrotter,1,1,12.4,0.9947397927082288,0.5024239151727048,0.5844253522919277
LT_k1,LieTrotter,1,1,12.450000000000001,0.9914443196940401,0.4809704520581972,0.6145692800307758
LT_k1,LieTrotter,1,1,12.5,0.9766341038727311,0.48489281747696666,0.6002520277697826
LT_k1,LieTrotter,1,1,12.55,0.955055188587224,0.5075320739196818,0.5340255501006923
LT_k1,LieTrotter,1,1,12.600000000000001,0.9258932327238011,0.5401695299591025,0.4166859158956079
LT_k1,LieTrotter,1,1,12.65,0.8869557472030978,0.5730119784900369,0.26420873443314885
LT_k1,LieTrotter,1,1,12.700000000000001,0.8420827886865683,0.5960544141914874,0.10739567220072088
LT_k1,LieTrotter,1,1,12.75,0.8028739131251055,0.5999556884255285,0.016746235639586105
LT_k1,LieTrotter,1,1,12.8,0.7825023301740768,0.5770527133247416,0.07787817301512523
LT_k1,LieTrotter,1,1,12.850000000000001,0.7876009023660931,0.5225219237839422,0.06287141943274982
LT_k1,LieTrotter,1,1,12.9,0.8150249300752171,0.4355228039851219,0.02117640844854002
LT_k1,LieTrotter,1,1,12.950000000000001,0.8548989856244995,0.32000192268477684,0.15226989776133254
LT_k1,LieTrotter,1,1,13.0,0.8963879410553809,0.184776128702767,0.30345835905935337
LT_k1,LieTrotter,1,1,13.05,0.9318379384659781,0.04260679034955728,0.45172738140549
LT_k1,LieTrotter,1,1,13.100000000000001,0.957554578470833,0.09177267226796249,0.5818368496567702
LT_k1,LieTrotter,1,1,13.15,0.9726537087552731,0.20437199458436617,0.6849717501127286
LT_k1,LieTrotter,1,1,13.200000000000001,0.978293906807685,0.2847885183427298,0.7554058959735767
LT_k1,LieTrotter,1,1,13.25,0.977716715731755,0.3284249944071281,0.7889754939471088
LT_k1,LieTrotter,1,1,13.3,0.9756488535335033,0.3374329484507119,0.7848354725047854
LT_k1,LieTrotter,1,1,13.350000000000001,0.9763052597266354,0.3200776724713359,0.748628191905143
LT_k1,LieTrotter,1,1,13.4,0.9811725917443426,0.28868585256185153,0.6934374078019684
LT_k1,LieTrotter,1,1,13.450000000000001,0.988139750540332,0.2567553628813334,0.636165443027772
LT_k1,LieTrotter,1,1,13.5,0.9925130143653854,0.2360304136148781,0.5904561616700373
LT_k1,LieTrotter,1,1,13.55,0.9897290101228927,0.23430461072586453,0.5604542793692093
LT_k1,LieTrotter,1,1,13.600000000000001,0.9787014093585338,0.2544397705697093,0.5400363027120182
LT_k1,LieTrotter,1,1,13.65,0.9632089601959524,0.294687386105684,0.5190227512927622
LT_k1,LieTrotter,1,1,13.700000000000001,0.9492814639682916,0.35001110389821855,0.49311146938401745
LT_k1,LieTrotter,1,1,13.75,0.9405829168270546,0.4138537441187368,0.4710661245007249
LT_k1,LieTrotter,1,1,13.8,0.9365880929717001,0.4797412759014316,0.47351077025266664
LT_k1,LieTrotter,1,1,13.850000000000001,0.9352487762785815,0.5422715434105116,0.5224642685056703
LT_k1,LieTrotter,1,1,13.9,0.9364842269212703,0.597333899444441,0.6267528526269251
LT_k1,LieTrotter,1,1,13.950000000000001,0.9423156682350122,0.6417351099692062,0.7718554028148632
LT_k1,LieTrotter,1,1,14.0,0.9539338105501431,0.6726412231782435,0.9211196417582739
LT_k1,LieTrotter,1,1,14.05,0.9693059575886651,0.6872914965821679,1.0292313802458088
LT_k1,LieTrotter,1,1,14.100000000000001,0.9837595177262872,0.6832792967389374,1.0617428430930829
LT_k1,LieTrotter,1,1,14.15,0.9927793216242403,0.6593937030014693,1.0105921641637479
LT_k1,LieTrotter,1,1,14.200000000000001,0.9945537580422243,0.6167039735102308,0.897305740900386
LT_k1,LieTrotter,1,1,14.25,0.9905130201472583,0.559382889040697,0.7620793402620909
LT_k1,LieTrotter,1,1,14.3,0.9839744280378223,0.4947866123308706,0.6444795558537086
LT_k1,LieTrotter,1,1,14.350000000000001,0.9783039599502588,0.43253323948204647,0.5658045171716474
LT_k1,LieTrotter,1,1,14.4,0.9757927954806453,0.38266474455908916,0.5218681035360895
LT_k1,LieTrotter,1,1,14.450000000000001,0.9773271032044516,0.35331242595881845,0.4890708095040697
LT_k1,LieTrotter,1,1,14.5,0.9823215261181236,0.3484985851732508,0.4396040487721605
LT_k1,LieTrotter,1,1,14.55,0.9888152031046946,0.3667278248260711,0.3573891454903209
LT_k1,LieTrotter,1,1,14.600000000000001,0.9941057297383388,0.400842315379273,0.2468759395137833
LT_k1,LieTrotter,1,1,14.65,0.9958762187182675,0.4392864980473622,0.13127157392148275
LT_k1,LieTrotter,1,1,14.700000000000001,0.9930750423081274,0.46854007413072923,0.0422605360837891
LT_k1,LieTrotter,1,1,14.75,0.9860200453772209,0.47614529979796977,0.006821025944953207
LT_k1,LieTrotter,1,1,14.8,0.9760827343793679,0.45357688222087833,0.03695159660269143
LT_k1,LieTrotter,1,1,14.850000000000001,0.9655414062213834,0.3982388491173351,0.12569497321532375
LT_k1,LieTrotter,1,1,14.9,0.9574159697405797,0.3141145685546262,0.2497022334816535
LT_k1,LieTrotter,1,1,14.950000000000001,0.9545389252807571,0.21096676108276202,0.37641575571633146
LT_k1,LieTrotter,1,1,15.0,0.9580092815899055,0.10236423357108926,0.47327101742656996
ST2_k1,SuzukiTrotter,2,1,0.0,0.0,0.0,0.0
ST2_k1,SuzukiTrotter,2,1,0.05,1.2749363536013192e-06,7.779295296694855e-05,0.00017730886820421787
ST2_k1,SuzukiTrotter,2,1,0.1,8.063659158885628e-05,0.001148671685417657,0.002686850311721445
ST2_k1,SuzukiTrotter,2,1,0.15000000000000002,0.0008974936095679231,0.005075089057110849,0.012437672639160624
ST2_k1,SuzukiTrotter,2,1,0.2,0.004849299690252606,0.013186668364995824,0.03476337215384917
ST2_k1,SuzukiTrotter,2,1,0.25,0.017405053516983626,0.024771640906081915,0.0727831621953845
ST2_k1,SuzukiTrotter,2,1,0.30000000000000004,0.047526989293681265,0.03659833379190891,0.12596229023192101
ST2_k1,SuzukiTrotter,2,1,0.35000000000000003,0.10580664070148915,0.04390537041795228,0.1904287330095904
ST2_k1,SuzukiTrotter,2,1,0.4,0.1997948675118324,0.04247873678225393,0.26059092260912825
ST2_k1,SuzukiTrotter,2,1,0.45,0.3284305236402174,0.030783667260446484,0.33098184057256314
ST2_k1,SuzukiTrotter,2,1,0.5,0.4797731313492223,0.011006081428908021,0.39736075455288494
ST2_k1,SuzukiTrotter,2,1,0.55,0.6349198427176024,0.0116365554836598,0.4567760049441216
ST2_k1,SuzukiTrotter,2,1,0.6000000000000001,0.7754420607849372,0.031086195520988083,0.5070221951517553
ST2_k1,SuzukiTrotter,2,1,0.65,0.8877351655648612,0.0431324796300694,0.5462204837598692
ST2_k1,SuzukiTrotter,2,1,0.7000000000000001,0.961409808650168,0.04732256983649029,0.5729639779073175
ST2_k1,SuzukiTrotter,2,1,0.75,0.986630160046216,0.04719138859282494,0.5868716455065682
ST2_k1,SuzukiTrotter,2,1,0.8,0.956782411452592,0.048727651026857444,0.5889547066401914
ST2_k1,SuzukiTrotter,2,1,0.8500000000000001,0.8757205272528936,0.057817365174886254,0.5812509292117575
ST2_k1,SuzukiTrotter,2,1,0.9,0.7626044114022461,0.07782291193327039,0.5656933235227382
ST2_k1,SuzukiTrotter,2,1,0.9500000000000001,0.6493188775104849,0.10828150272689578,0.5427927028553606
ST2_k1,SuzukiTrotter,2,1,1.0,0.5712999962505636,0.14508342923830533,0.5109995245438833
ST2_k1,SuzukiTrotter,2,1,1.05,0.5553804246298191,0.18178277346557214,0.46735681899276527
ST2_k1,SuzukiTrotter,2,1,1.1,0.6086500267209277,0.21127249423771668,0.40939472779149144
ST2_k1,SuzukiTrotter,2,1,1.1500000000000001,0.7135580797710142,0.22709719559300662,0.3375241366486865
ST2_k1,SuzukiTrotter,2,1,1.2000000000000002,0.8341601570745242,0.22408386232959812,0.25684087179707293
ST2_k1,SuzukiTrotter,2,1,1.25,0.932636883434381,0.19845877818861396,0.17741972325383146
ST2_k1,SuzukiTrotter,2,1,1.3,0.9871538352224442,0.14789531453640778,0.11275191513036731
ST2_k1,SuzukiTrotter,2,1,1.35,0.9998054339674766,0.07186738913500135,0.07667917869067786
ST2_k1,SuzukiTrotter,2,1,1.4000000000000001,0.9900036735893379,0.027651673669573856,0.07971580739427675
ST2_k1,SuzukiTrotter,2,1,1.4500000000000002,0.9791287548590476,0.1454773829434935,0.12586031932825942
ST2_k1,SuzukiTrotter,2,1,1.5,0.9780876064022941,0.27300030018719906,0.21086054326354853
ST2_k1,SuzukiTrotter,2,1,1.55,0.9856002933532518,0.3988614291624854,0.3224905092286088
ST2_k1,SuzukiTrotter,2,1,1.6,0.9946954402618359,0.5105585137293268,0.4428486284747575
ST2_k1,SuzukiTrotter,2,1,1.6500000000000001,0.9983759781248962,0.5966328130082105,0.5521336574051425
ST2_k1,SuzukiTrotter,2,1,1.7000000000000002,0.9900439293795767,0.6488445498309658,0.6329425047722989
ST2_k1,SuzukiTrotter,2,1,1.75,0.9639127886609832,0.6637517686791891,0.6739876660508071
ST2_k1,SuzukiTrotter,2,1,1.8,0.9213461772211028,0.6433244127472677,0.672308807389048
ST2_k1,SuzukiTrotter,2,1,1.85,0.8779968219282894,0.5945216672243981,0.633496627358962
ST2_k1,SuzukiTrotter,2,1,1.9000000000000001,0.8589563634380495,0.5279983290974658,0.5699962811616008
ST2_k1,SuzukiTrotter,2,1,1.9500000000000002,0.8794373004897053,0.4562198821992334,0.4980201256283121
ST2_k1,SuzukiTrotter,2,1,2.0,0.9280569642845085,0.39128576526000913,0.4338509569614041
ST2_k1,SuzukiTrotter,2,1,2.0500000000000003,0.9727925859212345,0.3427665755784627,0.39035282983686403
ST2_k1,SuzukiTrotter,2,1,2.1,0.9871365362346836,0.3159073494435579,0.374406649663168
ST2_k1,SuzukiTrotter,2,1,2.15,0.9709122327875209,0.31060737236782004,0.38582183803634984
ST2_k1,SuzukiTrotter,2,1,2.2,0.9458381682497328,0.3215577197343634,0.4180346510083177
ST2_k1,SuzukiTrotter,2,1,2.25,0.9335461370877038,0.3397056318198556,0.4605260878423555
ST2_k1,SuzukiTrotter,2,1,2.3000000000000003,0.9392355288391394,0.3548201751095086,0.5023715804620051
ST2_k1,SuzukiTrotter,2,1,2.35,0.9525216319523744,0.358492200442914,0.5358196133811917
ST2_k1,SuzukiTrotter,2,1,2.4000000000000004,0.9585882926197813,0.34663312828477294,0.5585720907761498
ST2_k1,SuzukiTrotter,2,1,2.45,0.9489054248093838,0.3206220850613332,0.5737624263482597
ST2_k1,SuzukiTrotter,2,1,2.5,0.92688804233462,0.28670878626616964,0.5875110999703453
ST2_k1,SuzukiTrotter,2,1,2.5500000000000003,0.9064610559092933,0.25393008056950134,0.6050491380566915
ST2_k1,SuzukiTrotter,2,1,2.6,0.9023604145551785,0.23134178288938656,0.6271789729281453
ST2_k1,SuzukiTrotter,2,1,2.6500000000000004,0.9176787379652144,0.2255458405181072,0.6488151019465168
ST2_k1,SuzukiTrotter,2,1,2.7,0.9400681458024555,0.23923470164657284,0.6604363289595473
ST2_k1,SuzukiTrotter,2,1,2.75,0.9514534862012762,0.27093798143299247,0.6519058447906938
ST2_k1,SuzukiTrotter,2,1,2.8000000000000003,0.9421728302962499,0.3156378808688286,0.6169828418135836
ST2_k1,SuzukiTrotter,2,1,2.85,0.9161869042347096,0.36568451020601384,0.5565515108203286
ST2_k1,SuzukiTrotter,2,1,2.9000000000000004,0.8843112534342459,0.4115757514740132,0.47925464247851873
ST2_k1,SuzukiTrotter,2,1,2.95,0.8546479584050468,0.44253538252492186,0.3994298253529434
ST2_k1,SuzukiTrotter,2,1,3.0,0.8304066256308764,0.4471661579602666,0.333327143604067
ST2_k1,SuzukiTrotter,2,1,3.0500000000000003,0.8151561452948707,0.41454244054488554,0.2950133770773183
ST2_k1,SuzukiTrotter,2,1,3.1,0.8159292739558782,0.33587869761959066,0.293071004791949
ST2_k1,SuzukiTrotter,2,1,3.1500000000000004,0.8373551455071624,0.2065037282984103,0.3285559995175361
ST2_k1,SuzukiTrotter,2,1,3.2,0.8730015183178034,0.027536591447123004,0.3941981581710093
ST2_k1,SuzukiTrotter,2,1,3.25,0.9064270437482145,0.19338750833707846,0.47478438191678757
ST2_k1,SuzukiTrotter,2,1,3.3000000000000003,0.9236440438676518,0.4427035807506821,0.5489149684044082
ST2_k1,SuzukiTrotter,2,1,3.35,0.9239643879180218,0.702692797442075,0.5924448233023957
ST2_k1,SuzukiTrotter,2,1,3.4000000000000004,0.9176513121861695,0.9538998184356461,0.5835675376485128
ST2_k1,SuzukiTrotter,2,1,3.45,0.9145230050812867,1.1774993073489926,0.5086973522290117
ST2_k1,SuzukiTrotter,2,1,3.5,0.916717697446443,1.3571186757051226,0.36748602242302303
ST2_k1,SuzukiTrotter,2,1,3.5500000000000003,0.9212337378453783,1.4800295140570643,0.17505157147561012
ST2_k1,SuzukiTrotter,2,1,3.6,0.9260773968199318,1.5379731660754046,0.039880403040148726
ST2_k1,SuzukiTrotter,2,1,3.6500000000000004,0.9324043064714027,1.5279591391106826,0.24087781531587427
ST2_k1,SuzukiTrotter,2,1,3.7,0.9420554714865982,1.4531153330978184,0.39222054511641713
ST2_k1,SuzukiTrotter,2,1,3.75,0.9546524742557002,1.3232437445470695,0.46737475105942056
ST2_k1,SuzukiTrotter,2,1,3.8000000000000003,0.9671240225257157,1.1544454802522683,0.45506736982741913
ST2_k1,SuzukiTrotter,2,1,3.85,0.9753718233902602,0.9672802049286249,0.3613838542937798
ST2_k1,SuzukiTrotter,2,1,3.9000000000000004,0.9766230739963879,0.7834572697295016,0.20761872587529173
ST2_k1,SuzukiTrotter,2,1,3.95,0.9716936265027243,0.6217875970962286,0.024803068972866216
ST2_k1,SuzukiTrotter,2,1,4.0,0.9662561655899491,0.49466137672506716,0.1534464801738678
ST2_k1,SuzukiTrotter,2,1,4.05,0.9684478459765453,0.40631525112995726,0.2979454025764896
ST2_k1,SuzukiTrotter,2,1,4.1000000000000005,0.9813756043125696,0.35353430667082,0.38927592590928484
ST2_k1,SuzukiTrotter,2,1,4.15,0.9964705385367979,0.328452350732094,0.4204118084406569
ST2_k1,SuzukiTrotter,2,1,4.2,0.9978878158445106,0.3222383804199449,0.3962750478952199
ST2_k1,SuzukiTrotter,2,1,4.25,0.9776249168918139,0.3281270810212602,0.33060202102782466
ST2_k1,SuzukiTrotter,2,1,4.3,0.9455467230681119,0.342636530302197,0.2411791349605915
ST2_k1,SuzukiTrotter,2,1,4.3500000000000005,0.9214653263528201,0.3647228516820632,0.14494173432357604
ST2_k1,SuzukiTrotter,2,1,4.4,0.917529019743663,0.39359462331938966,0.05441486839918064
ST2_k1,SuzukiTrotter,2,1,4.45,0.9301837117936376,0.4264763452121359,0.023556534513151317
ST2_k1,SuzukiTrotter,2,1,4.5,0.9476375783576896,0.45752321119416406,0.08672743315072806
ST2_k1,SuzukiTrotter,2,1,4.55,0.9612422605809855,0.4784417505542166,0.13485410849027224
ST2_k1,SuzukiTrotter,2,1,4.6000000000000005,0.9693260088655722,0.4805244584981961,0.16693040796348935
ST2_k1,SuzukiTrotter,2,1,4.65,0.973874423665608,0.4571864065389978,0.1795531245203718
ST2_k1,SuzukiTrotter,2,1,4.7,0.9764573253504428,0.4059651647599579,0.16713110519952135
ST2_k1,SuzukiTrotter,2,1,4.75,0.97681133168338,0.32930289602393537,0.12383195166188382
ST2_k1,SuzukiTrotter,2,1,4.800000000000001,0.9738094915564156,0.23402275793264524,0.046444043124621026
ST2_k1,SuzukiTrotter,2,1,4.8500000000000005,0.9677213310277116,0.12991175605225633,0.0630271651259065
ST2_k1,SuzukiTrotter,2,1,4.9,0.9620469328016585,0.028003288825040287,0.19612748587898554
ST2_k1,SuzukiTrotter,2,1,4.95,0.9623167277440149,0.06099940096640716,0.3387296653975184
ST2_k1,SuzukiTrotter,2,1,5.0,0.9709846464754114,0.12802580742715547,0.47378323145953727
ST2_k1,SuzukiTrotter,2,1,5.050000000000001,0.982266087638208,0.16675713092171038,0.5853043306750858
ST2_k1,SuzukiTrotter,2,1,5.1000000000000005,0.9834724623542962,0.1746409491280721,0.6623582756662316
ST2_k1,SuzukiTrotter,2,1,5.15,0.9647684973282455,0.15366758080046883,0.7016648589843175
ST2_k1,SuzukiTrotter,2,1,5.2,0.9297975115632349,0.11054636546375662,0.7078429775000077
ST2_k1,SuzukiTrotter,2,1,5.25,0.8957833223801615,0.05589486118001191,0.6911444708726947
ST2_k1,SuzukiTrotter,2,1,5.300000000000001,0.880450053513031,0.0023281937190992585,0.6635184277829467
ST2_k1,SuzukiTrotter,2,1,5.3500000000000005,0.8869986811112913,0.03819199800647305,0.6345620110583882
ST2_k1,SuzukiTrotter,2,1,5.4,0.901848850442308,0.05697329407294782,0.6089776729133125
ST2_k1,SuzukiTrotter,2,1,5.45,0.9075373589171863,0.050295229883891956,0.5864811857684833
ST2_k1,SuzukiTrotter,2,1,5.5,0.8978453704836927,0.01963453561678835,0.563983359994175
ST2_k1,SuzukiTrotter,2,1,5.550000000000001,0.8807428898482456,0.029554968579575402,0.5388498717753643
ST2_k1,SuzukiTrotter,2,1,5.6000000000000005,0.868198825831056,0.08989568606017526,0.511637559006374
ST2_k1,SuzukiTrotter,2,1,5.65,0.8647236847457247,0.1540969575592186,0.4870890070153514
ST2_k1,SuzukiTrotter,2,1,5.7,0.8654473182023312,0.21622547571353354,0.47308524880524666
ST2_k1,SuzukiTrotter,2,1,5.75,0.863320902959433,0.2720363477369354,0.478184993581646
ST2_k1,SuzukiTrotter,2,1,5.800000000000001,0.8570965206672279,0.31869012453537654,0.5088484934111478
ST2_k1,SuzukiTrotter,2,1,5.8500000000000005,0.853344311698498,0.35443689378361865,0.5673116792681895
ST2_k1,SuzukiTrotter,2,1,5.9,0.8619314171522106,0.3787112899156808,0.6505685205510414
ST2_k1,SuzukiTrotter,2,1,5.95,0.8885393747779812,0.3926619513721779,0.7504332747690897
ST2_k1,SuzukiTrotter,2,1,6.0,0.9288600995389227,0.39970571299943597,0.8544630342274558
ST2_k1,SuzukiTrotter,2,1,6.050000000000001,0.9686521972080514,0.40551824205603,0.9476026361525305
ST2_k1,SuzukiTrotter,2,1,6.1000000000000005,0.9913616229112944,0.41706156707232456,1.014515021599036
ST2_k1,SuzukiTrotter,2,1,6.15,0.9894899680474802,0.4407069590168232,1.0424360928669225
ST2_k1,SuzukiTrotter,2,1,6.2,0.9708047453974318,0.4799950179600501,1.0240343273880703
ST2_k1,SuzukiTrotter,2,1,6.25,0.9527639008162769,0.5338334095488155,0.9594195303116059
ST2_k1,SuzukiTrotter,2,1,6.300000000000001,0.9490286273167192,0.5958413338987399,0.8564665045416313
ST2_k1,SuzukiTrotter,2,1,6.3500000000000005,0.960250913959908,0.6551619140001397,0.729136284848324
ST2_k1,SuzukiTrotter,2,1,6.4,0.9769176522780042,0.6985670271896389,0.5942856791277977
ST2_k1,SuzukiTrotter,2,1,6.45,0.9894100506749546,0.7132881262982964,0.4681091969353351
ST2_k1,SuzukiTrotter,2,1,6.5,0.9946309090570077,0.6898551307659837,0.363456118656862
ST2_k1,SuzukiTrotter,2,1,6.550000000000001,0.9950122015892391,0.6243160070046301,0.2887308762339978
ST2_k1,SuzukiTrotter,2,1,6.6000000000000005,0.9941814636439835,0.51943933259919,0.24822641766264944
ST2_k1,SuzukiTrotter,2,1,6.65,0.994249298872335,0.3847417480153071,0.24306240390666883
ST2_k1,SuzukiTrotter,2,1,6.7,0.9954444769864307,0.23535672135413555,0.2717817197778025
ST2_k1,SuzukiTrotter,2,1,6.75,0.9967825633501016,0.08988208872698623,0.33012150002992485
ST2_k1,SuzukiTrotter,2,1,6.800000000000001,0.9969103589408133,0.0325244813128016,0.41019199365366377
ST2_k1,SuzukiTrotter,2,1,6.8500000000000005,0.9943570428629654,0.11534962415534857,0.499822547258255
ST2_k1,SuzukiTrotter,2,1,6.9,0.9869822571175344,0.1475848990652443,0.5828867129704496
ST2_k1,SuzukiTrotter,2,1,6.95,0.9722165722984107,0.12553008985198538,0.6410246468448897
ST2_k1,SuzukiTrotter,2,1,7.0,0.9493194359759257,0.05300706744406307,0.6566056447204817
ST2_k1,SuzukiTrotter,2,1,7.050000000000001,0.9213147148432297,0.060086214089615814,0.6163128631778703
ST2_k1,SuzukiTrotter,2,1,7.1000000000000005,0.8933640803715444,0.20035362177856594,0.5145321774445466
ST2_k1,SuzukiTrotter,2,1,7.15,0.8691718002072144,0.35362428993405876,0.3557517025089014
ST2_k1,SuzukiTrotter,2,1,7.2,0.8502359680289984,0.5067872393447812,0.15531881064412112
ST2_k1,SuzukiTrotter,2,1,7.25,0.8380364388172057,0.6481600602409873,0.06188972139284821
ST2_k1,SuzukiTrotter,2,1,7.300000000000001,0.8339730059991426,0.7666036914575899,0.265001062838991
ST2_k1,SuzukiTrotter,2,1,7.3500000000000005,0.8361129092106483,0.8503307453283603,0.4224965853832496
ST2_k1,SuzukiTrotter,2,1,7.4,0.8393866438172544,0.8866304596214909,0.5083826424908003
ST2_k1,SuzukiTrotter,2,1,7.45,0.8423527868225599,0.8633501406362956,0.5077052246635724
ST2_k1,SuzukiTrotter,2,1,7.5,0.8519873286631596,0.7720702032848306,0.41987435461830575
ST2_k1,SuzukiTrotter,2,1,7.550000000000001,0.8772628628688943,0.6119164386966602,0.2587807379673676
ST2_k1,SuzukiTrotter,2,1,7.6000000000000005,0.9169748679437781,0.3923754281466024,0.04964480436145707
ST2_k1,SuzukiTrotter,2,1,7.65,0.9568444143802403,0.13363834101027672,0.17644938575452573
ST2_k1,SuzukiTrotter,2,1,7.7,0.9804527075024637,0.13614007042445542,0.3887526515232908
ST2_k1,SuzukiTrotter,2,1,7.75,0.9820396086796945,0.38609397479589264,0.562192349444748
ST2_k1,SuzukiTrotter,2,1,7.800000000000001,0.9684514974474093,0.5888572698711785,0.6808047870438529
ST2_k1,SuzukiTrotter,2,1,7.8500000000000005,0.9511340341629843,0.725831158383915,0.738957375929341
ST2_k1,SuzukiTrotter,2,1,7.9,0.9381222214752769,0.7900114118874865,0.7406632642294946
ST2_k1,SuzukiTrotter,2,1,7.95,0.9320866694097866,0.7858150026594024,0.6975591435337605
ST2_k1,SuzukiTrotter,2,1,8.0,0.9326297304726838,0.7263816157262504,0.6261001389474514
ST2_k1,SuzukiTrotter,2,1,8.05,0.9386632089368776,0.6295338342034087,0.544414474187863
ST2_k1,SuzukiTrotter,2,1,8.1,0.949149180488411,0.5137345837723424,0.4692131488376243
ST2_k1,SuzukiTrotter,2,1,8.15,0.9627746149303614,0.3950323809725408,0.4131822238992874
ST2_k1,SuzukiTrotter,2,1,8.200000000000001,0.9774813220138566,0.28539370931863234,0.38329326697567767
ST2_k1,SuzukiTrotter,2,1,8.25,0.9903316415898338,0.19229481165897325,0.3803426535138287
ST2_k1,SuzukiTrotter,2,1,8.3,0.9979574363147122,0.11917638989651953,0.39976478888201283
ST2_k1,SuzukiTrotter,2,1,8.35,0.9978036008695028,0.06636008040722935,0.4334594922617111
ST2_k1,SuzukiTrotter,2,1,8.4,0.9900502937301731,0.0321461299258223,0.47215744525515374
ST2_k1,SuzukiTrotter,2,1,8.450000000000001,0.9790392309489107,0.013896609445316788,0.5077778245320901
ST2_k1,SuzukiTrotter,2,1,8.5,0.9718409306685447,0.008894304559174893,0.5352740537625155
ST2_k1,SuzukiTrotter,2,1,8.55,0.9727055542620127,0.014725086816745156,0.5535528612286633
ST2_k1,SuzukiTrotter,2,1,8.6,0.9770180732750372,0.028998320858901916,0.5651793900659737
ST2_k1,SuzukiTrotter,2,1,8.65,0.9723690914741298,0.048473759575332426,0.5748089985193969
ST2_k1,SuzukiTrotter,2,1,8.700000000000001,0.9493525753907819,0.06803081425634279,0.5866671719712631
ST2_k1,SuzukiTrotter,2,1,8.75,0.9125969635253816,0.08018514553115103,0.6018631760134355
ST2_k1,SuzukiTrotter,2,1,8.8,0.8789475000316723,0.07580165680358092,0.61664526123694
ST2_k1,SuzukiTrotter,2,1,8.85,0.8632149666373979,0.04619209349321861,0.6226112699778386
ST2_k1,SuzukiTrotter,2,1,8.9,0.8666625079144264,0.013922573069707567,0.6092543518671942
ST2_k1,SuzukiTrotter,2,1,8.950000000000001,0.8791993395133348,0.10371397466316373,0.5682253674413952
ST2_k1,SuzukiTrotter,2,1,9.0,0.8896141178910566,0.21509470927164231,0.4977790883652963
ST2_k1,SuzukiTrotter,2,1,9.05,0.8924413759743439,0.3339324569594375,0.4055357284319018
ST2_k1,SuzukiTrotter,2,1,9.1,0.8889799103364152,0.44351997946753485,0.308182195342278
ST2_k1,SuzukiTrotter,2,1,9.15,0.8860021555673546,0.5292050962454007,0.22788948118541408
ST2_k1,SuzukiTrotter,2,1,9.200000000000001,0.8922504815600739,0.5825111830210054,0.18651555997231611
ST2_k1,SuzukiTrotter,2,1,9.25,0.911917913000602,0.6032088494802397,0.19950824632851835
ST2_k1,SuzukiTrotter,2,1,9.3,0.9402109689249044,0.5985952834651433,0.2714753069336481
ST2_k1,SuzukiTrotter,2,1,9.35,0.9668990080425363,0.5803483182556746,0.3947076925613097
ST2_k1,SuzukiTrotter,2,1,9.4,0.9846911678678741,0.5602549332796805,0.5509036521118214
ST2_k1,SuzukiTrotter,2,1,9.450000000000001,0.993018179575838,0.5464697504851792,0.7153974640471948
ST2_k1,SuzukiTrotter,2,1,9.5,0.9939034566528019,0.541613988334438,0.8626349288384103
ST2_k1,SuzukiTrotter,2,1,9.55,0.9864956539233402,0.543172311368193,0.9715030522644222
ST2_k1,SuzukiTrotter,2,1,9.600000000000001,0.9674383114528735,0.5456870032837974,1.0293018460789023
ST2_k1,SuzukiTrotter,2,1,9.65,0.9362368111311045,0.5436024582357974,1.0335229175444183
ST2_k1,SuzukiTrotter,2,1,9.700000000000001,0.8991397515072644,0.5335207209726788,0.9911215213848272
ST2_k1,SuzukiTrotter,2,1,9.75,0.8674673413256802,0.5150665248015828,0.9156042599973869
ST2_k1,SuzukiTrotter,2,1,9.8,0.8521036881892384,0.49027435783796336,0.8228883024000394
ST2_k1,SuzukiTrotter,2,1,9.850000000000001,0.8583747511016049,0.46205653492979415,0.7272888513325004
ST2_k1,SuzukiTrotter,2,1,9.9,0.8838848040982623,0.4326216179506487,0.638918701676013
ST2_k1,SuzukiTrotter,2,1,9.950000000000001,0.9195433135421583,0.4026046300169561,0.563171556612991
ST2_k1,SuzukiTrotter,2,1,10.0,0.9531876299680148,0.37125634522087575,0.5020365429322787
ST2_k1,SuzukiTrotter,2,1,10.05,0.9748822668582623,0.33753945863055346,0.45620383010950893
ST2_k1,SuzukiTrotter,2,1,10.100000000000001,0.9816678585013879,0.3016039924632748,0.42669234033535725
ST2_k1,SuzukiTrotter,2,1,10.15,0.9784043902421324,0.2659740068891163,0.4151835968731328
ST2_k1,SuzukiTrotter,2,1,10.200000000000001,0.9733051090394482,0.23587165381026381,0.4231032963100341
ST2_k1,SuzukiTrotter,2,1,10.25,0.9715948334608128,0.21836627007366988,0.45023286285756575
ST2_k1,SuzukiTrotter,2,1,10.3,0.973085927798051,0.22039045131644341,0.4938190584871295
ST2_k1,SuzukiTrotter,2,1,10.350000000000001,0.9752577099676863,0.24604952841652306,0.5487078312390495
ST2_k1,SuzukiTrotter,2,1,10.4,0.9772271492508738,0.29399384400050343,0.6082938705842414
ST2_k1,SuzukiTrotter,2,1,10.450000000000001,0.9799765332540846,0.3558146187981354,0.6655625921318776
ST2_k1,SuzukiTrotter,2,1,10.5,0.9838744625481475,0.4163294372499097,0.7135498472511901
ST2_k1,SuzukiTrotter,2,1,10.55,0.9874859663193092,0.4561575664520405,0.7451025790498831
ST2_k1,SuzukiTrotter,2,1,10.600000000000001,0.9888148698917781,0.456209467118172,0.7524849494324256
ST2_k1,SuzukiTrotter,2,1,10.65,0.986884237289179,0.4028795537882526,0.7276637122321464
ST2_k1,SuzukiTrotter,2,1,10.700000000000001,0.9817203702697892,0.2922091983064241,0.6638009638698615
ST2_k1,SuzukiTrotter,2,1,10.75,0.9727458925733551,0.13140156685562238,0.5577544044116727
ST2_k1,SuzukiTrotter,2,1,10.8,0.9576527520025415,0.06309741548952968,0.41267826088377685
ST2_k1,SuzukiTrotter,2,1,10.850000000000001,0.9344846915223856,0.27044631129864466,0.23955198927677146
ST2_k1,SuzukiTrotter,2,1,10.9,0.9062260045823389,0.47145602688373295,0.05677756063017636
ST2_k1,SuzukiTrotter,2,1,10.950000000000001,0.882356586744892,0.6535255514286813,0.1123177161552687
ST2_k1,SuzukiTrotter,2,1,11.0,0.8736707782842523,0.8125315222141923,0.2435280786753818
ST2_k1,SuzukiTrotter,2,1,11.05,0.8847695129383008,0.9509816230601208,0.31640043920777516
ST2_k1,SuzukiTrotter,2,1,11.100000000000001,0.9115618756325284,1.0733415999474605,0.3184242241947421
ST2_k1,SuzukiTrotter,2,1,11.15,0.9446642189984462,1.1806984242871286,0.247931085729293
ST2_k1,SuzukiTrotter,2,1,11.200000000000001,0.9740475367976259,1.26725462266974,0.11510384376835736
ST2_k1,SuzukiTrotter,2,1,11.25,0.992421354179933,1.3203891970794206,0.05924879896191415
ST2_k1,SuzukiTrotter,2,1,11.3,0.9976971859043404,1.3244868411324804,0.24717014315323915
ST2_k1,SuzukiTrotter,2,1,11.350000000000001,0.992973730204086,1.2670970167534032,0.4188397600788667
ST2_k1,SuzukiTrotter,2,1,11.4,0.9822764447233073,1.1449518043141826,0.5486626803035488
ST2_k1,SuzukiTrotter,2,1,11.450000000000001,0.9660886312020335,0.9673828311268661,0.6207222063333424
ST2_k1,SuzukiTrotter,2,1,11.5,0.9433630386306907,0.7557014104754266,0.6320920010939155
ST2_k1,SuzukiTrotter,2,1,11.55,0.9183957250808211,0.5386726551920352,0.5929614136577674
ST2_k1,SuzukiTrotter,2,1,11.600000000000001,0.9020904757467403,0.34564757242280103,0.5234170734960224
ST2_k1,SuzukiTrotter,2,1,11.65,0.9030267667623941,0.19964947833484942,0.44773866112876226
ST2_k1,SuzukiTrotter,2,1,11.700000000000001,0.9184776645034329,0.11252689474009403,0.3878340531118101
ST2_k1,SuzukiTrotter,2,1,11.75,0.9373869549591469,0.08337824901676136,0.35769123004442616
ST2_k1,SuzukiTrotter,2,1,11.8,0.951958114955863,0.1002858577628653,0.3603991383566824
ST2_k1,SuzukiTrotter,2,1,11.850000000000001,0.9634723435883475,0.14444706262852203,0.3885166942434604
ST2_k1,SuzukiTrotter,2,1,11.9,0.9764205055189807,0.19533724789760548,0.4275855225927745
ST2_k1,SuzukiTrotter,2,1,11.950000000000001,0.9897922699109121,0.23558248290428582,0.46164991975978087
ST2_k1,SuzukiTrotter,2,1,12.0,0.9959151519740758,0.25456175101752143,0.4790107236309658
ST2_k1,SuzukiTrotter,2,1,12.05,0.987279827226851,0.2501729421123514,0.47629993052121655
ST2_k1,SuzukiTrotter,2,1,12.100000000000001,0.9645253596059534,0.2285615077836846,0.459431290300816
ST2_k1,SuzukiTrotter,2,1,12.15,0.938827497472609,0.20193604422937106,0.44099954085929305
ST2_k1,SuzukiTrotter,2,1,12.200000000000001,0.9255578642632956,0.18494140545125914,0.4349807294348524
ST2_k1,SuzukiTrotter,2,1,12.25,0.9322825173469396,0.19042490689554992,0.4506599035948201
ST2_k1,SuzukiTrotter,2,1,12.3,0.9508128445378428,0.225697742930744,0.48810861913410886
ST2_k1,SuzukiTrotter,2,1,12.350000000000001,0.9617975259012239,0.2903835540668953,0.537018836806685
ST2_k1,SuzukiTrotter,2,1,12.4,0.9488139793884341,0.37654536860866594,0.5794358694633175
ST2_k1,SuzukiTrotter,2,1,12.450000000000001,0.909276228503319,0.47105384992069504,0.5954438130457914
ST2_k1,SuzukiTrotter,2,1,12.5,0.8535245140830787,0.5593598618325942,0.5697784089219707
ST2_k1,SuzukiTrotter,2,1,12.55,0.7956915507782523,0.6293083784889327,0.49710407682688357
ST2_k1,SuzukiTrotter,2,1,12.600000000000001,0.745829519853662,0.6736409594367655,0.38431189122471715
ST2_k1,SuzukiTrotter,2,1,12.65,0.7082036654659691,0.6904117613624375,0.24931071638500074
ST2_k1,SuzukiTrotter,2,1,12.700000000000001,0.6837781163395102,0.6814502705385919,0.11688620531968741
ST2_k1,SuzukiTrotter,2,1,12.75,0.6728796836419939,0.6498363909785443,0.012916226733519276
ST2_k1,SuzukiTrotter,2,1,12.8,0.6760629248929392,0.5977257683146371,0.041542254385187216
ST2_k1,SuzukiTrotter,2,1,12.850000000000001,0.6934502372270568,0.5256009554785159,0.0349204403387684
ST2_k1,SuzukiTrotter,2,1,12.9,0.7236466448899749,0.4332537339216329,0.03246942207847847
ST2_k1,SuzukiTrotter,2,1,12.950000000000001,0.7631967441154821,0.3218975717189811,0.14885990228823148
ST2_k1,SuzukiTrotter,2,1,13.0,0.8070428717650473,0.19620641286074275,0.29418104452439237
ST2_k1,SuzukiTrotter,2,1,13.05,0.8497925487755922,0.06506926425155901,0.4451004792393678
ST2_k1,SuzukiTrotter,2,1,13.100000000000001,0.8871188836247399,0.05955958702577857,0.580462941635552
ST2_k1,SuzukiTrotter,2,1,13.15,0.9166109157652477,0.16543751404213342,0.6854253355512394
ST2_k1,SuzukiTrotter,2,1,13.200000000000001,0.9377854815570333,0.243390480442906,0.7530470550767319
ST2_k1,SuzukiTrotter,2,1,13.25,0.9514153018927802,0.2899210435084658,0.7831612465030058
ST2_k1,SuzukiTrotter,2,1,13.3,0.9586415400643878,0.30805668225466554,0.7795584161568244
ST2_k1,SuzukiTrotter,2,1,13.350000000000001,0.9605131440071135,0.30616650038464976,0.7472190642482084
ST2_k1,SuzukiTrotter,2,1,13.4,0.958401218460284,0.29527196340073675,0.69110035351426
ST2_k1,SuzukiTrotter,2,1,13.450000000000001,0.9549040906886223,0.2858822774648792,0.6168910339023387
ST2_k1,SuzukiTrotter,2,1,13.5,0.9539269343883562,0.28542421308695365,0.532803694806987
ST2_k1,SuzukiTrotter,2,1,13.55,0.958936130002695,0.29697082082753634,0.45067599886705084
ST2_k1,SuzukiTrotter,2,1,13.600000000000001,0.9703030081347325,0.3194271547037273,0.38491773442710764
ST2_k1,SuzukiTrotter,2,1,13.65,0.984225067114453,0.348849170468001,0.34906217339582446
ST2_k1,SuzukiTrotter,2,1,13.700000000000001,0.9947597809758285,0.3803027787604444,0.35117089846809846
ST2_k1,SuzukiTrotter,2,1,13.75,0.9976973365760669,0.4096303251671735,0.39023237824433255
ST2_k1,SuzukiTrotter,2,1,13.8,0.9931980946503677,0.43461460346540437,0.45545154978695196
ST2_k1,SuzukiTrotter,2,1,13.850000000000001,0.9848691321137382,0.4552415086689086,0.5290611663663166
ST2_k1,SuzukiTrotter,2,1,13.9,0.9754340680867754,0.4730220974439139,0.5916730250303557
ST2_k1,SuzukiTrotter,2,1,13.950000000000001,0.9620613306071203,0.4896228494228658,0.6280668509850225
ST2_k1,SuzukiTrotter,2,1,14.0,0.9362599307431112,0.5053221251272632,0.6312141251974521
ST2_k1,SuzukiTrotter,2,1,14.05,0.8911340414541189,0.5179637392940494,0.6032144380993976
ST2_k1,SuzukiTrotter,2,1,14.100000000000001,0.8314643234152522,0.5230015957632137,0.5531645159856916
ST2_k1,SuzukiTrotter,2,1,14.15,0.7759414730300533,0.5148715016835306,0.4931237013585639
ST2_k1,SuzukiTrotter,2,1,14.200000000000001,0.7460885390909596,0.48936911099876323,0.43383728303516134
ST2_k1,SuzukiTrotter,2,1,14.25,0.751002882252588,0.4461734973381807,0.3816692329035675
ST2_k1,SuzukiTrotter,2,1,14.3,0.7831227696035228,0.390402521007283,0.33753202044236563
ST2_k1,SuzukiTrotter,2,1,14.350000000000001,0.8276378587079947,0.3323019051733179,0.2978384703327352
ST2_k1,SuzukiTrotter,2,1,14.4,0.8730264407470067,0.28483610531461157,0.2569031298568086
ST2_k1,SuzukiTrotter,2,1,14.450000000000001,0.9128339195523408,0.25982011594406607,0.209893334099711
ST2_k1,SuzukiTrotter,2,1,14.5,0.9425483702356745,0.263927282502167,0.1553681738220078
ST2_k1,SuzukiTrotter,2,1,14.55,0.9589393357243403,0.29608884213150244,0.0966114914869926
ST2_k1,SuzukiTrotter,2,1,14.600000000000001,0.9611472006678053,0.34733931305448335,0.04132751149923353
ST2_k1,SuzukiTrotter,2,1,14.65,0.9495505664543294,0.4032258621279614,0.00023889293762607844
ST2_k1,SuzukiTrotter,2,1,14.700000000000001,0.9239386504552176,0.4478917148784132,0.01819646053202978
ST2_k1,SuzukiTrotter,2,1,14.75,0.884932370780606,0.46831692491758,0.006019481713426478
ST2_k1,SuzukiTrotter,2,1,14.8,0.8376820728447102,0.45723803820053177,0.037258191446890576
ST2_k1,SuzukiTrotter,2,1,14.850000000000001,0.7932895929790775,0.413939384535459,0.10632416097928099
ST2_k1,SuzukiTrotter,2,1,14.9,0.7658879857452974,0.3430754357593308,0.190518941366293
ST2_k1,SuzukiTrotter,2,1,14.950000000000001,0.7669344321800098,0.25247163168039877,0.2760962836510226
ST2_k1,SuzukiTrotter,2,1,15.0,0.799370439798773,0.15109248418266863,0.3491427446532657
ST4_k1,SuzukiTrotter,4,1,0.0,0.0,0.0,0.0
ST4_k1,SuzukiTrotter,4,1,0.05,1.9890755709184305e-12,3.1921817855717904e-08,1.874751254238305e-07
ST4_k1,SuzukiTrotter,4,1,0.1,2.0100248132592924e-09,1.7584391749370099e-06,1.160907742148165e-05
ST4_k1,SuzukiTrotter,4,1,0.15000000000000002,1.1322933157753567e-07,1.5374826070613246e-05,0.0001246011312021622
ST4_k1,SuzukiTrotter,4,1,0.2,1.942043558522677e-06,5.7368034490079545e-05,0.0006386137831521088
ST4_k1,SuzukiTrotter,4,1,0.25,1.724602630459593e-05,0.00011668139307213776,0.0021351978245798264
ST4_k1,SuzukiTrotter,4,1,0.30000000000000004,0.00010037082830305355,0.0001135819525396875,0.005319805491412755
ST4_k1,SuzukiTrotter,4,1,0.35000000000000003,0.00043384860033302,7.085700974679421e-05,0.010520123089604871
ST4_k1,SuzukiTrotter,4,1,0.4,0.0014998710998384013,0.0004336646476615774,0.016915122343785782
ST4_k1,SuzukiTrotter,4,1,0.45,0.0043475661264774645,0.0006055348209025868,0.02179160937040503
ST4_k1,SuzukiTrotter,4,1,0.5,0.010905355581120157,0.0002979069020831032,0.02026488669947979
ST4_k1,SuzukiTrotter,4,1,0.55,0.02419781878910654,0.0035142019452385764,0.0059059940663821475
ST4_k1,SuzukiTrotter,4,1,0.6000000000000001,0.048250252691970474,0.010069035082403727,0.02742535764668963
ST4_k1,SuzukiTrotter,4,1,0.65,0.08747003236781659,0.01994365299548745,0.08262662876581894
ST4_k1,SuzukiTrotter,4,1,0.7000000000000001,0.1454239062516034,0.03131415706398505,0.1560934436378154
ST4_k1,SuzukiTrotter,4,1,0.75,0.22313604324102587,0.04028167693204274,0.23585686095251368
ST4_k1,SuzukiTrotter,4,1,0.8,0.31722133347366455,0.04144877510220972,0.30312746144368713
ST4_k1,SuzukiTrotter,4,1,0.8500000000000001,0.4184063644847925,0.029486328198426073,0.33811949465615
ST4_k1,SuzukiTrotter,4,1,0.9,0.5114796450623817,0.0014273834589706852,0.32842751119248276
ST4_k1,SuzukiTrotter,4,1,0.9500000000000001,0.5781385723675689,0.04115167914854212,0.27568814892825744
ST4_k1,SuzukiTrotter,4,1,1.0,0.6032931823040952,0.0913287221741989,0.19609599622949403
ST4_k1,SuzukiTrotter,4,1,1.05,0.5824864348445457,0.13842147668651422,0.1135693725022287
ST4_k1,SuzukiTrotter,4,1,1.1,0.5255398984847781,0.17180608869667266,0.04913996009614019
ST4_k1,SuzukiTrotter,4,1,1.1500000000000001,0.4530842694400047,0.18531928848182438,0.012792934731759464
ST4_k1,SuzukiTrotter,4,1,1.2000000000000002,0.3879282719502949,0.1799096020057581,0.002206515414169441
ST4_k1,SuzukiTrotter,4,1,1.25,0.34691994988330543,0.16304996621127463,0.008017007628160822
ST4_k1,SuzukiTrotter,4,1,1.3,0.3375947569970007,0.14533070155032587,0.021265480035732864
ST4_k1,SuzukiTrotter,4,1,1.35,0.35994065621475146,0.1362455805718511,0.03837436834392666
ST4_k1,SuzukiTrotter,4,1,1.4000000000000001,0.41068552902415256,0.14134926766513403,0.06178478449764058
ST4_k1,SuzukiTrotter,4,1,1.4500000000000002,0.486411252846923,0.16174113978921129,0.09743046048527854
ST4_k1,SuzukiTrotter,4,1,1.5,0.582752303884525,0.19524725530992088,0.1513143278122409
ST4_k1,SuzukiTrotter,4,1,1.55,0.690616890643889,0.23782866521818685,0.22657815186693103
ST4_k1,SuzukiTrotter,4,1,1.6,0.7945735048799044,0.28407685037242336,0.32117496985178245
ST4_k1,SuzukiTrotter,4,1,1.6500000000000001,0.8780009887441943,0.3268616032459602,0.42606742442857315
ST4_k1,SuzukiTrotter,4,1,1.7000000000000002,0.9322819362834909,0.3574691309382529,0.5249593868028054
ST4_k1,SuzukiTrotter,4,1,1.75,0.9605336359544162,0.36781734684141904,0.5974967357343073
ST4_k1,SuzukiTrotter,4,1,1.8,0.9711180939593329,0.35474660310482586,0.6266826018105237
ST4_k1,SuzukiTrotter,4,1,1.85,0.9696001982431411,0.32364209839079777,0.6076654721624166
ST4_k1,SuzukiTrotter,4,1,1.9000000000000001,0.9601463888756512,0.2874832816935558,0.5519606410736686
ST4_k1,SuzukiTrotter,4,1,1.9500000000000002,0.9515636365887504,0.2603669707197025,0.48268543310721523
ST4_k1,SuzukiTrotter,4,1,2.0,0.9540392723110528,0.24997540276663965,0.42301656745603
ST4_k1,SuzukiTrotter,4,1,2.0500000000000003,0.9682366980141967,0.2554247195580786,0.3862036094119337
ST4_k1,SuzukiTrotter,4,1,2.1,0.9832523660771977,0.27183829160035805,0.3742579003022127
ST4_k1,SuzukiTrotter,4,1,2.15,0.9872675737464662,0.2957579218595597,0.38419276412646935
ST4_k1,SuzukiTrotter,4,1,2.2,0.9762725088053198,0.3250710763175918,0.41400576111979986
ST4_k1,SuzukiTrotter,4,1,2.25,0.9519053247859999,0.35464988888725746,0.4627026066616804
ST4_k1,SuzukiTrotter,4,1,2.3000000000000003,0.915690033810368,0.3748870237773417,0.5264431669641497
ST4_k1,SuzukiTrotter,4,1,2.35,0.8692160804363546,0.37675413547329617,0.5968413117163929
ST4_k1,SuzukiTrotter,4,1,2.4000000000000004,0.8209372464563884,0.35844767008692685,0.6637656287160454
ST4_k1,SuzukiTrotter,4,1,2.45,0.7907582716150007,0.32630559888270605,0.7194552318400197
ST4_k1,SuzukiTrotter,4,1,2.5,0.8007643755548018,0.28933088754949526,0.7600843349559525
ST4_k1,SuzukiTrotter,4,1,2.5500000000000003,0.8545696550785837,0.25357436217870655,0.7844589161643587
ST4_k1,SuzukiTrotter,4,1,2.6,0.9272303006450802,0.2214453387575227,0.7920465239864624
ST4_k1,SuzukiTrotter,4,1,2.6500000000000004,0.9809816092502951,0.19412174465027487,0.7817689125135556
ST4_k1,SuzukiTrotter,4,1,2.7,0.9923481740496424,0.17169826685243006,0.751384438060014
ST4_k1,SuzukiTrotter,4,1,2.75,0.9640880343120305,0.1497242524886785,0.6974505042693089
ST4_k1,SuzukiTrotter,4,1,2.8000000000000003,0.9153456267782591,0.11707600721903899,0.6170297629020751
ST4_k1,SuzukiTrotter,4,1,2.85,0.8655506239138118,0.060568753118784846,0.5117575534593439
ST4_k1,SuzukiTrotter,4,1,2.9000000000000004,0.8267955660356135,0.025133012584715064,0.39190574684439994
ST4_k1,SuzukiTrotter,4,1,2.95,0.8050336589377558,0.13062750761740943,0.2760032582008266
ST4_k1,SuzukiTrotter,4,1,3.0,0.8033657414623168,0.23489189802824373,0.18440185057853847
ST4_k1,SuzukiTrotter,4,1,3.0500000000000003,0.8236884412533895,0.31637498422696,0.1312116914741147
ST4_k1,SuzukiTrotter,4,1,3.1,0.8657685616106415,0.36302900355569045,0.12097286470157176
ST4_k1,SuzukiTrotter,4,1,3.1500000000000004,0.9227940845175759,0.3750282971528558,0.15104467515945036
ST4_k1,SuzukiTrotter,4,1,3.2,0.9756256720394726,0.36256629390365114,0.21493572453470394
ST4_k1,SuzukiTrotter,4,1,3.25,0.9948451171846918,0.34426904610897013,0.30345451927940265
ST4_k1,SuzukiTrotter,4,1,3.3000000000000003,0.9590572265082314,0.3452689094162368,0.4059265603446636
ST4_k1,SuzukiTrotter,4,1,3.35,0.8800783710757042,0.3877831873397276,0.5131805623354755
ST4_k1,SuzukiTrotter,4,1,3.4000000000000004,0.8060861545368385,0.47343605596442795,0.6184205745603418
ST4_k1,SuzukiTrotter,4,1,3.45,0.7866700658494703,0.5717205987057923,0.712460655993608
ST4_k1,SuzukiTrotter,4,1,3.5,0.8295395956559248,0.6324563641366868,0.7784802006691841
ST4_k1,SuzukiTrotter,4,1,3.5500000000000003,0.8984208364949532,0.6197767411750129,0.7958204521592439
ST4_k1,SuzukiTrotter,4,1,3.6,0.9536050202923054,0.5395040828850841,0.7534333509647412
ST4_k1,SuzukiTrotter,4,1,3.6500000000000004,0.9829239707655368,0.43307684692733983,0.6613521093464568
ST4_k1,SuzukiTrotter,4,1,3.7,0.9944740980272373,0.34317966874027156,0.5488421664190444
ST4_k1,SuzukiTrotter,4,1,3.75,0.9976609995182754,0.2838024027005236,0.45050691368408297
ST4_k1,SuzukiTrotter,4,1,3.8000000000000003,0.9957363469531,0.23977575676088525,0.3915468902922023
ST4_k1,SuzukiTrotter,4,1,3.85,0.9853465882009516,0.1897993197506449,0.38118816792928073
ST4_k1,SuzukiTrotter,4,1,3.9000000000000004,0.962794213364497,0.1280944250006935,0.41446228383815215
ST4_k1,SuzukiTrotter,4,1,3.95,0.9327575098818143,0.0674558048842009,0.4766949299596114
ST4_k1,SuzukiTrotter,4,1,4.0,0.9040363616567849,0.02542065219237212,0.5456992469753115
ST4_k1,SuzukiTrotter,4,1,4.05,0.8793567232774879,0.0073256608306134785,0.5924355728644728
ST4_k1,SuzukiTrotter,4,1,4.1000000000000005,0.8537966074943097,0.0007125437904820786,0.587455199080416
ST4_k1,SuzukiTrotter,4,1,4.15,0.8163062998133366,0.012544449652005435,0.5185435763202756
ST4_k1,SuzukiTrotter,4,1,4.2,0.758740311594539,0.03421555671298665,0.40956325841123253
ST4_k1,SuzukiTrotter,4,1,4.25,0.6982798308908391,0.03833153582427734,0.31682000764686025
ST4_k1,SuzukiTrotter,4,1,4.3,0.6805969929370983,0.012289885480536611,0.2924630577236984
ST4_k1,SuzukiTrotter,4,1,4.3500000000000005,0.7365277419114177,0.1293606937822458,0.34058755910183014
ST4_k1,SuzukiTrotter,4,1,4.4,0.8347963411622874,0.27628348994969926,0.4089083902854095
ST4_k1,SuzukiTrotter,4,1,4.45,0.9025292445862046,0.38761424680859907,0.42882053680605203
ST4_k1,SuzukiTrotter,4,1,4.5,0.9026584808824776,0.41868817053312585,0.3692465824323985
ST4_k1,SuzukiTrotter,4,1,4.55,0.8668262296679718,0.3790320346559497,0.2582026441418427
ST4_k1,SuzukiTrotter,4,1,4.6000000000000005,0.8438223441600684,0.3165238333209347,0.15894852523944797
ST4_k1,SuzukiTrotter,4,1,4.65,0.8478446749984397,0.2686001158523763,0.12465712313750682
ST4_k1,SuzukiTrotter,4,1,4.7,0.8679605857272351,0.22873265786222047,0.16448305731839435
ST4_k1,SuzukiTrotter,4,1,4.75,0.8960010180385402,0.1580385266349548,0.23987824525747503
ST4_k1,SuzukiTrotter,4,1,4.800000000000001,0.9288348541239859,0.026198567503951053,0.29086157754049974
ST4_k1,SuzukiTrotter,4,1,4.8500000000000005,0.9605071197353191,0.15893689520986054,0.27544327035595784
ST4_k1,SuzukiTrotter,4,1,4.9,0.9841978161519463,0.3571562959543173,0.19666309245570557
ST4_k1,SuzukiTrotter,4,1,4.95,0.9968824611795424,0.5259223809655824,0.09907911739098851
ST4_k1,SuzukiTrotter,4,1,5.0,0.9972925190222782,0.6447812824558843,0.03848028183247476
ST4_k1,SuzukiTrotter,4,1,5.050000000000001,0.9809375063822292,0.7153140916945598,0.04766651816409806
ST4_k1,SuzukiTrotter,4,1,5.1000000000000005,0.9416001524924303,0.7430876880170851,0.12097381724072481
ST4_k1,SuzukiTrotter,4,1,5.15,0.8820017317432851,0.7233577825222285,0.22331353484287397
ST4_k1,SuzukiTrotter,4,1,5.2,0.8217776767060807,0.645889420773861,0.3128334548016728
ST4_k1,SuzukiTrotter,4,1,5.25,0.7876216611925126,0.5140023555277247,0.3621654392249247
ST4_k1,SuzukiTrotter,4,1,5.300000000000001,0.7916459698775314,0.3578859549621396,0.36903134041831703
ST4_k1,SuzukiTrotter,4,1,5.3500000000000005,0.822942847268745,0.22635337309618525,0.353699103859192
ST4_k1,SuzukiTrotter,4,1,5.4,0.8616888729371105,0.1606998191421881,0.34534357146036243
ST4_k1,SuzukiTrotter,4,1,5.45,0.8963878023198191,0.17068321659067878,0.3641350463773279
ST4_k1,SuzukiTrotter,4,1,5.5,0.9260303060931115,0.2308512581395915,0.4094888650581078
ST4_k1,SuzukiTrotter,4,1,5.550000000000001,0.9521275363846602,0.29860115662645514,0.46185308570269257
ST4_k1,SuzukiTrotter,4,1,5.6000000000000005,0.9736275263988887,0.3396809524854247,0.4958181849163916
ST4_k1,SuzukiTrotter,4,1,5.65,0.9882191938109638,0.3443746494870328,0.4948414965608388
ST4_k1,SuzukiTrotter,4,1,5.7,0.9957002280359372,0.3268942805864321,0.4590832260420458
ST4_k1,SuzukiTrotter,4,1,5.75,0.9984975985387499,0.312022173770272,0.4042152005475227
ST4_k1,SuzukiTrotter,4,1,5.800000000000001,0.9992393281107792,0.3191411103432279,0.35347147606801
ST4_k1,SuzukiTrotter,4,1,5.8500000000000005,0.9991559259947386,0.35268374696388327,0.3266705428315563
ST4_k1,SuzukiTrotter,4,1,5.9,0.9981583949657374,0.40230730837737627,0.3313532188630166
ST4_k1,SuzukiTrotter,4,1,5.95,0.9947531185745923,0.45004394435555717,0.36142752953247326
ST4_k1,SuzukiTrotter,4,1,6.0,0.9857635809059667,0.4788819413914108,0.40419131236639505
ST4_k1,SuzukiTrotter,4,1,6.050000000000001,0.966868062686318,0.4784227815440965,0.44946192271358765
ST4_k1,SuzukiTrotter,4,1,6.1000000000000005,0.9338411789003647,0.44617127959575986,0.4924223525757611
ST4_k1,SuzukiTrotter,4,1,6.15,0.8846630442080552,0.38515922001431196,0.5280205714387737
ST4_k1,SuzukiTrotter,4,1,6.2,0.8248497479805921,0.2997379153619333,0.5434316922930345
ST4_k1,SuzukiTrotter,4,1,6.25,0.7714953547510668,0.19242539614766063,0.5176810036145818
ST4_k1,SuzukiTrotter,4,1,6.300000000000001,0.7439881443579601,0.06492967362971586,0.43167715537278606
ST4_k1,SuzukiTrotter,4,1,6.3500000000000005,0.7485494474100365,0.07623852604776071,0.28286482835101234
ST4_k1,SuzukiTrotter,4,1,6.4,0.7777294968699029,0.21433986021693818,0.09407156333324995
ST4_k1,SuzukiTrotter,4,1,6.45,0.8196400223761853,0.32444701534061926,0.09048925889302784
ST4_k1,SuzukiTrotter,4,1,6.5,0.8608938499610956,0.3850747585712996,0.22083087997832707
ST4_k1,SuzukiTrotter,4,1,6.550000000000001,0.8903122626349852,0.3916995497433634,0.2606569721634901
ST4_k1,SuzukiTrotter,4,1,6.6000000000000005,0.904936167887027,0.3603618634815515,0.20167559492570897
ST4_k1,SuzukiTrotter,4,1,6.65,0.9025355214501717,0.3172400337071713,0.06633976699814875
ST4_k1,SuzukiTrotter,4,1,6.7,0.8717695280347177,0.2825114462353439,0.10303251635214783
ST4_k1,SuzukiTrotter,4,1,6.75,0.8086358494898086,0.2610752476928653,0.26443403639089413
ST4_k1,SuzukiTrotter,4,1,6.800000000000001,0.7406061336292684,0.24530190564221765,0.3946641717984323
ST4_k1,SuzukiTrotter,4,1,6.8500000000000005,0.7121909702831497,0.22487824911352522,0.4944277402331426
ST4_k1,SuzukiTrotter,4,1,6.9,0.7436750850589673,0.1954987020751538,0.577216087438933
ST4_k1,SuzukiTrotter,4,1,6.95,0.8174933117145786,0.1617424496376306,0.6514005201108056
ST4_k1,SuzukiTrotter,4,1,7.0,0.8997342462080212,0.13412646429784636,0.7094144981114032
ST4_k1,SuzukiTrotter,4,1,7.050000000000001,0.9604625197162114,0.1225444881243734,0.7311748290570289
ST4_k1,SuzukiTrotter,4,1,7.1000000000000005,0.980283990445843,0.12904679267108504,0.6982677977594769
ST4_k1,SuzukiTrotter,4,1,7.15,0.9557561149068595,0.14389247286866053,0.6091096772382888
ST4_k1,SuzukiTrotter,4,1,7.2,0.9037981882469764,0.14916601218670386,0.48516606342028257
ST4_k1,SuzukiTrotter,4,1,7.25,0.8565222352543511,0.13092086727833574,0.3630724316713188
ST4_k1,SuzukiTrotter,4,1,7.300000000000001,0.8467117162237388,0.09306442939656416,0.27624916522995807
ST4_k1,SuzukiTrotter,4,1,7.3500000000000005,0.88597209196283,0.0605402701040432,0.23826556117690878
ST4_k1,SuzukiTrotter,4,1,7.4,0.9464943003217047,0.06532616552212293,0.24013291587899283
ST4_k1,SuzukiTrotter,4,1,7.45,0.9784068782368818,0.1249500490194142,0.26173527654454215
ST4_k1,SuzukiTrotter,4,1,7.5,0.9627947109674854,0.23269544385741986,0.28506033713355206
ST4_k1,SuzukiTrotter,4,1,7.550000000000001,0.932770457893152,0.3678005228720945,0.2987265570445439
ST4_k1,SuzukiTrotter,4,1,7.6000000000000005,0.9276410946256362,0.5131787638791061,0.2968352351501682
ST4_k1,SuzukiTrotter,4,1,7.65,0.9484971310282453,0.6617766229074771,0.2808696348458521
ST4_k1,SuzukiTrotter,4,1,7.7,0.9724912078837312,0.8074471315704683,0.26286699925805546
ST4_k1,SuzukiTrotter,4,1,7.75,0.9864478923437301,0.9332748451579527,0.25921656358824463
ST4_k1,SuzukiTrotter,4,1,7.800000000000001,0.9889992636150182,1.0110888629855905,0.2750566331490478
ST4_k1,SuzukiTrotter,4,1,7.8500000000000005,0.9713149335459319,1.013677658921056,0.29636052802660323
ST4_k1,SuzukiTrotter,4,1,7.9,0.9175212071328201,0.930829872942341,0.30246153531978365
ST4_k1,SuzukiTrotter,4,1,7.95,0.8358082712285938,0.7784944403074684,0.286949560139791
ST4_k1,SuzukiTrotter,4,1,8.0,0.7711850091645415,0.5944797977437246,0.2628423486163195
ST4_k1,SuzukiTrotter,4,1,8.05,0.7640666507461727,0.42167126313927883,0.24692660139490136
ST4_k1,SuzukiTrotter,4,1,8.1,0.8076018145034315,0.28839416802111406,0.24351025885412236
ST4_k1,SuzukiTrotter,4,1,8.15,0.8622127080873032,0.1987608237347655,0.24637433548964638
ST4_k1,SuzukiTrotter,4,1,8.200000000000001,0.9002638437826687,0.13867579661481494,0.2533708988012915
ST4_k1,SuzukiTrotter,4,1,8.25,0.9242459954649338,0.09114066337019489,0.27346440759184404
ST4_k1,SuzukiTrotter,4,1,8.3,0.9479063690400769,0.048820659800003025,0.3171845510437379
ST4_k1,SuzukiTrotter,4,1,8.35,0.9726388819593452,0.01639183937403521,0.3813214071064709
ST4_k1,SuzukiTrotter,4,1,8.4,0.9875057330685241,0.003935734220860909,0.44403300328671397
ST4_k1,SuzukiTrotter,4,1,8.450000000000001,0.9837544016647349,0.018295285871288064,0.4752621938981862
ST4_k1,SuzukiTrotter,4,1,8.5,0.9609068576910219,0.05896338343398799,0.4540950999457053
ST4_k1,SuzukiTrotter,4,1,8.55,0.9240847030783879,0.11990069243636212,0.3807496348140527
ST4_k1,SuzukiTrotter,4,1,8.6,0.8839186094030042,0.193400863455106,0.2761593664432128
ST4_k1,SuzukiTrotter,4,1,8.65,0.8574226226802617,0.272015072312106,0.1709578084588198
ST4_k1,SuzukiTrotter,4,1,8.700000000000001,0.8591712727301661,0.34866360411798003,0.09244746546334937
ST4_k1,SuzukiTrotter,4,1,8.75,0.8857951297724574,0.4168139063824302,0.058135614738941244
ST4_k1,SuzukiTrotter,4,1,8.8,0.9144897599837839,0.4702221294548518,0.07681098302097178
ST4_k1,SuzukiTrotter,4,1,8.85,0.9232308506253553,0.5012101885256042,0.1502982575729217
ST4_k1,SuzukiTrotter,4,1,8.9,0.9107102679107739,0.5001428095614368,0.2707920190873644
ST4_k1,SuzukiTrotter,4,1,8.950000000000001,0.8945837040129938,0.4597398300318355,0.41820359474272695
ST4_k1,SuzukiTrotter,4,1,9.0,0.8936527693524556,0.3818936995383031,0.5652028574478429
ST4_k1,SuzukiTrotter,4,1,9.05,0.9124576573253501,0.2796058505318567,0.6883082424836887
ST4_k1,SuzukiTrotter,4,1,9.1,0.9388898371127316,0.17096240393314985,0.7743707388856169
ST4_k1,SuzukiTrotter,4,1,9.15,0.9543574840144378,0.07051474883834305,0.8168394466179068
ST4_k1,SuzukiTrotter,4,1,9.200000000000001,0.9471369564042691,0.015306505779730209,0.8088624633662751
ST4_k1,SuzukiTrotter,4,1,9.25,0.9185326735032554,0.08792402801188215,0.7438360874490635
ST4_k1,SuzukiTrotter,4,1,9.3,0.8811356895059869,0.15379733879029772,0.6251130264150813
ST4_k1,SuzukiTrotter,4,1,9.35,0.8528754941827507,0.21954038050658573,0.47633672987882225
ST4_k1,SuzukiTrotter,4,1,9.4,0.8469364585375359,0.2860220497437926,0.34129247556580344
ST4_k1,SuzukiTrotter,4,1,9.450000000000001,0.8635111164633216,0.34655554416067375,0.2680717333563443
ST4_k1,SuzukiTrotter,4,1,9.5,0.8938486760234285,0.3929433770866844,0.2838930519781687
ST4_k1,SuzukiTrotter,4,1,9.55,0.9297594691967922,0.4242674566849184,0.37728202345832385
ST4_k1,SuzukiTrotter,4,1,9.600000000000001,0.9635498978246377,0.4486476603074608,0.503019220611672
ST4_k1,SuzukiTrotter,4,1,9.65,0.9854999797594379,0.47573271051513355,0.6092154733856301
ST4_k1,SuzukiTrotter,4,1,9.700000000000001,0.9912267201594395,0.5079348631333194,0.6674315684810209
ST4_k1,SuzukiTrotter,4,1,9.75,0.9866726429904916,0.5382916143843539,0.6833727103816435
ST4_k1,SuzukiTrotter,4,1,9.8,0.9789742302479898,0.5546549149015005,0.6816014026458297
ST4_k1,SuzukiTrotter,4,1,9.850000000000001,0.9686586322713083,0.54543617192614,0.6790344186248072
ST4_k1,SuzukiTrotter,4,1,9.9,0.9567841742476771,0.5041799792595263,0.6697719245942095
ST4_k1,SuzukiTrotter,4,1,9.950000000000001,0.952267473122929,0.4321471489778862,0.6319100016823411
ST4_k1,SuzukiTrotter,4,1,10.0,0.9631534632383538,0.3375866778628902,0.5476626007813808
ST4_k1,SuzukiTrotter,4,1,10.05,0.9838654025559456,0.2317107314765932,0.41919558299889137
ST4_k1,SuzukiTrotter,4,1,10.100000000000001,0.99840156875841,0.12479145362616781,0.26963692936524575
ST4_k1,SuzukiTrotter,4,1,10.15,0.9926055618634297,0.02589618050090442,0.13197813408000997
ST4_k1,SuzukiTrotter,4,1,10.200000000000001,0.9561000336952815,0.054589267910502365,0.03560653049498136
ST4_k1,SuzukiTrotter,4,1,10.25,0.880213761870221,0.1037301052052711,0.0023313402669894456
ST4_k1,SuzukiTrotter,4,1,10.3,0.7699480043475331,0.10863922502774251,0.020053609391794514
ST4_k1,SuzukiTrotter,4,1,10.350000000000001,0.6598904878112111,0.061727935264903944,0.08983839519487147
ST4_k1,SuzukiTrotter,4,1,10.4,0.6046341877526327,0.03477509814875687,0.18325869377972082
ST4_k1,SuzukiTrotter,4,1,10.450000000000001,0.6377082965230727,0.1680785476500518,0.2749165232784995
ST4_k1,SuzukiTrotter,4,1,10.5,0.7382743793944113,0.3181260168949146,0.34932734785873915
ST4_k1,SuzukiTrotter,4,1,10.55,0.8489601822167672,0.46180837803517893,0.4055830954839865
ST4_k1,SuzukiTrotter,4,1,10.600000000000001,0.9260994869926745,0.5751102982135767,0.44916940579954695
ST4_k1,SuzukiTrotter,4,1,10.65,0.9644377431345853,0.6348713973977484,0.4784592959451778
ST4_k1,SuzukiTrotter,4,1,10.700000000000001,0.9805882275167073,0.6245656601323375,0.48115594626125235
ST4_k1,SuzukiTrotter,4,1,10.75,0.9878652260627876,0.5435041871234252,0.44564444085803684
ST4_k1,SuzukiTrotter,4,1,10.8,0.9898199739300798,0.41133415801402473,0.37489755793037643
ST4_k1,SuzukiTrotter,4,1,10.850000000000001,0.9883851590986671,0.26032585013678833,0.28791433581680587
ST4_k1,SuzukiTrotter,4,1,10.9,0.9878036360356524,0.11796461501342465,0.2082209942272304
ST4_k1,SuzukiTrotter,4,1,10.950000000000001,0.9901019256998989,0.008447832982037426,0.15146544412063334
ST4_k1,SuzukiTrotter,4,1,11.0,0.992724935273898,0.13397238854874477,0.12121901652849498
ST4_k1,SuzukiTrotter,4,1,11.05,0.9916309262603196,0.2827266265873375,0.11211727164721019
ST4_k1,SuzukiTrotter,4,1,11.100000000000001,0.9844639732823682,0.46708634281327543,0.11578210273229445
ST4_k1,SuzukiTrotter,4,1,11.15,0.9716021284822833,0.672712370520635,0.1270184507971755
ST4_k1,SuzukiTrotter,4,1,11.200000000000001,0.9555534483987704,0.8598892597713905,0.1478138521152535
ST4_k1,SuzukiTrotter,4,1,11.25,0.9389182054810514,0.9815372647371549,0.18520334768748398
ST4_k1,SuzukiTrotter,4,1,11.3,0.923025330760286,1.0070205378945616,0.24240628850490986
ST4_k1,SuzukiTrotter,4,1,11.350000000000001,0.9096277502602299,0.9367817444993655,0.3097598516167859
ST4_k1,SuzukiTrotter,4,1,11.4,0.9039086364145796,0.7991953774322156,0.3641643695919309
ST4_k1,SuzukiTrotter,4,1,11.450000000000001,0.9133572593046222,0.6330252042660927,0.3791558547171887
ST4_k1,SuzukiTrotter,4,1,11.5,0.9401463619985353,0.4677628876556543,0.33896563007196506
ST4_k1,SuzukiTrotter,4,1,11.55,0.9742169364583748,0.314141015769687,0.24758956272538124
ST4_k1,SuzukiTrotter,4,1,11.600000000000001,0.9972610752478711,0.16903806038591795,0.12864558118134345
ST4_k1,SuzukiTrotter,4,1,11.65,0.9959137009244414,0.028943803410943936,0.017555618860950806
ST4_k1,SuzukiTrotter,4,1,11.700000000000001,0.9720696496435545,0.0988683925916563,0.050218670876747806
ST4_k1,SuzukiTrotter,4,1,11.75,0.9424836921237667,0.1953241134771069,0.05160758219132083
ST4_k1,SuzukiTrotter,4,1,11.8,0.9272443964433048,0.23854406795182953,0.014099322315911322
ST4_k1,SuzukiTrotter,4,1,11.850000000000001,0.9324632645657643,0.21599077687360493,0.12173923037447926
ST4_k1,SuzukiTrotter,4,1,11.9,0.9421621289720561,0.13187229772506046,0.22716134777082891
ST4_k1,SuzukiTrotter,4,1,11.950000000000001,0.9325061650382465,0.006095417224177932,0.2850495970381915
ST4_k1,SuzukiTrotter,4,1,12.0,0.8966738022967253,0.1334658910149219,0.27119878504354944
ST4_k1,SuzukiTrotter,4,1,12.05,0.852045737948631,0.260590769547824,0.1966207920711674
ST4_k1,SuzukiTrotter,4,1,12.100000000000001,0.8220794114415275,0.3579758814456405,0.10284103627405888
ST4_k1,SuzukiTrotter,4,1,12.15,0.8154250679178814,0.42049993709412237,0.039610974326757475
ST4_k1,SuzukiTrotter,4,1,12.200000000000001,0.8229617066815371,0.4548636120011521,0.03907512500848148
ST4_k1,SuzukiTrotter,4,1,12.25,0.8293666763931666,0.4761450387999091,0.10230131905486783
ST4_k1,SuzukiTrotter,4,1,12.3,0.8257166631674334,0.5015282503781993,0.20371661292684495
ST4_k1,SuzukiTrotter,4,1,12.350000000000001,0.816211137301781,0.5426919617421623,0.30712620943595215
ST4_k1,SuzukiTrotter,4,1,12.4,0.8157743764883606,0.6002295843030261,0.38308994721080625
ST4_k1,SuzukiTrotter,4,1,12.450000000000001,0.8372844348557955,0.663116214096614,0.42006011424731626
ST4_k1,SuzukiTrotter,4,1,12.5,0.8779720877683006,0.7131832758093732,0.4250686446581599
ST4_k1,SuzukiTrotter,4,1,12.55,0.9206363221260736,0.7317952898150157,0.413703067983138
ST4_k1,SuzukiTrotter,4,1,12.600000000000001,0.949761620252344,0.7056166449077599,0.39566351455951815
ST4_k1,SuzukiTrotter,4,1,12.65,0.9634942704184287,0.629484979304671,0.36691422270733165
ST4_k1,SuzukiTrotter,4,1,12.700000000000001,0.9693187663724552,0.5057427761139707,0.31552051252936986
ST4_k1,SuzukiTrotter,4,1,12.75,0.9732374649944109,0.3413990179038762,0.23761889699937805
ST4_k1,SuzukiTrotter,4,1,12.8,0.974861848769333,0.14642336059942151,0.15166124764291372
ST4_k1,SuzukiTrotter,4,1,12.850000000000001,0.967522276081527,0.06475656090390465,0.09840496522828934
ST4_k1,SuzukiTrotter,4,1,12.9,0.9435174438580528,0.27106546120926805,0.12120316922047625
ST4_k1,SuzukiTrotter,4,1,12.950000000000001,0.9095066131614509,0.44687538834971063,0.23521012228296406
ST4_k1,SuzukiTrotter,4,1,13.0,0.8950634382566343,0.5695329306371508,0.4082019866917198
ST4_k1,SuzukiTrotter,4,1,13.05,0.9248573068511569,0.6274636839996026,0.5736755688710189
ST4_k1,SuzukiTrotter,4,1,13.100000000000001,0.9762335014652687,0.623095458411769,0.6718036768805866
ST4_k1,SuzukiTrotter,4,1,13.15,0.9913476327272409,0.5694581836163517,0.6863499019757037
ST4_k1,SuzukiTrotter,4,1,13.200000000000001,0.9479805218712085,0.48378220311935316,0.6464928715219558
ST4_k1,SuzukiTrotter,4,1,13.25,0.8933459489027425,0.3824178310873298,0.5944937671383037
ST4_k1,SuzukiTrotter,4,1,13.3,0.8858205774253424,0.2796871909332264,0.5512412478964521
ST4_k1,SuzukiTrotter,4,1,13.350000000000001,0.9251699360113843,0.18979510511547684,0.5102690202069587
ST4_k1,SuzukiTrotter,4,1,13.4,0.9653445157150563,0.12768013930377248,0.4597713211411527
ST4_k1,SuzukiTrotter,4,1,13.450000000000001,0.9773486653501148,0.10579963086903749,0.404628128941309
ST4_k1,SuzukiTrotter,4,1,13.5,0.9705095015938139,0.12910480156590023,0.36457022944823436
ST4_k1,SuzukiTrotter,4,1,13.55,0.9632029273978407,0.19282243359077092,0.3536995870859063
ST4_k1,SuzukiTrotter,4,1,13.600000000000001,0.9622721559246289,0.2837986620418249,0.3667622033218102
ST4_k1,SuzukiTrotter,4,1,13.65,0.9694442069992095,0.38287589888341905,0.38686883057917254
ST4_k1,SuzukiTrotter,4,1,13.700000000000001,0.9843436665427531,0.4683974575937718,0.40337653135043583
ST4_k1,SuzukiTrotter,4,1,13.75,0.9978925460641852,0.5233693682635278,0.41940006335567004
ST4_k1,SuzukiTrotter,4,1,13.8,0.997786576491959,0.5442494457139331,0.44374092489524863
ST4_k1,SuzukiTrotter,4,1,13.850000000000001,0.9830898256755006,0.5435213839490272,0.47953444107048593
ST4_k1,SuzukiTrotter,4,1,13.9,0.9648957048325867,0.5413718762561714,0.5215572336121711
ST4_k1,SuzukiTrotter,4,1,13.950000000000001,0.9532973612176325,0.5520619205471249,0.5613511226316876
ST4_k1,SuzukiTrotter,4,1,14.0,0.9499606950736967,0.5758299026985291,0.5919865066070673
ST4_k1,SuzukiTrotter,4,1,14.05,0.9512827547491605,0.6015967336528679,0.6086092978332316
ST4_k1,SuzukiTrotter,4,1,14.100000000000001,0.952343535812682,0.6163128223236072,0.607967263796931
ST4_k1,SuzukiTrotter,4,1,14.15,0.9476391272467372,0.6128637641313739,0.5904930095716261
ST4_k1,SuzukiTrotter,4,1,14.200000000000001,0.9332938620334296,0.591711116767563,0.5631238691280939
ST4_k1,SuzukiTrotter,4,1,14.25,0.9127882615440105,0.5571900790767764,0.537777708851382
ST4_k1,SuzukiTrotter,4,1,14.3,0.8996342161371159,0.5128777082570364,0.5240484088306071
ST4_k1,SuzukiTrotter,4,1,14.350000000000001,0.908457199208986,0.45986751237252405,0.5214880737985916
ST4_k1,SuzukiTrotter,4,1,14.4,0.9386400837750472,0.39824788549132123,0.5189273055864981
ST4_k1,SuzukiTrotter,4,1,14.450000000000001,0.9699528126985236,0.328891728850616,0.5025861011803611
ST4_k1,SuzukiTrotter,4,1,14.5,0.9805334087434905,0.2529201188900213,0.4666379592564146
ST4_k1,SuzukiTrotter,4,1,14.55,0.9672172896353918,0.16951400689662005,0.4176120157833648
ST4_k1,SuzukiTrotter,4,1,14.600000000000001,0.9426728578070989,0.0752651967438503,0.36982515131045507
ST4_k1,SuzukiTrotter,4,1,14.65,0.9177095638663242,0.03300147706804608,0.3368809590230835
ST4_k1,SuzukiTrotter,4,1,14.700000000000001,0.8950476683951448,0.1536144619047019,0.32634197241840013
ST4_k1,SuzukiTrotter,4,1,14.75,0.8759491817704179,0.27730695137030886,0.33976792350413565
ST4_k1,SuzukiTrotter,4,1,14.8,0.8639920919088212,0.38854992988873194,0.3746313672358731
ST4_k1,SuzukiTrotter,4,1,14.850000000000001,0.8637820146561458,0.4702497774808474,0.4242639512050025
ST4_k1,SuzukiTrotter,4,1,14.9,0.879411903686417,0.5093003369257136,0.4762065430800542
ST4_k1,SuzukiTrotter,4,1,14.950000000000001,0.9106427244616735,0.5004723154521521,0.5124905144954781
ST4_k1,SuzukiTrotter,4,1,15.0,0.9485343337690946,0.44720769581745634,0.5141002215446564
LT_k2,LieTrotter,1,2,0.0,0.0,0.0,0.0
LT_k2,LieTrotter,1,2,0.05,0.00015384287696063037,2.1510382680722806e-05,9.612715118212378e-05
LT_k2,LieTrotter,1,2,0.1,0.002291187950078988,0.0003235969651136372,0.0013935973350505115
LT_k2,LieTrotter,1,2,0.15000000000000002,0.010293766266081583,0.0014770444832629126,0.005970236177593291
LT_k2,LieTrotter,1,2,0.2,0.027559114638925575,0.004030623208131412,0.014847103854858101
LT_k2,LieTrotter,1,2,0.25,0.054575356732219804,0.00812009819653925,0.0263243145152241
LT_k2,LieTrotter,1,2,0.30000000000000004,0.08841446778023654,0.013243652548019513,0.03612911560155607
LT_k2,LieTrotter,1,2,0.35000000000000003,0.12438026179424833,0.01834110275646761,0.039451793501300236
LT_k2,LieTrotter,1,2,0.4,0.1585581153800132,0.02219380347660209,0.03360612307363009
LT_k2,LieTrotter,1,2,0.45,0.1896887431311216,0.024036427994897427,0.019597669811241558
LT_k2,LieTrotter,1,2,0.5,0.2194966639198126,0.0241825312729508,0.0016026606745634941
LT_k2,LieTrotter,1,2,0.55,0.2514667392855111,0.02443455124513233,0.015295240806835642
LT_k2,LieTrotter,1,2,0.6000000000000001,0.288785656087324,0.02808154656311436,0.027733841616892962
LT_k2,LieTrotter,1,2,0.65,0.33272510999451443,0.039382195057995145,0.035615965985899
LT_k2,LieTrotter,1,2,0.7000000000000001,0.3825833020462157,0.06257462047348843,0.041916220977212815
LT_k2,LieTrotter,1,2,0.75,0.43711615270865667,0.10061812227774936,0.05112043724075144
LT_k2,LieTrotter,1,2,0.8,0.4961306043017828,0.15400249210891395,0.06723025160095197
LT_k2,LieTrotter,1,2,0.8500000000000001,0.5608438044748609,0.2199988387974323,0.0921563604729631
LT_k2,LieTrotter,1,2,0.9,0.6326946692871205,0.2926358130160162,0.124858089553472
LT_k2,LieTrotter,1,2,0.9500000000000001,0.7113817121170649,0.3634819021716771,0.16124558927448895
LT_k2,LieTrotter,1,2,1.0,0.7932519076682958,0.42306658998046653,0.19484830840933787
LT_k2,LieTrotter,1,2,1.05,0.870992188236194,0.4625738999393871,0.2183556480440323
LT_k2,LieTrotter,1,2,1.1,0.9352214606263983,0.47536493531893753,0.22598500331005822
LT_k2,LieTrotter,1,2,1.1500000000000001,0.9778765171347128,0.45795293444140056,0.21611932715038656
LT_k2,LieTrotter,1,2,1.2000000000000002,0.9960509916379342,0.41023098495854843,0.1931080093801078
LT_k2,LieTrotter,1,2,1.25,0.9939018288992971,0.3349727828907342,0.16707124575129917
LT_k2,LieTrotter,1,2,1.3,0.9807992962779585,0.23682344649343698,0.15125993399069804
LT_k2,LieTrotter,1,2,1.35,0.9664608951544874,0.12112129013145079,0.15771384434798058
LT_k2,LieTrotter,1,2,1.4000000000000001,0.9564110071918076,0.007084878783527621,0.19292361541003183
LT_k2,LieTrotter,1,2,1.4500000000000002,0.9509225235714895,0.14354279215063237,0.25530141772002113
LT_k2,LieTrotter,1,2,1.5,0.9474063545977038,0.2847246522903378,0.3354065868613305
LT_k2,LieTrotter,1,2,1.55,0.9433268090967485,0.42729379717405613,0.41858429561899135
LT_k2,LieTrotter,1,2,1.6,0.9372141328451398,0.5674156287348447,0.48873477461287185
LT_k2,LieTrotter,1,2,1.6500000000000001,0.9281643812639011,0.7002886931360738,0.5318227626120812
LT_k2,LieTrotter,1,2,1.7000000000000002,0.9156615922821874,0.8201786996939464,0.5383511398439798
LT_k2,LieTrotter,1,2,1.75,0.9002500689286874,0.9210099287605419,0.5047956646228247
LT_k2,LieTrotter,1,2,1.8,0.8838683345013437,0.9973079013498389,0.4343635628309116
LT_k2,LieTrotter,1,2,1.85,0.8688741369062374,1.0451255291430745,0.33723089398601125
LT_k2,LieTrotter,1,2,1.9000000000000001,0.8563733111233751,1.0626092078384515,0.22993291382620717
LT_k2,LieTrotter,1,2,1.9500000000000002,0.8454610849269525,1.0500593573089496,0.13332294411239115
LT_k2,LieTrotter,1,2,2.0,0.8345003654309057,1.0096007113943373,0.06879401968680066
LT_k2,LieTrotter,1,2,2.0500000000000003,0.8238545877808754,0.9447517089711374,0.05320912024535418
LT_k2,LieTrotter,1,2,2.1,0.8175934713332205,0.8601690832224812,0.09383551789467759
LT_k2,LieTrotter,1,2,2.15,0.8216700992884162,0.7616532893737049,0.18507423182862948
LT_k2,LieTrotter,1,2,2.2,0.8392086305876342,0.6562503394009207,0.3086013483987306
LT_k2,LieTrotter,1,2,2.25,0.8672005395847494,0.5521326162186118,0.4376226239266572
LT_k2,LieTrotter,1,2,2.3000000000000003,0.8982545688572163,0.45798731751406274,0.5444868169080203
LT_k2,LieTrotter,1,2,2.35,0.9258171121143887,0.3818708342229509,0.6093750577547794
LT_k2,LieTrotter,1,2,2.4000000000000004,0.9475971826691283,0.32977473704136,0.6268488699172915
LT_k2,LieTrotter,1,2,2.45,0.9644803899519859,0.3043322311070519,0.6073343730935008
LT_k2,LieTrotter,1,2,2.5,0.9774927875498125,0.3040725275858305,0.5723723444959153
LT_k2,LieTrotter,1,2,2.5500000000000003,0.9866027163352096,0.3234263503928164,0.5451613489086012
LT_k2,LieTrotter,1,2,2.6,0.991745105178451,0.35342715216556536,0.5403407449059726
LT_k2,LieTrotter,1,2,2.6500000000000004,0.993805753443198,0.3828898785001263,0.5577136703310202
LT_k2,LieTrotter,1,2,2.7,0.9942213911799715,0.3998533860687435,0.5829934861438515
LT_k2,LieTrotter,1,2,2.75,0.9936280851975471,0.39318591742920456,0.595262987227915
LT_k2,LieTrotter,1,2,2.8000000000000003,0.9903104629080758,0.3543287726121318,0.5774120580388082
LT_k2,LieTrotter,1,2,2.85,0.9794618022990365,0.2790672257532126,0.5243187350662157
LT_k2,LieTrotter,1,2,2.9000000000000004,0.955139685409233,0.16897698683354964,0.44489240567828553
LT_k2,LieTrotter,1,2,2.95,0.9156197449783974,0.03196381382610153,0.35754284307373074
LT_k2,LieTrotter,1,2,3.0,0.8687018041672483,0.11867513178035421,0.2821219656842356
LT_k2,LieTrotter,1,2,3.0500000000000003,0.8310832143693936,0.26685057694629316,0.23285085472427175
LT_k2,LieTrotter,1,2,3.1,0.8198224733007843,0.3974451597439058,0.21545983195760804
LT_k2,LieTrotter,1,2,3.1500000000000004,0.8413949939619068,0.5000917225002969,0.22877391346467557
LT_k2,LieTrotter,1,2,3.2,0.8870149706324468,0.5715680709444835,0.2683320422302901
LT_k2,LieTrotter,1,2,3.25,0.9380559557596647,0.6157958754117676,0.3289954553829051
LT_k2,LieTrotter,1,2,3.3000000000000003,0.9771521024615069,0.6413541303452566,0.4050384238537256
LT_k2,LieTrotter,1,2,3.35,0.9965777250310514,0.6574742922046852,0.48857858926740017
LT_k2,LieTrotter,1,2,3.4000000000000004,0.9988706938811935,0.6701624244391959,0.5685946583635735
LT_k2,LieTrotter,1,2,3.45,0.9915397854845891,0.6800471634181202,0.6322547808309198
LT_k2,LieTrotter,1,2,3.5,0.9815263165292283,0.682792295784535,0.6683755996581844
LT_k2,LieTrotter,1,2,3.5500000000000003,0.9730572254997127,0.6718018810880533,0.6710750172356161
LT_k2,LieTrotter,1,2,3.6,0.9680482217328144,0.6420012968704162,0.6414014171190716
LT_k2,LieTrotter,1,2,3.6500000000000004,0.9666252587619296,0.5931023990498002,0.5860773938383189
LT_k2,LieTrotter,1,2,3.7,0.9673808509724098,0.5310588686850148,0.5144156260957826
LT_k2,LieTrotter,1,2,3.75,0.9685130039549542,0.4671840117040552,0.43550409993263883
LT_k2,LieTrotter,1,2,3.8000000000000003,0.9694899978644272,0.4152721500838643,0.3571958967877842
LT_k2,LieTrotter,1,2,3.85,0.971220304645594,0.3877065583266047,0.28678719008765646
LT_k2,LieTrotter,1,2,3.9000000000000004,0.9741924425537389,0.39178719012715313,0.23184349608153274
LT_k2,LieTrotter,1,2,3.95,0.9767793190129223,0.4273809274673824,0.19954860899791016
LT_k2,LieTrotter,1,2,4.0,0.9757770852238052,0.48659552821326246,0.1942752787950247
LT_k2,LieTrotter,1,2,4.05,0.9684964055355073,0.5556309758505382,0.21480133228397014
LT_k2,LieTrotter,1,2,4.1000000000000005,0.954212461188969,0.6183767707495711,0.25337675064210063
LT_k2,LieTrotter,1,2,4.15,0.9340528754570964,0.6608108957436453,0.2979942224333299
LT_k2,LieTrotter,1,2,4.2,0.9102408363382609,0.6749490847606809,0.33719974926100615
LT_k2,LieTrotter,1,2,4.25,0.8858864776270743,0.6611246427907227,0.3649316964975345
LT_k2,LieTrotter,1,2,4.3,0.8654135367170629,0.6278103733807436,0.3824907037858347
LT_k2,LieTrotter,1,2,4.3500000000000005,0.8545039342035697,0.5889419299349625,0.3962065569081961
LT_k2,LieTrotter,1,2,4.4,0.8582785257632735,0.5595287214813409,0.41188558099033146
LT_k2,LieTrotter,1,2,4.45,0.8778200956678005,0.5509332713399151,0.42919275727249295
LT_k2,LieTrotter,1,2,4.5,0.9072595197974986,0.5673170251102118,0.43945530001928074
LT_k2,LieTrotter,1,2,4.55,0.9344339748005659,0.6043328255379573,0.42866892447525573
LT_k2,LieTrotter,1,2,4.6000000000000005,0.9461473158521799,0.6503581880496669,0.3846279129684517
LT_k2,LieTrotter,1,2,4.65,0.9353747516767442,0.6897244709235287,0.3046601789421174
LT_k2,LieTrotter,1,2,4.7,0.9055468493605375,0.7068232996472886,0.19981391207113675
LT_k2,LieTrotter,1,2,4.75,0.8687656500983244,0.6898448279364762,0.09293381919746552
LT_k2,LieTrotter,1,2,4.800000000000001,0.8392991998482585,0.6332038813169211,0.011093065335245289
LT_k2,LieTrotter,1,2,4.8500000000000005,0.826932024205898,0.5382566036721044,0.0242738337578266
LT_k2,LieTrotter,1,2,4.9,0.833970074717048,0.41245989216548085,0.004991414572694364
LT_k2,LieTrotter,1,2,4.95,0.8562806694702169,0.26749099237714435,0.061908857545287854
LT_k2,LieTrotter,1,2,5.0,0.8862400610052592,0.11695654649615522,0.15850042796162173
LT_k2,LieTrotter,1,2,5.050000000000001,0.9156250172433757,0.02577540042307036,0.2640811206033957
LT_k2,LieTrotter,1,2,5.1000000000000005,0.9380185885549749,0.14928630630982598,0.36300335449457033
LT_k2,LieTrotter,1,2,5.15,0.9508901116787893,0.2452308764209907,0.4486586864803401
LT_k2,LieTrotter,1,2,5.2,0.956446300731612,0.30889524816437003,0.5223568430437453
LT_k2,LieTrotter,1,2,5.25,0.9594227362820764,0.33929511364560316,0.5885357474491706
LT_k2,LieTrotter,1,2,5.300000000000001,0.9617579075289027,0.3389412721660274,0.6493696775411183
LT_k2,LieTrotter,1,2,5.3500000000000005,0.9582325217339217,0.3133717337589151,0.7016721643238901
LT_k2,LieTrotter,1,2,5.4,0.9388087324950942,0.2704891334619684,0.7373632939634261
LT_k2,LieTrotter,1,2,5.45,0.8981518863300284,0.21968386376460997,0.7467875734567869
LT_k2,LieTrotter,1,2,5.5,0.8443314606622415,0.17071318394407575,0.7229380073248173
LT_k2,LieTrotter,1,2,5.550000000000001,0.7971603777402666,0.13237776771139886,0.6646307763150103
LT_k2,LieTrotter,1,2,5.6000000000000005,0.7759655314988326,0.11117639991200651,0.57755740260252
LT_k2,LieTrotter,1,2,5.65,0.7872141989804984,0.11025499101603892,0.4731873533492669
LT_k2,LieTrotter,1,2,5.7,0.8222524972715104,0.12899771267689777,0.36614438281970707
LT_k2,LieTrotter,1,2,5.75,0.865206139709598,0.1634709124024703,0.27086499744591985
LT_k2,LieTrotter,1,2,5.800000000000001,0.9027221694454082,0.2076507012204257,0.19834962261773792
LT_k2,LieTrotter,1,2,5.8500000000000005,0.9283067332276635,0.2550642362731338,0.15386197681205704
LT_k2,LieTrotter,1,2,5.9,0.9406955535534935,0.30030816123987425,0.13640968268910103
LT_k2,LieTrotter,1,2,5.95,0.9403078851079717,0.3399709185130748,0.1404232348438207
LT_k2,LieTrotter,1,2,6.0,0.9275904944791049,0.3727500606962556,0.15911703610920824
LT_k2,LieTrotter,1,2,6.050000000000001,0.9040849033505547,0.39888133898993283,0.18796054407402152
LT_k2,LieTrotter,1,2,6.1000000000000005,0.8743501819010029,0.41921798961657714,0.22628346697493107
LT_k2,LieTrotter,1,2,6.15,0.8462396062808333,0.43432811571320334,0.2758574674388929
LT_k2,LieTrotter,1,2,6.2,0.82859228490545,0.4438523392771745,0.3371175865526962
LT_k2,LieTrotter,1,2,6.25,0.8276268583147004,0.44620543235492305,0.405433157265615
LT_k2,LieTrotter,1,2,6.300000000000001,0.8443042692791471,0.43862511167687285,0.4702189284379869
LT_k2,LieTrotter,1,2,6.3500000000000005,0.8741474035871248,0.4175853439279711,0.5181497748686439
LT_k2,LieTrotter,1,2,6.4,0.9094380515559974,0.37961791972307274,0.5390783963546305
LT_k2,LieTrotter,1,2,6.45,0.9424765869062618,0.32251888493748154,0.5311879284826102
LT_k2,LieTrotter,1,2,6.5,0.9681968529335552,0.24672551726135356,0.5019916555667743
LT_k2,LieTrotter,1,2,6.550000000000001,0.9849412985500832,0.15642543632197997,0.4642201130704891
LT_k2,LieTrotter,1,2,6.6000000000000005,0.9933558119025903,0.059865279852866896,0.4289492804526782
LT_k2,LieTrotter,1,2,6.65,0.9945065926458224,0.0315138793029147,0.4002784123917
LT_k2,LieTrotter,1,2,6.7,0.9886549821319279,0.10508678463443176,0.374981879057336
LT_k2,LieTrotter,1,2,6.75,0.9753609706105316,0.1496955307944724,0.34725069719234275
LT_k2,LieTrotter,1,2,6.800000000000001,0.9544675604232127,0.1581166648180966,0.3150691765185158
LT_k2,LieTrotter,1,2,6.8500000000000005,0.9271784235005214,0.1285227585769592,0.2834353969967542
LT_k2,LieTrotter,1,2,6.9,0.8967895420403954,0.06446294336110181,0.2616101978509093
LT_k2,LieTrotter,1,2,6.95,0.8684716729689885,0.026572375832156936,0.2556879740485426
LT_k2,LieTrotter,1,2,7.0,0.8470998886998855,0.1354291513305801,0.2612958583597663
LT_k2,LieTrotter,1,2,7.050000000000001,0.8336003157275673,0.2535594467753145,0.2616984942887732
LT_k2,LieTrotter,1,2,7.1000000000000005,0.8232929835477553,0.37447844603007696,0.23354300725518118
LT_k2,LieTrotter,1,2,7.15,0.8096528324414098,0.4939357167359283,0.15780165363718301
LT_k2,LieTrotter,1,2,7.2,0.7913972363519062,0.6088189737875129,0.030153466342335733
LT_k2,LieTrotter,1,2,7.25,0.7756262917006346,0.7152948120178623,0.13479422501097416
LT_k2,LieTrotter,1,2,7.300000000000001,0.7726637837869678,0.8070173389440671,0.3075635037191617
LT_k2,LieTrotter,1,2,7.3500000000000005,0.7873270524992296,0.8742905350539958,0.4537279968085636
LT_k2,LieTrotter,1,2,7.4,0.8156213214179622,0.9048115017922764,0.5445133706136219
LT_k2,LieTrotter,1,2,7.45,0.849584191660342,0.886100166136585,0.5633893062065775
LT_k2,LieTrotter,1,2,7.5,0.8839259505526891,0.8090859381371345,0.5070458940421534
LT_k2,LieTrotter,1,2,7.550000000000001,0.91735063111371,0.6717916996526581,0.38254782146551175
LT_k2,LieTrotter,1,2,7.6000000000000005,0.9489335961250424,0.48184612220615963,0.20397516762839685
LT_k2,LieTrotter,1,2,7.65,0.975399480079898,0.25678801951149977,0.009204993899191882
LT_k2,LieTrotter,1,2,7.7,0.9924504646757433,0.021759872257892776,0.2323039192732111
LT_k2,LieTrotter,1,2,7.75,0.9975830056320576,0.19498554985393646,0.43632314335374744
LT_k2,LieTrotter,1,2,7.800000000000001,0.990833082726306,0.36762079757392424,0.5917516932703977
LT_k2,LieTrotter,1,2,7.8500000000000005,0.9735491848691757,0.477830910241525,0.6753787886262956
LT_k2,LieTrotter,1,2,7.9,0.9477680542032847,0.518113689137472,0.6777430310244031
LT_k2,LieTrotter,1,2,7.95,0.9172925614035772,0.49253256669768414,0.6075754058941281
LT_k2,LieTrotter,1,2,8.0,0.8888850322325683,0.41493421883162684,0.4904682773099187
LT_k2,LieTrotter,1,2,8.05,0.871373153596915,0.30532672942372385,0.361547220492896
LT_k2,LieTrotter,1,2,8.1,0.8721280500197752,0.1854933091984141,0.254700312121536
LT_k2,LieTrotter,1,2,8.15,0.892627797366759,0.07492192726720903,0.19245910440050007
LT_k2,LieTrotter,1,2,8.200000000000001,0.9260896347979324,0.01215826100395273,0.18024753442706526
LT_k2,LieTrotter,1,2,8.25,0.9594625035612592,0.06826417067506013,0.20678014361148622
LT_k2,LieTrotter,1,2,8.3,0.9794406492414159,0.09269498303429347,0.2499375862076808
LT_k2,LieTrotter,1,2,8.35,0.9791933256091888,0.09041904252320054,0.2855547870700007
LT_k2,LieTrotter,1,2,8.4,0.9615551867029449,0.07025544680176415,0.29584831539200623
LT_k2,LieTrotter,1,2,8.450000000000001,0.9365485116146509,0.04282701478395558,0.27471432910792537
LT_k2,LieTrotter,1,2,8.5,0.9149711521228341,0.01870792340480716,0.22845504435552344
LT_k2,LieTrotter,1,2,8.55,0.9024789589411049,0.007058022561783034,0.17210151598787893
LT_k2,LieTrotter,1,2,8.6,0.8978426953138865,0.014840803274771705,0.12290682948187753
LT_k2,LieTrotter,1,2,8.65,0.8954367638811602,0.04651340796081058,0.09342696789498517
LT_k2,LieTrotter,1,2,8.700000000000001,0.8889776011834878,0.10394242757066069,0.08666909857370197
LT_k2,LieTrotter,1,2,8.75,0.874002083011018,0.18631927738519996,0.09502552421940247
LT_k2,LieTrotter,1,2,8.8,0.8492906468791132,0.29003234881696066,0.10331734833518846
LT_k2,LieTrotter,1,2,8.85,0.8183377476494214,0.40870131021459305,0.09469502933870755
LT_k2,LieTrotter,1,2,8.9,0.7898643394523617,0.5337216900072357,0.05699777667172112
LT_k2,LieTrotter,1,2,8.950000000000001,0.7749615041171585,0.6555635149052061,0.01299665313780185
LT_k2,LieTrotter,1,2,9.0,0.7810515864924432,0.765709234816104,0.10901820573733279
LT_k2,LieTrotter,1,2,9.05,0.8069662282308143,0.8586679799808672,0.21827460963577894
LT_k2,LieTrotter,1,2,9.1,0.8435679242201817,0.9332300117632994,0.32608624384414564
LT_k2,LieTrotter,1,2,9.15,0.8795223155765957,0.9922421817427882,0.4196436768875803
LT_k2,LieTrotter,1,2,9.200000000000001,0.9073886466083569,1.0407171505347181,0.48913914715879375
LT_k2,LieTrotter,1,2,9.25,0.9259677435374998,1.0828287468935072,0.526423652679672
LT_k2,LieTrotter,1,2,9.3,0.9389728811888844,1.1189447932972252,0.5232153369115313
LT_k2,LieTrotter,1,2,9.35,0.952019093500686,1.1439950663485579,0.47144172022994935
LT_k2,LieTrotter,1,2,9.4,0.968631010132328,1.148055143163793,0.3669360999039328
LT_k2,LieTrotter,1,2,9.450000000000001,0.9861010006071378,1.119198201227719,0.2150637295848526
LT_k2,LieTrotter,1,2,9.5,0.9950856832610031,1.0477674514390811,0.03459868257833165
LT_k2,LieTrotter,1,2,9.55,0.9863459919613597,0.9306213161041192,0.1439580004157507
LT_k2,LieTrotter,1,2,9.600000000000001,0.9600099706871388,0.7738370811185835,0.2868485549084739
LT_k2,LieTrotter,1,2,9.65,0.9266165706794297,0.5928402323061435,0.3694515105406059
LT_k2,LieTrotter,1,2,9.700000000000001,0.8969433564915716,0.4097636141767682,0.3865910717529824
LT_k2,LieTrotter,1,2,9.75,0.8723693600822647,0.24872854312572645,0.3548340523957404
LT_k2,LieTrotter,1,2,9.8,0.8483999577546019,0.13038281206899832,0.3046232461941145
LT_k2,LieTrotter,1,2,9.850000000000001,0.8269391383410576,0.0672371416159741,0.2656896991862494
LT_k2,LieTrotter,1,2,9.9,0.8204342039167962,0.061073957875483365,0.25329509132762706
LT_k2,LieTrotter,1,2,9.950000000000001,0.8409381636609021,0.10307004146412657,0.26278045398217115
LT_k2,LieTrotter,1,2,10.0,0.8862977040361093,0.17648812794146093,0.27536725781437454
LT_k2,LieTrotter,1,2,10.05,0.9390998251966622,0.2610925401338172,0.2717015908439455
LT_k2,LieTrotter,1,2,10.100000000000001,0.9792008151275171,0.33802722469815616,0.24513236024036328
LT_k2,LieTrotter,1,2,10.15,0.9972181297295757,0.39385911782505006,0.20697139482710375
LT_k2,LieTrotter,1,2,10.200000000000001,0.9978432103160849,0.42281478448670884,0.18087942812858826
LT_k2,LieTrotter,1,2,10.25,0.9926703471785477,0.4268031541340237,0.19002718350974335
LT_k2,LieTrotter,1,2,10.3,0.9903060788671592,0.41344767578836394,0.24476473049771502
LT_k2,LieTrotter,1,2,10.350000000000001,0.9916718136774338,0.39287253859874494,0.33775483373813475
LT_k2,LieTrotter,1,2,10.4,0.9928491961523839,0.3742670819528615,0.44859085115708497
LT_k2,LieTrotter,1,2,10.450000000000001,0.991389083151362,0.36322570456654185,0.5541489177387453
LT_k2,LieTrotter,1,2,10.5,0.9894696222410222,0.36054336293535827,0.6380120895413093
LT_k2,LieTrotter,1,2,10.55,0.9907731222382533,0.36263562590762133,0.6938773015191004
LT_k2,LieTrotter,1,2,10.600000000000001,0.9945299498952405,0.36320796377529996,0.722488618168484
LT_k2,LieTrotter,1,2,10.65,0.9935701962603043,0.3554059369379082,0.725962875738742
LT_k2,LieTrotter,1,2,10.700000000000001,0.9796810171511684,0.33358179679144107,0.7044647111028989
LT_k2,LieTrotter,1,2,10.75,0.9520948636287754,0.294056485707649,0.6575656893319397
LT_k2,LieTrotter,1,2,10.8,0.9209190218763411,0.23474691121073463,0.5884674291199019
LT_k2,LieTrotter,1,2,10.850000000000001,0.9013309278561275,0.15406501552600602,0.5067673499005273
LT_k2,LieTrotter,1,2,10.9,0.9030223678746856,0.04984756798505566,0.4264666928405668
LT_k2,LieTrotter,1,2,10.950000000000001,0.9239716465086497,0.08091284736791411,0.3596856288703776
LT_k2,LieTrotter,1,2,11.0,0.9531984304996456,0.2411059194248964,0.3102263543869422
LT_k2,LieTrotter,1,2,11.05,0.9786360436898391,0.4314351873508846,0.2718901319468926
LT_k2,LieTrotter,1,2,11.100000000000001,0.9930424354365924,0.6479088264970524,0.233551858029857
LT_k2,LieTrotter,1,2,11.15,0.9952190803644874,0.8798675614220892,0.18831707653483581
LT_k2,LieTrotter,1,2,11.200000000000001,0.9886964876859661,1.1094886664035328,0.14087471996339707
LT_k2,LieTrotter,1,2,11.25,0.9798552442216879,1.3133239610693046,0.10775524860729246
LT_k2,LieTrotter,1,2,11.3,0.9751762220702297,1.4658303701660216,0.1094092095731054
LT_k2,LieTrotter,1,2,11.350000000000001,0.9778691267254616,1.544221195901922,0.158199267428202
LT_k2,LieTrotter,1,2,11.4,0.9861402508331575,1.5334951152498384,0.24922556599363044
LT_k2,LieTrotter,1,2,11.450000000000001,0.9946992656890998,1.4303312280456497,0.3595531758492755
LT_k2,LieTrotter,1,2,11.5,0.9982827269882766,1.2447346767293008,0.45670632206122797
LT_k2,LieTrotter,1,2,11.55,0.9945964260414226,0.9988440573461748,0.5121174915189785
LT_k2,LieTrotter,1,2,11.600000000000001,0.9849577295735455,0.723040677358554,0.5126287189604497
LT_k2,LieTrotter,1,2,11.65,0.9724199960348252,0.45023376820404676,0.46449205081248246
LT_k2,LieTrotter,1,2,11.700000000000001,0.9588113454867365,0.2097185338401989,0.3885628447473403
LT_k2,LieTrotter,1,2,11.75,0.9435434134340259,0.022143742661859006,0.3099096178968144
LT_k2,LieTrotter,1,2,11.8,0.9259377989767634,0.10318312858911038,0.24738623314165145
LT_k2,LieTrotter,1,2,11.850000000000001,0.9086189719244855,0.1681072272344926,0.20788219626885257
LT_k2,LieTrotter,1,2,11.9,0.8969627405315638,0.18285802151454802,0.1869140608630474
LT_k2,LieTrotter,1,2,11.950000000000001,0.8933607005549632,0.1617468931819601,0.1739300340014931
LT_k2,LieTrotter,1,2,12.0,0.8918888260540039,0.11875731305600748,0.15891047664317265
LT_k2,LieTrotter,1,2,12.05,0.8802830786762433,0.06434316736745346,0.13712499675778256
LT_k2,LieTrotter,1,2,12.100000000000001,0.8492402863455344,0.004195653068592653,0.11057429336490288
LT_k2,LieTrotter,1,2,12.15,0.8012496094787747,0.06004043157914837,0.08645038200241456
LT_k2,LieTrotter,1,2,12.200000000000001,0.7509282096285014,0.12881577487186097,0.07393244274040361
LT_k2,LieTrotter,1,2,12.25,0.7162482254185185,0.2025476396929238,0.08062491861997545
LT_k2,LieTrotter,1,2,12.3,0.7075836132005202,0.2802437476449241,0.10944650290452829
LT_k2,LieTrotter,1,2,12.350000000000001,0.7225472704513587,0.3593079465653458,0.1564465897427953
LT_k2,LieTrotter,1,2,12.4,0.749200002514715,0.436330778953774,0.21012072393662357
LT_k2,LieTrotter,1,2,12.450000000000001,0.7737840829427755,0.5082097321902148,0.25301172395929294
LT_k2,LieTrotter,1,2,12.5,0.786998144369694,0.5728485932067454,0.2661299238992749
LT_k2,LieTrotter,1,2,12.55,0.7858892815745447,0.6289688880896327,0.23566993903639788
LT_k2,LieTrotter,1,2,12.600000000000001,0.7728710841618285,0.6750722241625964,0.15996351375570012
LT_k2,LieTrotter,1,2,12.65,0.7546253958901873,0.7080768965512665,0.053515153119277126
LT_k2,LieTrotter,1,2,12.700000000000001,0.7412083933303695,0.722398956891275,0.054687398889363636
LT_k2,LieTrotter,1,2,12.75,0.7434584484795597,0.7101538888779702,0.12928242042189653
LT_k2,LieTrotter,1,2,12.8,0.7681225006599988,0.6627568631272127,0.1406430613354771
LT_k2,LieTrotter,1,2,12.850000000000001,0.8134637277198201,0.5736452183723251,0.07607497965899401
LT_k2,LieTrotter,1,2,12.9,0.8691450184652326,0.44133683799613344,0.05507387120063123
LT_k2,LieTrotter,1,2,12.950000000000001,0.9212528022931481,0.2717618971468219,0.22507939452209158
LT_k2,LieTrotter,1,2,13.0,0.9592752406474491,0.07888541851097647,0.3987917773913798
LT_k2,LieTrotter,1,2,13.05,0.9804569424673598,0.11691357977985867,0.5467192003671147
LT_k2,LieTrotter,1,2,13.100000000000001,0.989110527545312,0.2925417859947348,0.6540643319977296
LT_k2,LieTrotter,1,2,13.15,0.9920704228655411,0.42708433309539146,0.721820532406839
LT_k2,LieTrotter,1,2,13.200000000000001,0.9938426998460672,0.506528281640336,0.7603856560238675
LT_k2,LieTrotter,1,2,13.25,0.9947695234463824,0.5269236666828611,0.7800641182944176
LT_k2,LieTrotter,1,2,13.3,0.9930214340369343,0.49504228909008946,0.7840709733280183
LT_k2,LieTrotter,1,2,13.350000000000001,0.9881667666604574,0.42637656567274873,0.7676411292275108
LT_k2,LieTrotter,1,2,13.4,0.9828116858990288,0.34114084334040495,0.7229717229811142
LT_k2,LieTrotter,1,2,13.450000000000001,0.9806920748104679,0.25949599263200734,0.6464064729388673
LT_k2,LieTrotter,1,2,13.5,0.9831335909094077,0.19733610482290714,0.5433928930807904
LT_k2,LieTrotter,1,2,13.55,0.9874426836480668,0.16366121762230423,0.42852582510739934
LT_k2,LieTrotter,1,2,13.600000000000001,0.9887414006259572,0.15997807872179393,0.3210199312354353
LT_k2,LieTrotter,1,2,13.65,0.9833150721635577,0.18155172695021043,0.23827422302522797
LT_k2,LieTrotter,1,2,13.700000000000001,0.9704782854387566,0.2198663698980664,0.19062429521445012
LT_k2,LieTrotter,1,2,13.75,0.9519864008483195,0.26544333153883853,0.1791371219464843
LT_k2,LieTrotter,1,2,13.8,0.9303641982556273,0.3102131480362269,0.1965692801142946
LT_k2,LieTrotter,1,2,13.850000000000001,0.9078776980952514,0.34889493918191267,0.23050438828048092
LT_k2,LieTrotter,1,2,13.9,0.8867643501440876,0.3792142755596336,0.26749719480480116
LT_k2,LieTrotter,1,2,13.950000000000001,0.8701560665041487,0.4011848284776005,0.29726633515633294
LT_k2,LieTrotter,1,2,14.0,0.8622085223654323,0.4159688686809795,0.31598047418731573
LT_k2,LieTrotter,1,2,14.05,0.8660024203495148,0.4249104817524667,0.32744349586413846
LT_k2,LieTrotter,1,2,14.100000000000001,0.8802202156542723,0.42916065880552573,0.3411006784264864
LT_k2,LieTrotter,1,2,14.15,0.8985877499687459,0.42995049517388534,0.36683945287831077
LT_k2,LieTrotter,1,2,14.200000000000001,0.9143199259884229,0.42918565182166646,0.4083612407636301
LT_k2,LieTrotter,1,2,14.25,0.9252984523056891,0.4298312724720111,0.4583713532791599
LT_k2,LieTrotter,1,2,14.3,0.9334876056998498,0.43565334440834763,0.4986942093307345
LT_k2,LieTrotter,1,2,14.350000000000001,0.9394273617550389,0.4502426734223751,0.5062542531479418
LT_k2,LieTrotter,1,2,14.4,0.9398529839633896,0.47567953940863916,0.46266531929881494
LT_k2,LieTrotter,1,2,14.450000000000001,0.9320317827061566,0.5114548523918274,0.36286927876385644
LT_k2,LieTrotter,1,2,14.5,0.9182715402007248,0.5541897700125498,0.21844437769015368
LT_k2,LieTrotter,1,2,14.55,0.9036906337162192,0.5983201498678468,0.053944481333441985
LT_k2,LieTrotter,1,2,14.600000000000001,0.8901673296780753,0.6374425063998631,0.10166953124406225
LT_k2,LieTrotter,1,2,14.65,0.874460408091063,0.6657212599226073,0.22405916770377632
LT_k2,LieTrotter,1,2,14.700000000000001,0.8523076702260003,0.6788004133035721,0.2989015938250596
LT_k2,LieTrotter,1,2,14.75,0.823120304284429,0.6740115724859423,0.32224306551540494
LT_k2,LieTrotter,1,2,14.8,0.7909966767677832,0.6501061105756613,0.2975295084979196
LT_k2,LieTrotter,1,2,14.850000000000001,0.7631024067780454,0.6069922417768945,0.23248975043668285
LT_k2,LieTrotter,1,2,14.9,0.7479777646669785,0.5458723568686303,0.13803012791243996
LT_k2,LieTrotter,1,2,14.950000000000001,0.7538145929892186,0.46980948086205576,0.02879617694349712
LT_k2,LieTrotter,1,2,15.0,0.7853266310956948,0.38434146768006017,0.07690337057509367
ST2_k2,SuzukiTrotter,2,2,0.0,0.0,0.0,0.0
ST2_k2,SuzukiTrotter,2,2,0.05,7.935069668008055e-08,1.9534323247638596e-05,4.430711028535761e-05
ST2_k2,SuzukiTrotter,2,2,0.1,4.955949605589538e-06,0.00029257882239508426,0.0006705495431271746
ST2_k2,SuzukiTrotter,2,2,0.15000000000000002,5.4014705699212406e-05,0.0013284519719515275,0.0030982065131555103
ST2_k2,SuzukiTrotter,2,2,0.2,0.0002835065045369012,0.003615850130419096,0.00864068622692038
ST2_k2,SuzukiTrotter,2,2,0.25,0.0009818150451849084,0.007328039753067617,0.018050786026613252
ST2_k2,SuzukiTrotter,2,2,0.30000000000000004,0.0025762905518185164,0.012231320595669004,0.03117047549450558
ST2_k2,SuzukiTrotter,2,2,0.35000000000000003,0.005513227686268829,0.017834204029018058,0.04700084756048928
ST2_k2,SuzukiTrotter,2,2,0.4,0.010072534170776692,0.023637330817658106,0.06406999537376307
ST2_k2,SuzukiTrotter,2,2,0.45,0.016256640012219048,0.029253759409794466,0.08087039018004599
ST2_k2,SuzukiTrotter,2,2,0.5,0.02392290784383977,0.034235481207832374,0.09620222527314781
ST2_k2,SuzukiTrotter,2,2,0.55,0.03322676501012323,0.037637895226019735,0.10939714628553088
ST2_k2,SuzukiTrotter,2,2,0.6000000000000001,0.04524275857532467,0.037567851067101615,0.12046697226971342
ST2_k2,SuzukiTrotter,2,2,0.65,0.06245486170148695,0.03106017160756197,0.13016635776339203
ST2_k2,SuzukiTrotter,2,2,0.7000000000000001,0.08877251969694178,0.014535888486290477,0.13985298981695327
ST2_k2,SuzukiTrotter,2,2,0.75,0.128865280459322,0.01516182059315345,0.15101683265169075
ST2_k2,SuzukiTrotter,2,2,0.8,0.1868587946989868,0.05946299816726859,0.16450864919841257
ST2_k2,SuzukiTrotter,2,2,0.8500000000000001,0.26470975800753205,0.11700565928323572,0.17975296913898553
ST2_k2,SuzukiTrotter,2,2,0.9,0.36081240627142375,0.18329592158254981,0.19439230256189077
ST2_k2,SuzukiTrotter,2,2,0.9500000000000001,0.469520948240326,0.2513186715490695,0.2047141401609917
ST2_k2,SuzukiTrotter,2,2,1.0,0.5821278959184951,0.3129243138248582,0.2068605572065238
ST2_k2,SuzukiTrotter,2,2,1.05,0.6891844178049716,0.36046407501099303,0.19840010727851043
ST2_k2,SuzukiTrotter,2,2,1.1,0.783034050684668,0.3880292235660381,0.1796106267485032
ST2_k2,SuzukiTrotter,2,2,1.1500000000000001,0.8589305228046888,0.39185889612660524,0.15392851733917767
ST2_k2,SuzukiTrotter,2,2,1.2000000000000002,0.9140508094543126,0.36993629794285066,0.12739945986763268
ST2_k2,SuzukiTrotter,2,2,1.25,0.945681947210216,0.3212566634026517,0.10738381460623558
ST2_k2,SuzukiTrotter,2,2,1.3,0.9509247198948156,0.2454469159829096,0.10099110984325593
ST2_k2,SuzukiTrotter,2,2,1.35,0.9289726216441894,0.14320027919394096,0.11366397530150474
ST2_k2,SuzukiTrotter,2,2,1.4000000000000001,0.8844066964182669,0.01745378884811441,0.1481192690919801
ST2_k2,SuzukiTrotter,2,2,1.4500000000000002,0.8285957980411073,0.12531554079631346,0.203683979064554
ST2_k2,SuzukiTrotter,2,2,1.5,0.7774836356869148,0.27453601566957575,0.27605448508373226
ST2_k2,SuzukiTrotter,2,2,1.55,0.7465093428312524,0.4163517818003796,0.35760617592009997
ST2_k2,SuzukiTrotter,2,2,1.6,0.7451095142642564,0.5358341766815755,0.4384164768748583
ST2_k2,SuzukiTrotter,2,2,1.6500000000000001,0.7734097749792959,0.6200055467588598,0.5080078401920223
ST2_k2,SuzukiTrotter,2,2,1.7000000000000002,0.8226896128909384,0.6607376180326368,0.5575037637268807
ST2_k2,SuzukiTrotter,2,2,1.75,0.8794098637937771,0.6566387349431191,0.5816127406616044
ST2_k2,SuzukiTrotter,2,2,1.8,0.9306363566011171,0.6134061237812009,0.5798189921443383
ST2_k2,SuzukiTrotter,2,2,1.85,0.967969355321595,0.5425850516022911,0.5564220526247363
ST2_k2,SuzukiTrotter,2,2,1.9000000000000001,0.9885545500171852,0.4590730149094685,0.5194842367225507
ST2_k2,SuzukiTrotter,2,2,1.9500000000000002,0.9939960516477051,0.37796603721332894,0.4790725547603198
ST2_k2,SuzukiTrotter,2,2,2.0,0.9885332006791704,0.31147196993196036,0.4452619199901656
ST2_k2,SuzukiTrotter,2,2,2.0500000000000003,0.9768983816251158,0.26661840035342044,0.4262410761654514
ST2_k2,SuzukiTrotter,2,2,2.1,0.9624041142966295,0.2443338043389832,0.4267220941499581
ST2_k2,SuzukiTrotter,2,2,2.15,0.946841002439645,0.24015778459305884,0.4468599366264725
ST2_k2,SuzukiTrotter,2,2,2.2,0.9324504926592109,0.2463825919119502,0.48201376139500096
ST2_k2,SuzukiTrotter,2,2,2.25,0.9230465883928141,0.25497072821266864,0.5237134227277311
ST2_k2,SuzukiTrotter,2,2,2.3000000000000003,0.9217269526108981,0.26029890610877005,0.5619144408758414
ST2_k2,SuzukiTrotter,2,2,2.35,0.9275472654305134,0.2607787983383702,0.5880340358522135
ST2_k2,SuzukiTrotter,2,2,2.4000000000000004,0.9358869211162233,0.2587400978029242,0.5976623068817718
ST2_k2,SuzukiTrotter,2,2,2.45,0.9427132913001853,0.2585592670044278,0.5916794188593355
ST2_k2,SuzukiTrotter,2,2,2.5,0.9478492292609119,0.26369945428723207,0.575049179809205
ST2_k2,SuzukiTrotter,2,2,2.5500000000000003,0.9538522360948049,0.2738395594188542,0.5536450931216055
ST2_k2,SuzukiTrotter,2,2,2.6,0.9624413947494362,0.2833597049774449,0.5305381224015777
ST2_k2,SuzukiTrotter,2,2,2.6500000000000004,0.9723199715735906,0.2819887932191406,0.5035908710440044
ST2_k2,SuzukiTrotter,2,2,2.7,0.9797299645277319,0.25752793079354475,0.46564737689990243
ST2_k2,SuzukiTrotter,2,2,2.75,0.9804379696050962,0.1996243435299429,0.40733589899332956
ST2_k2,SuzukiTrotter,2,2,2.8000000000000003,0.971575021584421,0.10306704652766174,0.3212117919493832
ST2_k2,SuzukiTrotter,2,2,2.85,0.952952352371148,0.030690890349527877,0.205377408765689
ST2_k2,SuzukiTrotter,2,2,2.9000000000000004,0.9282226408499068,0.19420861516378418,0.06511767293396009
ST2_k2,SuzukiTrotter,2,2,2.95,0.9052821841488619,0.3763301307676925,0.08782496763058323
ST2_k2,SuzukiTrotter,2,2,3.0,0.8939444237873121,0.5648377357207248,0.23763437075660987
ST2_k2,SuzukiTrotter,2,2,3.0500000000000003,0.9005072305017326,0.7483689144760377,0.36730166318844915
ST2_k2,SuzukiTrotter,2,2,3.1,0.9230615903302084,0.9171329455580445,0.46114400358204954
ST2_k2,SuzukiTrotter,2,2,3.1500000000000004,0.9523716043630608,1.062701577337407,0.5067877679151971
ST2_k2,SuzukiTrotter,2,2,3.2,0.9779440272343011,1.1775321751845418,0.4969172751362012
ST2_k2,SuzukiTrotter,2,2,3.25,0.9936355444411653,1.2547909082524544,0.43098372309334554
ST2_k2,SuzukiTrotter,2,2,3.3000000000000003,0.9986795262672407,1.2886894303969467,0.31650188074302366
ST2_k2,SuzukiTrotter,2,2,3.35,0.9955394394779141,1.2752416301944607,0.1690472681948576
ST2_k2,SuzukiTrotter,2,2,3.4000000000000004,0.9878755668837049,1.2132357887562435,0.010126268732286725
ST2_k2,SuzukiTrotter,2,2,3.45,0.9793509851099355,1.1052199556517524,0.13713727361719652
ST2_k2,SuzukiTrotter,2,2,3.5,0.9724061838395812,0.9582566530661507,0.2534479146914298
ST2_k2,SuzukiTrotter,2,2,3.5500000000000003,0.9673035694594102,0.7840879610782491,0.32807942419617
ST2_k2,SuzukiTrotter,2,2,3.6,0.9623704556438729,0.598312899389822,0.3611218226615816
ST2_k2,SuzukiTrotter,2,2,3.6500000000000004,0.9552198648087862,0.4183917641934582,0.3623684967210633
ST2_k2,SuzukiTrotter,2,2,3.7,0.944243297034542,0.26075564073852775,0.347314522027383
ST2_k2,SuzukiTrotter,2,2,3.75,0.930289168537018,0.13778079964894485,0.33182065174127906
ST2_k2,SuzukiTrotter,2,2,3.8000000000000003,0.9177733962317861,0.05557951849964965,0.3273433095180704
ST2_k2,SuzukiTrotter,2,2,3.85,0.9130146613804558,0.01331556057143038,0.33818520020436027
ST2_k2,SuzukiTrotter,2,2,3.9000000000000004,0.9191983280937488,0.004202601194449457,0.36131894222813843
ST2_k2,SuzukiTrotter,2,2,3.95,0.9319510753620422,0.017785850567892947,0.38844375383845836
ST2_k2,SuzukiTrotter,2,2,4.0,0.9408697296479513,0.042788617649702404,0.4093730050350014
ST2_k2,SuzukiTrotter,2,2,4.05,0.9369732621090675,0.06977649318519641,0.4156759254291508
ST2_k2,SuzukiTrotter,2,2,4.1000000000000005,0.9195839558259219,0.09303954001258133,0.40358729058898996
ST2_k2,SuzukiTrotter,2,2,4.15,0.8965265798025892,0.11129547659406204,0.3754246859075815
ST2_k2,SuzukiTrotter,2,2,4.2,0.8782941166809541,0.12705302447558872,0.3390847731619373
ST2_k2,SuzukiTrotter,2,2,4.25,0.8720176073276336,0.14478953862943167,0.30566370531395826
ST2_k2,SuzukiTrotter,2,2,4.3,0.879580744076714,0.16847663234369614,0.28583679911235677
ST2_k2,SuzukiTrotter,2,2,4.3500000000000005,0.8990071292195703,0.19928691394127512,0.2861642737541952
ST2_k2,SuzukiTrotter,2,2,4.4,0.9256635380068989,0.2343338350276017,0.3066888915526615
ST2_k2,SuzukiTrotter,2,2,4.45,0.9523430890406495,0.2669463979522706,0.34085268486095754
ST2_k2,SuzukiTrotter,2,2,4.5,0.9709038933942769,0.28839089721610334,0.37791902550748
ST2_k2,SuzukiTrotter,2,2,4.55,0.9768262698828754,0.29040994452738317,0.40706000450783897
ST2_k2,SuzukiTrotter,2,2,4.6000000000000005,0.9725763066309914,0.267709435064446,0.4215207443385687
ST2_k2,SuzukiTrotter,2,2,4.65,0.9648762527111644,0.21964531989488417,0.42117335750961704
ST2_k2,SuzukiTrotter,2,2,4.7,0.9586101466966048,0.15069872945431545,0.4124034704606411
ST2_k2,SuzukiTrotter,2,2,4.75,0.955310039107418,0.06967369548903107,0.4053721770878299
ST2_k2,SuzukiTrotter,2,2,4.800000000000001,0.9570022934840857,0.012200776526697404,0.4097920047848859
ST2_k2,SuzukiTrotter,2,2,4.8500000000000005,0.9669136111653455,0.08390030508376832,0.43097795841921877
ST2_k2,SuzukiTrotter,2,2,4.9,0.9835731448727634,0.13741186022367213,0.4678209044229698
ST2_k2,SuzukiTrotter,2,2,4.95,0.9973850053237889,0.1699819033358879,0.5135225441673066
ST2_k2,SuzukiTrotter,2,2,5.0,0.9973444725009312,0.18503791391341617,0.5587515866365099
ST2_k2,SuzukiTrotter,2,2,5.050000000000001,0.9809703303838946,0.1912836747474705,0.5958101836047842
ST2_k2,SuzukiTrotter,2,2,5.1000000000000005,0.9557577058506742,0.2000440642238347,0.6219009068448704
ST2_k2,SuzukiTrotter,2,2,5.15,0.9321158047554615,0.22161216345586407,0.639919060987418
ST2_k2,SuzukiTrotter,2,2,5.2,0.9168157388061107,0.2618074681302427,0.6562884427931888
ST2_k2,SuzukiTrotter,2,2,5.25,0.9115850600284651,0.3199420420427981,0.6767784866110252
ST2_k2,SuzukiTrotter,2,2,5.300000000000001,0.9148235286339532,0.38889453459153106,0.7023365075032068
ST2_k2,SuzukiTrotter,2,2,5.3500000000000005,0.9240873779771832,0.4572317139582323,0.7271552694111652
ST2_k2,SuzukiTrotter,2,2,5.4,0.9378544874456352,0.5126214016413809,0.7402693632526911
ST2_k2,SuzukiTrotter,2,2,5.45,0.9549040290605906,0.5454091423215678,0.7302852880144834
ST2_k2,SuzukiTrotter,2,2,5.5,0.9724386284766595,0.5512695941383936,0.6912009455974114
ST2_k2,SuzukiTrotter,2,2,5.550000000000001,0.9865975017917976,0.5322117885719978,0.626530196619067
ST2_k2,SuzukiTrotter,2,2,5.6000000000000005,0.9953293573059333,0.4957491778716185,0.5495785848337883
ST2_k2,SuzukiTrotter,2,2,5.65,0.9992937397351505,0.4525735265124817,0.4794724544098464
ST2_k2,SuzukiTrotter,2,2,5.7,0.9994228812963923,0.4134690799280707,0.4345578100506797
ST2_k2,SuzukiTrotter,2,2,5.75,0.9947093580834986,0.3863871996170953,0.42601942308492957
ST2_k2,SuzukiTrotter,2,2,5.800000000000001,0.9824208473853857,0.3745313866470256,0.45439271657136654
ST2_k2,SuzukiTrotter,2,2,5.8500000000000005,0.959131735332201,0.3759909201078897,0.5101833857473158
ST2_k2,SuzukiTrotter,2,2,5.9,0.9216311057930161,0.38498614517007007,0.5778873981489665
ST2_k2,SuzukiTrotter,2,2,5.95,0.8692214665930147,0.3942844447831453,0.6413342904530102
ST2_k2,SuzukiTrotter,2,2,6.0,0.8077325437178602,0.3979671848838038,0.6880940932223807
ST2_k2,SuzukiTrotter,2,2,6.050000000000001,0.7519829840109569,0.39359763992018026,0.7116120633095351
ST2_k2,SuzukiTrotter,2,2,6.1000000000000005,0.7220899998984007,0.3830115770947683,0.7110838583409599
ST2_k2,SuzukiTrotter,2,2,6.15,0.7328078037919412,0.37139378763075626,0.6900412113295773
ST2_k2,SuzukiTrotter,2,2,6.2,0.7824546403993545,0.3649005157913958,0.654741480791465
ST2_k2,SuzukiTrotter,2,2,6.25,0.851224818290326,0.3676573437619793,0.6128953242135247
ST2_k2,SuzukiTrotter,2,2,6.300000000000001,0.9116799516266944,0.37929169380832595,0.5725893672843121
ST2_k2,SuzukiTrotter,2,2,6.3500000000000005,0.9439289794085107,0.39407460841590025,0.5410079905147869
ST2_k2,SuzukiTrotter,2,2,6.4,0.945861645576202,0.40220606530029107,0.5228760087431223
ST2_k2,SuzukiTrotter,2,2,6.45,0.9332956029757934,0.39294120099660484,0.5191132412594217
ST2_k2,SuzukiTrotter,2,2,6.5,0.9288591849328989,0.3584608641753739,0.5264947006118315
ST2_k2,SuzukiTrotter,2,2,6.550000000000001,0.9446864503451946,0.29701827921425183,0.5388226583518987
ST2_k2,SuzukiTrotter,2,2,6.6000000000000005,0.9729281474236325,0.21415805683218186,0.549350531126644
ST2_k2,SuzukiTrotter,2,2,6.65,0.9946775198883361,0.12160411906057302,0.5534271813139527
ST2_k2,SuzukiTrotter,2,2,6.7,0.9977677509098282,0.03435864914401847,0.5500671580902097
ST2_k2,SuzukiTrotter,2,2,6.75,0.9828865144629712,0.03282631057829173,0.5416070289478355
ST2_k2,SuzukiTrotter,2,2,6.800000000000001,0.9543260903964693,0.0684237560014552,0.5315518529673872
ST2_k2,SuzukiTrotter,2,2,6.8500000000000005,0.912382688770739,0.06586899698881468,0.521633495922226
ST2_k2,SuzukiTrotter,2,2,6.9,0.8581414794679294,0.02401811590224845,0.5095094463643701
ST2_k2,SuzukiTrotter,2,2,6.95,0.8006904009868226,0.05331566970623847,0.4882455793494258
ST2_k2,SuzukiTrotter,2,2,7.0,0.7546232003185356,0.15838266249776134,0.44793608433790605
ST2_k2,SuzukiTrotter,2,2,7.050000000000001,0.7314213863950465,0.28091431184660776,0.37892486504073064
ST2_k2,SuzukiTrotter,2,2,7.1000000000000005,0.7348351219287909,0.40987550838878906,0.27549109798858135
ST2_k2,SuzukiTrotter,2,2,7.15,0.7613575916633373,0.5353042724487188,0.1387382343833426
ST2_k2,SuzukiTrotter,2,2,7.2,0.8010843769998011,0.6496647316022964,0.022254414686324275
ST2_k2,SuzukiTrotter,2,2,7.25,0.8394185688757506,0.748032140171152,0.19137349561415862
ST2_k2,SuzukiTrotter,2,2,7.300000000000001,0.8631587678379443,0.8268208214771321,0.34822727634101186
ST2_k2,SuzukiTrotter,2,2,7.3500000000000005,0.8680214832994462,0.8815772318682318,0.4719346339884763
ST2_k2,SuzukiTrotter,2,2,7.4,0.8595562625941743,0.905128955549645,0.5449349174786265
ST2_k2,SuzukiTrotter,2,2,7.45,0.8459568678930904,0.8875432581337103,0.5559095077500815
ST2_k2,SuzukiTrotter,2,2,7.5,0.8316259885736247,0.81864144135366,0.5013068074660925
ST2_k2,SuzukiTrotter,2,2,7.550000000000001,0.8193549678123101,0.6925048257717037,0.3854952804868876
ST2_k2,SuzukiTrotter,2,2,7.6000000000000005,0.8166219968939085,0.5121802169672209,0.21998124378473272
ST2_k2,SuzukiTrotter,2,2,7.65,0.8346333920335018,0.29235216061384806,0.02220334541286262
ST2_k2,SuzukiTrotter,2,2,7.7,0.8778504545679446,0.05839489490763117,0.18587775776351634
ST2_k2,SuzukiTrotter,2,2,7.75,0.9351025949322544,0.1583377603063813,0.3796234540280571
ST2_k2,SuzukiTrotter,2,2,7.800000000000001,0.982922900321803,0.32758182146194814,0.5344635521639582
ST2_k2,SuzukiTrotter,2,2,7.8500000000000005,0.9987551336037335,0.42726379257690406,0.6297655927555933
ST2_k2,SuzukiTrotter,2,2,7.9,0.9735019901020171,0.4483647411689222,0.6533336169922511
ST2_k2,SuzukiTrotter,2,2,7.95,0.9166739834907905,0.3962021238474595,0.6052343015441812
ST2_k2,SuzukiTrotter,2,2,8.0,0.8531366589621743,0.2880870158430133,0.49928078865420866
ST2_k2,SuzukiTrotter,2,2,8.05,0.8115681085627537,0.14844445238279136,0.36095034221429995
ST2_k2,SuzukiTrotter,2,2,8.1,0.8081014701428957,0.0030682953087103337,0.22171547495748978
ST2_k2,SuzukiTrotter,2,2,8.15,0.8365560619088036,0.1258644518981724,0.1112239811947871
ST2_k2,SuzukiTrotter,2,2,8.200000000000001,0.8759878433521423,0.2229151416083402,0.0497695812264034
ST2_k2,SuzukiTrotter,2,2,8.25,0.9097396209027879,0.28026511866111253,0.04353660481985916
ST2_k2,SuzukiTrotter,2,2,8.3,0.9358270245852377,0.29667165836498754,0.0841327394152741
ST2_k2,SuzukiTrotter,2,2,8.35,0.9581966223157197,0.27529649098462444,0.15237961468083372
ST2_k2,SuzukiTrotter,2,2,8.4,0.9726990750318066,0.2214028516921816,0.2248827970788213
ST2_k2,SuzukiTrotter,2,2,8.450000000000001,0.968315532776024,0.14080994466669638,0.2811091557869041
ST2_k2,SuzukiTrotter,2,2,8.5,0.9432330900113826,0.03961249638804049,0.3087673569978615
ST2_k2,SuzukiTrotter,2,2,8.55,0.9144676638737248,0.07489316801469231,0.30605353353069986
ST2_k2,SuzukiTrotter,2,2,8.6,0.9064347186061488,0.19272314425922032,0.2804202500137227
ST2_k2,SuzukiTrotter,2,2,8.65,0.9289982292311662,0.3001952258995917,0.24458267767469327
ST2_k2,SuzukiTrotter,2,2,8.700000000000001,0.9677511181180112,0.38041099942107015,0.21123605637026172
ST2_k2,SuzukiTrotter,2,2,8.75,0.9959972440716505,0.4157449854569197,0.18828220301858106
ST2_k2,SuzukiTrotter,2,2,8.8,0.9966036393159435,0.3920013764503177,0.17617880210904435
ST2_k2,SuzukiTrotter,2,2,8.85,0.9744784859920703,0.30303429033696017,0.16833206853213067
ST2_k2,SuzukiTrotter,2,2,8.9,0.9504024370385662,0.15415873923968249,0.1543834215374632
ST2_k2,SuzukiTrotter,2,2,8.950000000000001,0.9429418189545424,0.0371242188977529,0.1251143729309191
ST2_k2,SuzukiTrotter,2,2,9.0,0.9545676918559131,0.24372909373850093,0.07696366242787023
ST2_k2,SuzukiTrotter,2,2,9.05,0.973531393490715,0.43440753541023536,0.014207828526773492
ST2_k2,SuzukiTrotter,2,2,9.1,0.9872936679126176,0.5804953191927017,0.052211299622847096
ST2_k2,SuzukiTrotter,2,2,9.15,0.9920705217757269,0.6620502091381009,0.10876285365667238
ST2_k2,SuzukiTrotter,2,2,9.200000000000001,0.990283506340422,0.6716873004158392,0.14452090818273938
ST2_k2,SuzukiTrotter,2,2,9.25,0.9840574816421108,0.6151944945299065,0.15514699367661566
ST2_k2,SuzukiTrotter,2,2,9.3,0.9750220112293795,0.5090033823457152,0.14388681052893887
ST2_k2,SuzukiTrotter,2,2,9.35,0.9666812878107544,0.3754639699468329,0.11921678122375212
ST2_k2,SuzukiTrotter,2,2,9.4,0.9599575400541881,0.23738590821016628,0.09035852125149607
ST2_k2,SuzukiTrotter,2,2,9.450000000000001,0.9459153406095431,0.11336266414101259,0.06286233546003678
ST2_k2,SuzukiTrotter,2,2,9.5,0.9095193725474132,0.015016250660542907,0.03637927787760031
ST2_k2,SuzukiTrotter,2,2,9.55,0.8453977063338021,0.05337742263912759,0.005660220420525275
ST2_k2,SuzukiTrotter,2,2,9.600000000000001,0.7682913546963335,0.09318755633343945,0.03572293703539431
ST2_k2,SuzukiTrotter,2,2,9.65,0.7047596181801148,0.10856916575513376,0.09072055428740622
ST2_k2,SuzukiTrotter,2,2,9.700000000000001,0.6743146307074841,0.10362792783474584,0.15545570627499095
ST2_k2,SuzukiTrotter,2,2,9.75,0.6788764893163535,0.08063575851374083,0.21888372264351041
ST2_k2,SuzukiTrotter,2,2,9.8,0.7077954891713898,0.039826535768038906,0.26588225891340167
ST2_k2,SuzukiTrotter,2,2,9.850000000000001,0.7491346879407481,0.019339173775587415,0.2827172544321531
ST2_k2,SuzukiTrotter,2,2,9.9,0.795495681563865,0.09610393069735862,0.26276071147202235
ST2_k2,SuzukiTrotter,2,2,9.950000000000001,0.8426152667433839,0.18648748450955832,0.21011001733341234
ST2_k2,SuzukiTrotter,2,2,10.0,0.8866904194177054,0.28239958492701117,0.13949011383422688
ST2_k2,SuzukiTrotter,2,2,10.05,0.9245590693543865,0.3723221234000773,0.07224960915085676
ST2_k2,SuzukiTrotter,2,2,10.100000000000001,0.9550989876880613,0.44353712939238693,0.02983013492200376
ST2_k2,SuzukiTrotter,2,2,10.15,0.9786490120459539,0.4853064146138813,0.027135557682988254
ST2_k2,SuzukiTrotter,2,2,10.200000000000001,0.9945461562140784,0.49200984334303977,0.06827373095628597
ST2_k2,SuzukiTrotter,2,2,10.25,0.9997824208925461,0.46517191120623436,0.1461318980007255
ST2_k2,SuzukiTrotter,2,2,10.3,0.9908977275885825,0.41360169039209754,0.24561903543151326
ST2_k2,SuzukiTrotter,2,2,10.350000000000001,0.9678559171122874,0.3514562464654522,0.3489262565815723
ST2_k2,SuzukiTrotter,2,2,10.4,0.9361224716628869,0.29471259281422535,0.4405268450948243
ST2_k2,SuzukiTrotter,2,2,10.450000000000001,0.9040173401713891,0.25705490414244125,0.5101287668679115
ST2_k2,SuzukiTrotter,2,2,10.5,0.8767547200001409,0.24636330429278352,0.5530713534661704
ST2_k2,SuzukiTrotter,2,2,10.55,0.8527528779385386,0.2627698840559214,0.5689705733103784
ST2_k2,SuzukiTrotter,2,2,10.600000000000001,0.8267241898096104,0.2987198133681999,0.5600309290439214
ST2_k2,SuzukiTrotter,2,2,10.65,0.7975035937467987,0.3408446999694779,0.530085277399255
ST2_k2,SuzukiTrotter,2,2,10.700000000000001,0.7731076564393328,0.37295430598441714,0.4844470476227681
ST2_k2,SuzukiTrotter,2,2,10.75,0.7673883441254513,0.379248696137126,0.4297980923761445
ST2_k2,SuzukiTrotter,2,2,10.8,0.7902628867952217,0.3469799135777303,0.3732195316096436
ST2_k2,SuzukiTrotter,2,2,10.850000000000001,0.8393880440347385,0.2681418260689604,0.32019768182836406
ST2_k2,SuzukiTrotter,2,2,10.9,0.9000658193760611,0.140149600640429,0.2724860066480037
ST2_k2,SuzukiTrotter,2,2,10.950000000000001,0.9534861016204028,0.03427739796153538,0.22728653371532412
ST2_k2,SuzukiTrotter,2,2,11.0,0.9869437545078903,0.2477447818286117,0.17880468192059779
ST2_k2,SuzukiTrotter,2,2,11.05,0.9987347580488953,0.48908325084234516,0.1219522659233247
ST2_k2,SuzukiTrotter,2,2,11.100000000000001,0.9955276939886635,0.7443317308382487,0.05655976929023493
ST2_k2,SuzukiTrotter,2,2,11.15,0.9860820389397068,0.9976414759114136,0.010185746836672005
ST2_k2,SuzukiTrotter,2,2,11.200000000000001,0.9766350675502377,1.2319980601900338,0.06473906186144762
ST2_k2,SuzukiTrotter,2,2,11.25,0.969976189248271,1.429828250192725,0.0916495264391326
ST2_k2,SuzukiTrotter,2,2,11.3,0.9667760570299722,1.5738096725493125,0.07968572675010832
ST2_k2,SuzukiTrotter,2,2,11.350000000000001,0.9670852070100797,1.648350323904841,0.02687995767221485
ST2_k2,SuzukiTrotter,2,2,11.4,0.9708615380091277,1.642029044667984,0.05786081001775978
ST2_k2,SuzukiTrotter,2,2,11.450000000000001,0.9773433992899535,1.5507290682434558,0.15736972688252793
ST2_k2,SuzukiTrotter,2,2,11.5,0.9841828440886744,1.3804920929357025,0.2519394066942051
ST2_k2,SuzukiTrotter,2,2,11.55,0.9879024974201632,1.1487162452644797,0.32570531039583595
ST2_k2,SuzukiTrotter,2,2,11.600000000000001,0.9859342235714996,0.8825900073275906,0.3711101010279768
ST2_k2,SuzukiTrotter,2,2,11.65,0.9783378287556667,0.6146062067433258,0.3898636604683962
ST2_k2,SuzukiTrotter,2,2,11.700000000000001,0.9674962559517777,0.3762155632583848,0.3903917560149801
ST2_k2,SuzukiTrotter,2,2,11.75,0.9565878844779296,0.19153327188966524,0.38318109834553715
ST2_k2,SuzukiTrotter,2,2,11.8,0.9486097424494477,0.0730524025487508,0.3761152827918751
ST2_k2,SuzukiTrotter,2,2,11.850000000000001,0.9458958284558513,0.020534969980908507,0.37167557810557134
ST2_k2,SuzukiTrotter,2,2,11.9,0.9489426322198072,0.023062350176646665,0.3669524294032329
ST2_k2,SuzukiTrotter,2,2,11.950000000000001,0.9550579474064984,0.06320203683377328,0.3562061003102425
ST2_k2,SuzukiTrotter,2,2,12.0,0.9589320393737795,0.12178553264139315,0.3346983042066206
ST2_k2,SuzukiTrotter,2,2,12.05,0.9557011726662331,0.18194939921591094,0.3020525664258681
ST2_k2,SuzukiTrotter,2,2,12.100000000000001,0.9442851064620758,0.2316439904635289,0.26364470112576743
ST2_k2,SuzukiTrotter,2,2,12.15,0.9282970836771496,0.2644498991624075,0.2293768625541896
ST2_k2,SuzukiTrotter,2,2,12.200000000000001,0.913862921970786,0.2790298994328015,0.21031039816923136
ST2_k2,SuzukiTrotter,2,2,12.25,0.9058612885971107,0.2777909055145465,0.21455194194705285
ST2_k2,SuzukiTrotter,2,2,12.3,0.9049961572014835,0.26534367287269245,0.24409096762779892
ST2_k2,SuzukiTrotter,2,2,12.350000000000001,0.9077641150816815,0.2471832115259294,0.2938299561403993
ST2_k2,SuzukiTrotter,2,2,12.4,0.9097963884231471,0.228752990019467,0.35305554738669376
ST2_k2,SuzukiTrotter,2,2,12.450000000000001,0.9104818161426032,0.21480804940374215,0.4085737275149146
ST2_k2,SuzukiTrotter,2,2,12.5,0.9148335711176075,0.2088638401104787,0.4481880520855592
ST2_k2,SuzukiTrotter,2,2,12.55,0.929651872201196,0.21256603940098265,0.46336500408644465
ST2_k2,SuzukiTrotter,2,2,12.600000000000001,0.9558351012579683,0.22500665403938705,0.45061084617376523
ST2_k2,SuzukiTrotter,2,2,12.65,0.9838358224131791,0.24222688603647094,0.4117920187562515
ST2_k2,SuzukiTrotter,2,2,12.700000000000001,0.9986445809860541,0.25725524604773425,0.35390864169446684
ST2_k2,SuzukiTrotter,2,2,12.75,0.9921083075928381,0.26095775230924756,0.2885600883160742
ST2_k2,SuzukiTrotter,2,2,12.8,0.9712619353144488,0.24374683450965395,0.23082517937201275
ST2_k2,SuzukiTrotter,2,2,12.850000000000001,0.9530834270393783,0.1978975841100627,0.1970239162159239
ST2_k2,SuzukiTrotter,2,2,12.9,0.9495488103681171,0.11996149686207094,0.20117021057972004
ST2_k2,SuzukiTrotter,2,2,12.950000000000001,0.957881335686263,0.01263082253074116,0.2507606510451005
ST2_k2,SuzukiTrotter,2,2,13.0,0.9659094650442683,0.11456431563122682,0.34335367964650276
ST2_k2,SuzukiTrotter,2,2,13.05,0.9662119117301841,0.24613713605183168,0.4655719101026809
ST2_k2,SuzukiTrotter,2,2,13.100000000000001,0.9635143588414081,0.36315299473154217,0.595434471246447
ST2_k2,SuzukiTrotter,2,2,13.15,0.9675597445706975,0.44696619436869867,0.7075758543965457
ST2_k2,SuzukiTrotter,2,2,13.200000000000001,0.9793333862081046,0.4833677985350858,0.7796302053452614
ST2_k2,SuzukiTrotter,2,2,13.25,0.985832175215434,0.4660867202154898,0.7975549769885261
ST2_k2,SuzukiTrotter,2,2,13.3,0.9707831031899875,0.3986414446861074,0.7582073932947664
ST2_k2,SuzukiTrotter,2,2,13.350000000000001,0.9328136306150763,0.29392242280540315,0.6687506035202443
ST2_k2,SuzukiTrotter,2,2,13.4,0.8927816590403199,0.17150543126795775,0.5437452777583351
ST2_k2,SuzukiTrotter,2,2,13.450000000000001,0.8794158514212183,0.0533598603691216,0.4014186732742838
ST2_k2,SuzukiTrotter,2,2,13.5,0.9035804444087896,0.04090568531324168,0.2603762483126697
ST2_k2,SuzukiTrotter,2,2,13.55,0.945919707561061,0.09799475889953585,0.13724126102044476
ST2_k2,SuzukiTrotter,2,2,13.600000000000001,0.9718969067494007,0.113076826188589,0.04497411672528989
ST2_k2,SuzukiTrotter,2,2,13.65,0.9605152449471105,0.08971039893026089,0.008583693231484613
ST2_k2,SuzukiTrotter,2,2,13.700000000000001,0.9186108452754116,0.03775873218416331,0.022014349520157184
ST2_k2,SuzukiTrotter,2,2,13.75,0.8684724738194655,0.029932257456167233,0.0009477400826024551
ST2_k2,SuzukiTrotter,2,2,13.8,0.8245008295848115,0.10103342353339145,0.04281790810921299
ST2_k2,SuzukiTrotter,2,2,13.850000000000001,0.7835618742291344,0.16637853417301263,0.09417390555400695
ST2_k2,SuzukiTrotter,2,2,13.9,0.7362777202645614,0.2210680946345699,0.1391159683548161
ST2_k2,SuzukiTrotter,2,2,13.950000000000001,0.6842914344642397,0.2639152073250876,0.1693208266759545
ST2_k2,SuzukiTrotter,2,2,14.0,0.6445288543932215,0.29575741811770934,0.18501903188628216
ST2_k2,SuzukiTrotter,2,2,14.05,0.6366366099583141,0.31761890261914105,0.19468857795507272
ST2_k2,SuzukiTrotter,2,2,14.100000000000001,0.666555138572245,0.32974191124255436,0.21127183670859012
ST2_k2,SuzukiTrotter,2,2,14.15,0.7216315270481402,0.3320171424353934,0.24610264675413768
ST2_k2,SuzukiTrotter,2,2,14.200000000000001,0.780666172732523,0.32550961152670604,0.3028555001434674
ST2_k2,SuzukiTrotter,2,2,14.25,0.8287747648551628,0.3140355563732205,0.3740531389152694
ST2_k2,SuzukiTrotter,2,2,14.3,0.8642554023863561,0.304565129351739,0.4418251179397802
ST2_k2,SuzukiTrotter,2,2,14.350000000000001,0.893711436224294,0.30579159001393796,0.4829914156940652
ST2_k2,SuzukiTrotter,2,2,14.4,0.9225878641294264,0.32524609867635534,0.47679683139040235
ST2_k2,SuzukiTrotter,2,2,14.450000000000001,0.950326100030195,0.36623733918655277,0.41247714486011633
ST2_k2,SuzukiTrotter,2,2,14.5,0.9719106243835607,0.4260936831024783,0.2938045126316069
ST2_k2,SuzukiTrotter,2,2,14.55,0.9807654592079108,0.496550830000003,0.1388838955764375
ST2_k2,SuzukiTrotter,2,2,14.600000000000001,0.9698419891157277,0.5660576933105391,0.024703896777259593
ST2_k2,SuzukiTrotter,2,2,14.65,0.9334609812310402,0.6229204704229913,0.16756913041400723
ST2_k2,SuzukiTrotter,2,2,14.700000000000001,0.8719710619114337,0.6580287261000257,0.26621617906073897
ST2_k2,SuzukiTrotter,2,2,14.75,0.7953377458454578,0.6663867034995679,0.30825203629097675
ST2_k2,SuzukiTrotter,2,2,14.8,0.7206376464555695,0.647384022822305,0.293789972282713
ST2_k2,SuzukiTrotter,2,2,14.850000000000001,0.6649393710020074,0.6042117184589992,0.23330097855968546
ST2_k2,SuzukiTrotter,2,2,14.9,0.640011202869207,0.5428808128110314,0.1433425276228424
ST2_k2,SuzukiTrotter,2,2,14.950000000000001,0.651891596416139,0.4710996209318886,0.041942081294916056
ST2_k2,SuzukiTrotter,2,2,15.0,0.7017036765877038,0.39710737573097,0.05502729659405914
ST4_k2,SuzukiTrotter,4,2,0.0,0.0,0.0,0.0
ST4_k2,SuzukiTrotter,4,2,0.05,0.0,2.02683325678521e-09,1.1594367133049843e-08
ST4_k2,SuzukiTrotter,4,2,0.1,7.525091660909311e-12,1.1725076554114366e-07,6.963367520373964e-07
ST4_k2,SuzukiTrotter,4,2,0.15000000000000002,4.014415466713217e-10,1.1190847749587007e-06,7.124872857922071e-06
ST4_k2,SuzukiTrotter,4,2,0.2,6.349449632736537e-09,4.799624707674255e-06,3.434843770100393e-05
ST4_k2,SuzukiTrotter,4,2,0.25,5.0419399988399505e-08,1.222172091736029e-05,0.00010702412506857772
ST4_k2,SuzukiTrotter,4,2,0.30000000000000004,2.5279034798764144e-07,1.884727989875934e-05,0.0002471819633568795
ST4_k2,SuzukiTrotter,4,2,0.35000000000000003,8.982603191265426e-07,7.890211488004173e-06,0.00045273380935229035
ST4_k2,SuzukiTrotter,4,2,0.4,2.400566580740282e-06,5.4789175768718557e-05,0.0006786240688875789
ST4_k2,SuzukiTrotter,4,2,0.45,4.9383864126895105e-06,0.00022075075316801973,0.0008370232862406901
ST4_k2,SuzukiTrotter,4,2,0.5,7.749436978343738e-06,0.0005519152771003011,0.0008308318968688333
ST4_k2,SuzukiTrotter,4,2,0.55,8.916786856327796e-06,0.0011057192336287047,0.000627117935641297
ST4_k2,SuzukiTrotter,4,2,0.6000000000000001,8.187372588119857e-06,0.001911834114898342,0.0003627005849711207
ST4_k2,SuzukiTrotter,4,2,0.65,1.7751764401219283e-05,0.002938858004397471,0.0004473758124291516
ST4_k2,SuzukiTrotter,4,2,0.7000000000000001,8.834207893337886e-05,0.004050481178072288,0.0015911802166201916
ST4_k2,SuzukiTrotter,4,2,0.75,0.00035933512782770904,0.0049578935015810455,0.00465229976233883
ST4_k2,SuzukiTrotter,4,2,0.8,0.0011398482059896686,0.005190538391461164,0.010227145167011509
ST4_k2,SuzukiTrotter,4,2,0.8500000000000001,0.0030199029202520045,0.004126176748583399,0.018021992656751418
ST4_k2,SuzukiTrotter,4,2,0.9,0.006992930406312325,0.001130310827293951,0.026235478375334242
ST4_k2,SuzukiTrotter,4,2,0.9500000000000001,0.014542977652939104,0.00416414670888246,0.03133627616821655
ST4_k2,SuzukiTrotter,4,2,1.0,0.02762190262319353,0.011465249857728205,0.02859310870916354
ST4_k2,SuzukiTrotter,4,2,1.05,0.04843635917554201,0.0194344827160068,0.013428350378944076
ST4_k2,SuzukiTrotter,4,2,1.1,0.07900450616496879,0.02549259202486978,0.016783906369499835
ST4_k2,SuzukiTrotter,4,2,1.1500000000000001,0.12052477129395855,0.02600698108461709,0.0612150663918376
ST4_k2,SuzukiTrotter,4,2,1.2000000000000002,0.172681515867792,0.01693739442472577,0.11512150983624453
ST4_k2,SuzukiTrotter,4,2,1.25,0.23304921533064538,0.005174902406273538,0.1707542518873451
ST4_k2,SuzukiTrotter,4,2,1.3,0.29675747034043676,0.04216052486285067,0.219329616763524
ST4_k2,SuzukiTrotter,4,2,1.35,0.35660299700494114,0.09344338077211702,0.253270480218523
ST4_k2,SuzukiTrotter,4,2,1.4000000000000001,0.403839745767415,0.15573088710706404,0.26788532968234585
ST4_k2,SuzukiTrotter,4,2,1.4500000000000002,0.42979864470280005,0.223179030501367,0.26203896640826163
ST4_k2,SuzukiTrotter,4,2,1.5,0.42813206084590893,0.2879325151823041,0.23789749124041526
ST4_k2,SuzukiTrotter,4,2,1.55,0.39697776644504534,0.3410061273268322,0.2001623507100146
ST4_k2,SuzukiTrotter,4,2,1.6,0.34015401826035296,0.3736144333308395,0.15519760118253567
ST4_k2,SuzukiTrotter,4,2,1.6500000000000001,0.26695903512150265,0.37905093628295017,0.11021651872921723
ST4_k2,SuzukiTrotter,4,2,1.7000000000000002,0.19091122023463802,0.354918579292235,0.07246510794051875
ST4_k2,SuzukiTrotter,4,2,1.75,0.12801002921323268,0.3050355038713388,0.04828136952843243
ST4_k2,SuzukiTrotter,4,2,1.8,0.09452416313901535,0.24003715332837638,0.042021753353913116
ST4_k2,SuzukiTrotter,4,2,1.85,0.10379148252504111,0.17590559767277958,0.05503401528985452
ST4_k2,SuzukiTrotter,4,2,1.9000000000000001,0.16218804162131317,0.13040444943418106,0.08501688688862041
ST4_k2,SuzukiTrotter,4,2,1.9500000000000002,0.2660054934221402,0.11832306518648206,0.12615603208589948
ST4_k2,SuzukiTrotter,4,2,2.0,0.40156157070397747,0.14702890202982744,0.1702799887280541
ST4_k2,SuzukiTrotter,4,2,2.0500000000000003,0.5491466751158018,0.21379275338631784,0.2089080940377801
ST4_k2,SuzukiTrotter,4,2,2.1,0.6886984951806037,0.30577341507967487,0.23558962245599008
ST4_k2,SuzukiTrotter,4,2,2.15,0.8041489968052892,0.4027586907032828,0.2476528097217294
ST4_k2,SuzukiTrotter,4,2,2.2,0.8851011991780444,0.48204888537277957,0.24666722390030305
ST4_k2,SuzukiTrotter,4,2,2.25,0.926821110690581,0.5243301600082014,0.23755313731034616
ST4_k2,SuzukiTrotter,4,2,2.3000000000000003,0.9300773064443811,0.5190154552929824,0.2269566445482899
ST4_k2,SuzukiTrotter,4,2,2.35,0.9011477774464582,0.4674272380006205,0.22175372147857253
ST4_k2,SuzukiTrotter,4,2,2.4000000000000004,0.8512162771746883,0.3825801496618521,0.22816841949702726
ST4_k2,SuzukiTrotter,4,2,2.45,0.7945007036040947,0.28531188796680224,0.2513111267350885
ST4_k2,SuzukiTrotter,4,2,2.5,0.7452271961073071,0.197861350924946,0.2945437216379715
ST4_k2,SuzukiTrotter,4,2,2.5500000000000003,0.7142295248627475,0.13709388322281746,0.35831789237611616
ST4_k2,SuzukiTrotter,4,2,2.6,0.7064468714036227,0.10979564447680065,0.43883775442036177
ST4_k2,SuzukiTrotter,4,2,2.6500000000000004,0.7206278674916671,0.11160243976104106,0.5274903125935644
ST4_k2,SuzukiTrotter,4,2,2.7,0.7514601441929254,0.12960457318248397,0.6119358532995663
ST4_k2,SuzukiTrotter,4,2,2.75,0.7926294416369657,0.1472596076257741,0.6789827365082624
ST4_k2,SuzukiTrotter,4,2,2.8000000000000003,0.838758496296288,0.14960985990456951,0.7183409757079563
ST4_k2,SuzukiTrotter,4,2,2.85,0.8854449283977637,0.12710408277410845,0.7257245926725011
ST4_k2,SuzukiTrotter,4,2,2.9000000000000004,0.9282132208095478,0.0772118907075599,0.7039803135268362
ST4_k2,SuzukiTrotter,4,2,2.95,0.9617524717416468,0.003932874238833484,0.6618585977028574
ST4_k2,SuzukiTrotter,4,2,3.0,0.9805951407521849,0.08416343939587312,0.6111538309501244
ST4_k2,SuzukiTrotter,4,2,3.0500000000000003,0.9816742960318843,0.17663290872379545,0.5635764464945419
ST4_k2,SuzukiTrotter,4,2,3.1,0.9675340647772669,0.2639755287048047,0.5285583003642822
ST4_k2,SuzukiTrotter,4,2,3.1500000000000004,0.9473148761109926,0.3400461297844142,0.512420925486612
ST4_k2,SuzukiTrotter,4,2,3.2,0.933422179618078,0.4034738126707737,0.5184967516126084
ST4_k2,SuzukiTrotter,4,2,3.25,0.9351328063423102,0.4574754987306131,0.5474122214260423
ST4_k2,SuzukiTrotter,4,2,3.3000000000000003,0.9529277432014241,0.5077205145759218,0.5969963694392708
ST4_k2,SuzukiTrotter,4,2,3.35,0.9767945966460732,0.5586410505825448,0.6619131010586974
ST4_k2,SuzukiTrotter,4,2,3.4000000000000004,0.989839540072084,0.6095823179681789,0.7336378971771031
ST4_k2,SuzukiTrotter,4,2,3.45,0.9769711170935573,0.6528278337777116,0.8014164517688684
ST4_k2,SuzukiTrotter,4,2,3.5,0.9355334750852256,0.6751125739319417,0.8543187789901343
ST4_k2,SuzukiTrotter,4,2,3.5500000000000003,0.8804801009465353,0.6625649793879634,0.8837856786024785
ST4_k2,SuzukiTrotter,4,2,3.6,0.8370394774756422,0.6068862581580197,0.8856545784581512
ST4_k2,SuzukiTrotter,4,2,3.6500000000000004,0.8236575332609196,0.5094698288536457,0.8608494634953823
ST4_k2,SuzukiTrotter,4,2,3.7,0.8395849221348469,0.38118122102416513,0.8145972946442752
ST4_k2,SuzukiTrotter,4,2,3.75,0.8694714757517572,0.23823136142107681,0.7547179263775119
ST4_k2,SuzukiTrotter,4,2,3.8000000000000003,0.8997215297290133,0.09703541044442632,0.6897748473969549
ST4_k2,SuzukiTrotter,4,2,3.85,0.9279374223902828,0.028812406650810862,0.6276043711502126
ST4_k2,SuzukiTrotter,4,2,3.9000000000000004,0.9560445124233922,0.1284753034448596,0.5743051613656609
ST4_k2,SuzukiTrotter,4,2,3.95,0.9787939467910282,0.1923922420977472,0.5335649431705403
ST4_k2,SuzukiTrotter,4,2,4.0,0.9836650865672626,0.21190860792890617,0.5062958712374428
ST4_k2,SuzukiTrotter,4,2,4.05,0.9611661202885349,0.18111157999173016,0.4906912604753543
ST4_k2,SuzukiTrotter,4,2,4.1000000000000005,0.912564322754155,0.09979327078098166,0.482794455420799
ST4_k2,SuzukiTrotter,4,2,4.15,0.84953854931698,0.02450561045447422,0.4775629350813359
ST4_k2,SuzukiTrotter,4,2,4.2,0.7897359782538345,0.1767204178376045,0.47037014433004914
ST4_k2,SuzukiTrotter,4,2,4.25,0.7506528604422558,0.3367756212027378,0.458795572340001
ST4_k2,SuzukiTrotter,4,2,4.3,0.742615424294082,0.483561261213027,0.44414950559663424
ST4_k2,SuzukiTrotter,4,2,4.3500000000000005,0.7651883037991898,0.5993176433699152,0.4316407323935724
ST4_k2,SuzukiTrotter,4,2,4.4,0.8095105001093096,0.6732730958653568,0.4282172825810252
ST4_k2,SuzukiTrotter,4,2,4.45,0.8628270073871432,0.7032879915004047,0.4384731190776387
ST4_k2,SuzukiTrotter,4,2,4.5,0.9121502599314839,0.6946389121684302,0.4609054703493762
ST4_k2,SuzukiTrotter,4,2,4.55,0.9479006220401432,0.656247440265091,0.4874088833500799
ST4_k2,SuzukiTrotter,4,2,4.6000000000000005,0.966930473802214,0.5961123637388617,0.5070469570721151
ST4_k2,SuzukiTrotter,4,2,4.65,0.9728599323659106,0.5183603471286826,0.5119599665321366
ST4_k2,SuzukiTrotter,4,2,4.7,0.973707472808161,0.4234907452913417,0.5014882309200696
ST4_k2,SuzukiTrotter,4,2,4.75,0.9766279320310799,0.3114574042072084,0.48196201090347496
ST4_k2,SuzukiTrotter,4,2,4.800000000000001,0.9804117355885725,0.1854836651274177,0.46295068371925774
ST4_k2,SuzukiTrotter,4,2,4.8500000000000005,0.9729904923959524,0.05412415428342046,0.4530186091550209
ST4_k2,SuzukiTrotter,4,2,4.9,0.9408977197161716,0.069748995217823,0.4573569275971871
ST4_k2,SuzukiTrotter,4,2,4.95,0.8838461387012945,0.1725246677074536,0.47725106194477807
ST4_k2,SuzukiTrotter,4,2,5.0,0.819804400680333,0.24416725871247263,0.5099936953453711
ST4_k2,SuzukiTrotter,4,2,5.050000000000001,0.776214159281734,0.2812679870529523,0.548805626856083
ST4_k2,SuzukiTrotter,4,2,5.1000000000000005,0.7748581669715747,0.287633666495098,0.5839771287394984
ST4_k2,SuzukiTrotter,4,2,5.15,0.8191049570712552,0.2723817895848646,0.606322612548142
ST4_k2,SuzukiTrotter,4,2,5.2,0.8903000098574849,0.24651363663667158,0.6118090876016058
ST4_k2,SuzukiTrotter,4,2,5.25,0.9572587876493572,0.21946652106322806,0.6042121887340045
ST4_k2,SuzukiTrotter,4,2,5.300000000000001,0.9938177593063389,0.19703501700827666,0.5933427270987964
ST4_k2,SuzukiTrotter,4,2,5.3500000000000005,0.9918164100478644,0.18129229521002385,0.5895717496095358
ST4_k2,SuzukiTrotter,4,2,5.4,0.9618441326103572,0.1720573798655144,0.5982547355470029
ST4_k2,SuzukiTrotter,4,2,5.45,0.9248583346502378,0.16867373302509847,0.6176249481745762
ST4_k2,SuzukiTrotter,4,2,5.5,0.9014143979350999,0.17092443819279066,0.6409328852260909
ST4_k2,SuzukiTrotter,4,2,5.550000000000001,0.9027641124675992,0.1787595261540778,0.6605957705306296
ST4_k2,SuzukiTrotter,4,2,5.6000000000000005,0.9267393061780221,0.19148111486192662,0.6712906484765826
ST4_k2,SuzukiTrotter,4,2,5.65,0.9604085425377619,0.20737313610801353,0.6705169908802007
ST4_k2,SuzukiTrotter,4,2,5.7,0.9876716377478054,0.22427758971241774,0.6574746126833946
ST4_k2,SuzukiTrotter,4,2,5.75,0.9964174903336896,0.24078404573976198,0.6322591257554705
ST4_k2,SuzukiTrotter,4,2,5.800000000000001,0.9812632997792543,0.2571954033858971,0.5966932194544201
ST4_k2,SuzukiTrotter,4,2,5.8500000000000005,0.942560975014687,0.27558195620521714,0.556291381197549
ST4_k2,SuzukiTrotter,4,2,5.9,0.8850103551715417,0.2988333371029511,0.5213040833411545
ST4_k2,SuzukiTrotter,4,2,5.95,0.8179005093547091,0.3292091179068806,0.5047578212064625
ST4_k2,SuzukiTrotter,4,2,6.0,0.7560042153085103,0.3671302965585418,0.5172301076810863
ST4_k2,SuzukiTrotter,4,2,6.050000000000001,0.7181132184024563,0.41076522250807507,0.5607319051717026
ST4_k2,SuzukiTrotter,4,2,6.1000000000000005,0.7204029001799878,0.456484646224469,0.6255150891830434
ST4_k2,SuzukiTrotter,4,2,6.15,0.7655045888886076,0.499770822609555,0.6923956863120644
ST4_k2,SuzukiTrotter,4,2,6.2,0.834885102215971,0.5359814161778149,0.7398305386523459
ST4_k2,SuzukiTrotter,4,2,6.25,0.8950456038151448,0.5606398506173818,0.7519805870396405
ST4_k2,SuzukiTrotter,4,2,6.300000000000001,0.9184420046384212,0.5694299974469438,0.7236659005372409
ST4_k2,SuzukiTrotter,4,2,6.3500000000000005,0.9031919508325195,0.5583315763688566,0.6604897947211722
ST4_k2,SuzukiTrotter,4,2,6.4,0.8724608397814035,0.5240849899852461,0.5753001046857757
ST4_k2,SuzukiTrotter,4,2,6.45,0.8538139479880843,0.464773957870382,0.48345566839565934
ST4_k2,SuzukiTrotter,4,2,6.5,0.8589963993690437,0.380396104510708,0.3988844474049761
ST4_k2,SuzukiTrotter,4,2,6.550000000000001,0.8808380607150923,0.27385931444825445,0.33185267840213334
ST4_k2,SuzukiTrotter,4,2,6.6000000000000005,0.9040257741999724,0.15286837274570353,0.28852986738283287
ST4_k2,SuzukiTrotter,4,2,6.65,0.9162173586937976,0.03166749179289634,0.2717323454175967
ST4_k2,SuzukiTrotter,4,2,6.7,0.9121281912333611,0.0705001306388667,0.2816368912191688
ST4_k2,SuzukiTrotter,4,2,6.75,0.8924838553748492,0.1369713135038827,0.3153894572431349
ST4_k2,SuzukiTrotter,4,2,6.800000000000001,0.8623843080059688,0.16494960752976973,0.3657296795829138
ST4_k2,SuzukiTrotter,4,2,6.8500000000000005,0.830657244828467,0.1713470954183464,0.42015764779393183
ST4_k2,SuzukiTrotter,4,2,6.9,0.8081837527761402,0.18351364137343687,0.4624077028070974
ST4_k2,SuzukiTrotter,4,2,6.95,0.8033318699707486,0.2163026582775791,0.47665125709405876
ST4_k2,SuzukiTrotter,4,2,7.0,0.8169440045297583,0.252924519298742,0.4529123616527746
ST4_k2,SuzukiTrotter,4,2,7.050000000000001,0.8422969279844237,0.25092675873545667,0.39106225971543224
ST4_k2,SuzukiTrotter,4,2,7.1000000000000005,0.8707584684392282,0.17617960832587473,0.30121210399064147
ST4_k2,SuzukiTrotter,4,2,7.15,0.896476442950402,0.039672979630903216,0.20009850539362412
ST4_k2,SuzukiTrotter,4,2,7.2,0.9165275151875734,0.09726306542820728,0.1051463199892752
ST4_k2,SuzukiTrotter,4,2,7.25,0.931052288797894,0.1595372882553243,0.02905060648971869
ST4_k2,SuzukiTrotter,4,2,7.300000000000001,0.9428191049433811,0.10922989121523352,0.022757030658432764
ST4_k2,SuzukiTrotter,4,2,7.3500000000000005,0.950211150522134,0.03067448825530414,0.05109633604517411
ST4_k2,SuzukiTrotter,4,2,7.4,0.9428321747487823,0.19716224734086596,0.05959679501355131
ST4_k2,SuzukiTrotter,4,2,7.45,0.9148039416245501,0.3319619470501382,0.050901736258780195
ST4_k2,SuzukiTrotter,4,2,7.5,0.8814507481435319,0.41391533691105037,0.02457341793782286
ST4_k2,SuzukiTrotter,4,2,7.550000000000001,0.8702983526827186,0.45992948234970554,0.02209837721977609
ST4_k2,SuzukiTrotter,4,2,7.6000000000000005,0.8933673650343916,0.5034481606807925,0.09073370312551093
ST4_k2,SuzukiTrotter,4,2,7.65,0.9364161188996745,0.5715965403057416,0.17800292849641808
ST4_k2,SuzukiTrotter,4,2,7.7,0.9749211125545867,0.6741149080726104,0.2740054194515793
ST4_k2,SuzukiTrotter,4,2,7.75,0.9929966448361297,0.803600311610362,0.3643794132590887
ST4_k2,SuzukiTrotter,4,2,7.800000000000001,0.988469320210024,0.9408203557971868,0.43512069740985504
ST4_k2,SuzukiTrotter,4,2,7.8500000000000005,0.9699805523818893,1.0612448646772248,0.4772674697889949
ST4_k2,SuzukiTrotter,4,2,7.9,0.9530398396765217,1.1421360035219936,0.4889865402202852
ST4_k2,SuzukiTrotter,4,2,7.95,0.9515268113657891,1.1692654814438712,0.4747302479786319
ST4_k2,SuzukiTrotter,4,2,8.0,0.9655032091042871,1.1405738359503887,0.44304867054218927
ST4_k2,SuzukiTrotter,4,2,8.05,0.9787231119134541,1.064577283172431,0.4046986754593102
ST4_k2,SuzukiTrotter,4,2,8.1,0.972946538545359,0.9545441667408097,0.3711409061908689
ST4_k2,SuzukiTrotter,4,2,8.15,0.9442298678260717,0.8223565129664172,0.3522744294462463
ST4_k2,SuzukiTrotter,4,2,8.200000000000001,0.9030247872877473,0.675606012716456,0.3529375242415904
ST4_k2,SuzukiTrotter,4,2,8.25,0.8620556692578734,0.5182850194650077,0.3697216259121713
ST4_k2,SuzukiTrotter,4,2,8.3,0.8290604326527357,0.35273596958341624,0.39068611802026515
ST4_k2,SuzukiTrotter,4,2,8.35,0.8092910568195373,0.18089044620570724,0.39922601848967987
ST4_k2,SuzukiTrotter,4,2,8.4,0.8084335889190689,0.005281896190508131,0.380835962248142
ST4_k2,SuzukiTrotter,4,2,8.450000000000001,0.8277485902689787,0.1685494613025969,0.33003515441689024
ST4_k2,SuzukiTrotter,4,2,8.5,0.8553250838830655,0.32867768158967325,0.2547947277633824
ST4_k2,SuzukiTrotter,4,2,8.55,0.8689267565431998,0.45591203585712964,0.17638586881180413
ST4_k2,SuzukiTrotter,4,2,8.6,0.8573052726156225,0.5288583950407783,0.12340405891038803
ST4_k2,SuzukiTrotter,4,2,8.65,0.837310297768767,0.5338731133766151,0.12086575593553883
ST4_k2,SuzukiTrotter,4,2,8.700000000000001,0.8388373256905333,0.47355640453614667,0.17854393984734135
ST4_k2,SuzukiTrotter,4,2,8.75,0.8710632441917524,0.36683477870356795,0.28447413965554275
ST4_k2,SuzukiTrotter,4,2,8.8,0.9119656083092557,0.23946628941553355,0.4074963441685483
ST4_k2,SuzukiTrotter,4,2,8.85,0.9308987461572583,0.11144364154334657,0.5079594767500408
ST4_k2,SuzukiTrotter,4,2,8.9,0.9139756780822583,0.009550388306636293,0.5518774401164319
ST4_k2,SuzukiTrotter,4,2,8.950000000000001,0.8722863304213194,0.1243854155718344,0.5229981020565629
ST4_k2,SuzukiTrotter,4,2,9.0,0.8369565503207202,0.23251457623275754,0.4286365298034524
ST4_k2,SuzukiTrotter,4,2,9.05,0.8407019135956126,0.3245817608409415,0.29725551439955167
ST4_k2,SuzukiTrotter,4,2,9.1,0.8884083819278802,0.3837653702233327,0.16839853715046993
ST4_k2,SuzukiTrotter,4,2,9.15,0.9462288927517278,0.39466429117233826,0.07866178372079424
ST4_k2,SuzukiTrotter,4,2,9.200000000000001,0.9722012940175521,0.3526253762596446,0.049534081236072114
ST4_k2,SuzukiTrotter,4,2,9.25,0.9584072266525078,0.26643505802671347,0.08222553178951991
ST4_k2,SuzukiTrotter,4,2,9.3,0.9340992926814844,0.15275255456996067,0.1609607449778434
ST4_k2,SuzukiTrotter,4,2,9.35,0.929067568200557,0.02696173990428624,0.26194454719482074
ST4_k2,SuzukiTrotter,4,2,9.4,0.9453278675304799,0.10259732118738663,0.3630204874913774
ST4_k2,SuzukiTrotter,4,2,9.450000000000001,0.9658496563042492,0.23327363546505014,0.4498215240589059
ST4_k2,SuzukiTrotter,4,2,9.5,0.9778788561668924,0.36181450290056916,0.5168174808151457
ST4_k2,SuzukiTrotter,4,2,9.55,0.9798039111458433,0.4792252823492388,0.5643250605487797
ST4_k2,SuzukiTrotter,4,2,9.600000000000001,0.9740345046617779,0.5717314531329358,0.5940942340601783
ST4_k2,SuzukiTrotter,4,2,9.65,0.9642314459372398,0.6276352768028302,0.606174550130201
ST4_k2,SuzukiTrotter,4,2,9.700000000000001,0.957274021255777,0.6448346063907262,0.5986023202698942
ST4_k2,SuzukiTrotter,4,2,9.75,0.9597111996923268,0.6328973376058458,0.5696508736093906
ST4_k2,SuzukiTrotter,4,2,9.8,0.9713265858430851,0.6075901642109204,0.5208853804437019
ST4_k2,SuzukiTrotter,4,2,9.850000000000001,0.9855501879741215,0.5815322232582448,0.4589109530998106
ST4_k2,SuzukiTrotter,4,2,9.9,0.995709467143879,0.5576759650926821,0.39466518034333115
ST4_k2,SuzukiTrotter,4,2,9.950000000000001,0.999304880399944,0.5302319924897144,0.34065482572556616
ST4_k2,SuzukiTrotter,4,2,10.0,0.9982164329356339,0.4920545853658974,0.30756765650801465
ST4_k2,SuzukiTrotter,4,2,10.05,0.9966863766177034,0.44270466097915534,0.3016136963222752
ST4_k2,SuzukiTrotter,4,2,10.100000000000001,0.9974904247799589,0.3910468821149829,0.3231385342058171
ST4_k2,SuzukiTrotter,4,2,10.15,0.9984829892182507,0.3504656660496709,0.3664112702568783
ST4_k2,SuzukiTrotter,4,2,10.200000000000001,0.9939105019294627,0.33024921797219897,0.42054377155514544
ST4_k2,SuzukiTrotter,4,2,10.25,0.9803662129874157,0.3292916027181111,0.47186941489895484
ST4_k2,SuzukiTrotter,4,2,10.3,0.9618656995913871,0.33634645047413614,0.5079411036457377
ST4_k2,SuzukiTrotter,4,2,10.350000000000001,0.949252236970699,0.33644930942755036,0.5222394287762658
ST4_k2,SuzukiTrotter,4,2,10.4,0.9527821683008718,0.3193038794647822,0.5174195255926362
ST4_k2,SuzukiTrotter,4,2,10.450000000000001,0.9719260420524115,0.28474386552069325,0.5047671567201255
ST4_k2,SuzukiTrotter,4,2,10.5,0.9927920747357185,0.24260792879432524,0.4991755374691329
ST4_k2,SuzukiTrotter,4,2,10.55,0.9996722622983661,0.2075373143044062,0.5116427160746984
ST4_k2,SuzukiTrotter,4,2,10.600000000000001,0.9900082410991188,0.19146962385239688,0.5431874487257179
ST4_k2,SuzukiTrotter,4,2,10.65,0.9751977189071578,0.19726695983043852,0.5836565206783081
ST4_k2,SuzukiTrotter,4,2,10.700000000000001,0.9672064051548829,0.2162032568581468,0.61621135216003
ST4_k2,SuzukiTrotter,4,2,10.75,0.9677831575284167,0.23039934236530757,0.6250604754476989
ST4_k2,SuzukiTrotter,4,2,10.8,0.9697303846016772,0.21923691278377808,0.602359867798934
ST4_k2,SuzukiTrotter,4,2,10.850000000000001,0.9643430451110404,0.16705299734845588,0.551067663178428
ST4_k2,SuzukiTrotter,4,2,10.9,0.9481105439365191,0.06889496944167302,0.48307942734152326
ST4_k2,SuzukiTrotter,4,2,10.950000000000001,0.9272790761298669,0.06781146187916393,0.41437732435990726
ST4_k2,SuzukiTrotter,4,2,11.0,0.9167627155942101,0.22576905003669728,0.3598218202077346
ST4_k2,SuzukiTrotter,4,2,11.05,0.9284168447996065,0.3828203007234878,0.3294953116567215
ST4_k2,SuzukiTrotter,4,2,11.100000000000001,0.9546368898286497,0.5173328033531315,0.32710802459832494
ST4_k2,SuzukiTrotter,4,2,11.15,0.9653652861891591,0.6125989625454524,0.3499615061946777
ST4_k2,SuzukiTrotter,4,2,11.200000000000001,0.9290224945986824,0.6599155403761312,0.38978175001855253
ST4_k2,SuzukiTrotter,4,2,11.25,0.8427196942452504,0.6603363791477626,0.4341231905251266
ST4_k2,SuzukiTrotter,4,2,11.3,0.7424989087750447,0.6246574392414349,0.4684585072008926
ST4_k2,SuzukiTrotter,4,2,11.350000000000001,0.6807766232956454,0.570828022058101,0.4791175592787823
ST4_k2,SuzukiTrotter,4,2,11.4,0.6900136384624176,0.5185680037429515,0.45685143467734823
ST4_k2,SuzukiTrotter,4,2,11.450000000000001,0.7634086493696615,0.48250765109270205,0.40016217115576347
ST4_k2,SuzukiTrotter,4,2,11.5,0.8638219323739182,0.46661018183080016,0.31702351490080405
ST4_k2,SuzukiTrotter,4,2,11.55,0.9471526654536152,0.46270312629158417,0.22368694623848068
ST4_k2,SuzukiTrotter,4,2,11.600000000000001,0.9823489963615978,0.4542102796554916,0.14021985059682157
ST4_k2,SuzukiTrotter,4,2,11.65,0.9614719815643915,0.4235379384966377,0.08400796870748328
ST4_k2,SuzukiTrotter,4,2,11.700000000000001,0.8999151765964616,0.3596517006888239,0.06377947383443944
ST4_k2,SuzukiTrotter,4,2,11.75,0.8269532127721431,0.2623766624559977,0.07678145258555541
ST4_k2,SuzukiTrotter,4,2,11.8,0.7703738242949956,0.14181582919063984,0.11031564012600825
ST4_k2,SuzukiTrotter,4,2,11.850000000000001,0.7445096424989506,0.01382924923910693,0.14674720073931236
ST4_k2,SuzukiTrotter,4,2,11.9,0.7485325003175638,0.10571507921902268,0.1696373829148135
ST4_k2,SuzukiTrotter,4,2,11.950000000000001,0.7726743903885849,0.205067814805154,0.16858546059507545
ST4_k2,SuzukiTrotter,4,2,12.0,0.8055255668275136,0.27759557971831084,0.14145153686587175
ST4_k2,SuzukiTrotter,4,2,12.05,0.8389722200069274,0.320068136751156,0.09398419097082383
ST4_k2,SuzukiTrotter,4,2,12.100000000000001,0.8703887850440964,0.3300792690429825,0.037713929893493925
ST4_k2,SuzukiTrotter,4,2,12.15,0.9005701801219859,0.3046637921104135,0.012929902903320745
ST4_k2,SuzukiTrotter,4,2,12.200000000000001,0.9276226638884277,0.24118008825621298,0.04367816301635252
ST4_k2,SuzukiTrotter,4,2,12.25,0.9437814008090992,0.13998588525289696,0.0433990681632721
ST4_k2,SuzukiTrotter,4,2,12.3,0.9420709166776664,0.007285534401440419,0.006755626401872883
ST4_k2,SuzukiTrotter,4,2,12.350000000000001,0.927200331777172,0.14358843639185093,0.06395748933705125
ST4_k2,SuzukiTrotter,4,2,12.4,0.9163343838369913,0.2933320662618123,0.15850371584037165
ST4_k2,SuzukiTrotter,4,2,12.450000000000001,0.9252903594279527,0.419942722007753,0.2604088415402478
ST4_k2,SuzukiTrotter,4,2,12.5,0.9532154983233352,0.5029777488085685,0.3504695052829016
ST4_k2,SuzukiTrotter,4,2,12.55,0.9825609633855653,0.527533404161463,0.41105894335484117
ST4_k2,SuzukiTrotter,4,2,12.600000000000001,0.995576675669855,0.48701570236447494,0.42990120822771744
ST4_k2,SuzukiTrotter,4,2,12.65,0.9892006360343422,0.38423844725206724,0.402414457209799
ST4_k2,SuzukiTrotter,4,2,12.700000000000001,0.9715139057872186,0.23078887245806673,0.33255532505140684
ST4_k2,SuzukiTrotter,4,2,12.75,0.9469295953987809,0.044928182116090176,0.23258041223930292
ST4_k2,SuzukiTrotter,4,2,12.8,0.9109687313135093,0.15146931131114855,0.12183422659991638
ST4_k2,SuzukiTrotter,4,2,12.850000000000001,0.8584625347221623,0.336339730544703,0.02399251019069293
ST4_k2,SuzukiTrotter,4,2,12.9,0.7904355726336467,0.49066562191071805,0.037844874558614516
ST4_k2,SuzukiTrotter,4,2,12.950000000000001,0.7138209939145717,0.6010779129377544,0.047596244679347366
ST4_k2,SuzukiTrotter,4,2,13.0,0.6425806385235446,0.6614403808592719,0.00174936207347276
ST4_k2,SuzukiTrotter,4,2,13.05,0.5994211971714657,0.6730648842845306,0.08912226981182914
ST4_k2,SuzukiTrotter,4,2,13.100000000000001,0.6048973766771641,0.6433565481849088,0.20440081433381851
ST4_k2,SuzukiTrotter,4,2,13.15,0.6571671274257518,0.5831411643956582,0.321255690298866
ST4_k2,SuzukiTrotter,4,2,13.200000000000001,0.7279468631106921,0.5036320943256007,0.4220292626841222
ST4_k2,SuzukiTrotter,4,2,13.25,0.7853672057452551,0.41446090252093415,0.49752678620954216
ST4_k2,SuzukiTrotter,4,2,13.3,0.8189516900817855,0.32376209795520816,0.5458458288159173
ST4_k2,SuzukiTrotter,4,2,13.350000000000001,0.839163018121859,0.2398918139804434,0.5694244500049597
ST4_k2,SuzukiTrotter,4,2,13.4,0.8575312665119257,0.17293773376443441,0.5731046453139718
ST4_k2,SuzukiTrotter,4,2,13.450000000000001,0.8745616879017162,0.13407492062475745,0.5635969063407205
ST4_k2,SuzukiTrotter,4,2,13.5,0.8856986624183815,0.13238081041724803,0.5487750821704186
ST4_k2,SuzukiTrotter,4,2,13.55,0.8900929021232284,0.17076454322327178,0.5358285028904297
ST4_k2,SuzukiTrotter,4,2,13.600000000000001,0.8890897288642042,0.24353754201708827,0.529307775743934
ST4_k2,SuzukiTrotter,4,2,13.65,0.8815402498559812,0.3372499961810972,0.530742067177527
ST4_k2,SuzukiTrotter,4,2,13.700000000000001,0.8664158837145768,0.4345710074972674,0.539890520285547
ST4_k2,SuzukiTrotter,4,2,13.75,0.8485723857220204,0.5194974178256265,0.5558600928785984
ST4_k2,SuzukiTrotter,4,2,13.8,0.838664114231964,0.5817340584487614,0.5766256886436261
ST4_k2,SuzukiTrotter,4,2,13.850000000000001,0.8473986538577681,0.6186085657675512,0.5976820544962482
ST4_k2,SuzukiTrotter,4,2,13.9,0.8786980908174571,0.6339573017919327,0.6121037797782145
ST4_k2,SuzukiTrotter,4,2,13.950000000000001,0.9243957460592382,0.6346438654069328,0.6132874694385597
ST4_k2,SuzukiTrotter,4,2,14.0,0.9654490002943432,0.6263364183678564,0.5989209385251254
ST4_k2,SuzukiTrotter,4,2,14.05,0.983825412183613,0.610454819863451,0.5729514421356466
ST4_k2,SuzukiTrotter,4,2,14.100000000000001,0.9762200062523826,0.5836190782473765,0.543397963992037
ST4_k2,SuzukiTrotter,4,2,14.15,0.9539055023762152,0.5397565500423018,0.5170723837177823
ST4_k2,SuzukiTrotter,4,2,14.200000000000001,0.9290716419303092,0.4738430728402573,0.4949366489434004
ST4_k2,SuzukiTrotter,4,2,14.25,0.905498109310615,0.38557147739863723,0.471579327759612
ST4_k2,SuzukiTrotter,4,2,14.3,0.8836859626524516,0.2812479103721942,0.43925767674382543
ST4_k2,SuzukiTrotter,4,2,14.350000000000001,0.8703326741183699,0.1728620866895076,0.39364912033125304
ST4_k2,SuzukiTrotter,4,2,14.4,0.8774517785008801,0.0744119558780657,0.33756272658338493
ST4_k2,SuzukiTrotter,4,2,14.450000000000001,0.9101335320054963,0.0031377822624100715,0.28080313578225136
ST4_k2,SuzukiTrotter,4,2,14.5,0.9561380702488252,0.05601967043377254,0.23716114101350844
ST4_k2,SuzukiTrotter,4,2,14.55,0.9899026877890408,0.0888940855757504,0.2207993910105368
ST4_k2,SuzukiTrotter,4,2,14.600000000000001,0.9885833360706867,0.11241803409877293,0.24351042077394958
ST4_k2,SuzukiTrotter,4,2,14.65,0.9468903768342374,0.1382069145276771,0.3126805031789981
ST4_k2,SuzukiTrotter,4,2,14.700000000000001,0.8825165401762817,0.17347648432545898,0.4289304416407368
ST4_k2,SuzukiTrotter,4,2,14.75,0.8302904680134281,0.21775681721358436,0.5830830848668337
ST4_k2,SuzukiTrotter,4,2,14.8,0.8225478167186305,0.2631931194465511,0.7538584263529978
ST4_k2,SuzukiTrotter,4,2,14.850000000000001,0.863814069304072,0.2985768453168404,0.9090750545510938
ST4_k2,SuzukiTrotter,4,2,14.9,0.925293921517925,0.3157200951170594,1.0124884992044723
ST4_k2,SuzukiTrotter,4,2,14.950000000000001,0.9709994483407727,0.31533168533978684,1.0352641499822375
ST4_k2,SuzukiTrotter,4,2,15.0,0.9883225534257863,0.3088018521970772,0.9672712277010012
LT_k3,LieTrotter,1,3,0.0,0.0,0.0,0.0
LT_k3,LieTrotter,1,3,0.05,6.838211138660011e-05,1.0300292051401705e-05,6.81734187821803e-05
LT_k3,LieTrotter,1,3,0.1,0.0010188873761667327,0.00015495021235323314,0.0009968125916017812
LT_k3,LieTrotter,1,3,0.15000000000000002,0.0045825493125167815,0.0007072470214396498,0.004338539939589436
LT_k3,LieTrotter,1,3,0.2,0.01229062822056326,0.0019300561834251218,0.011074397741276831
LT_k3,LieTrotter,1,3,0.25,0.02439283610836329,0.003889230736547733,0.02047469924725054
LT_k3,LieTrotter,1,3,0.30000000000000004,0.03959738655705858,0.006347412156792631,0.03008564076167919
LT_k3,LieTrotter,1,3,0.35000000000000003,0.0557826524641134,0.008803114066713358,0.036908021388175616
LT_k3,LieTrotter,1,3,0.4,0.07118923163025626,0.010680358280139426,0.03899776315831682
LT_k3,LieTrotter,1,3,0.45,0.08535996309822891,0.011612044439544916,0.03643440610152737
LT_k3,LieTrotter,1,3,0.5,0.09933475239988598,0.01171731911514147,0.031044622818156786
LT_k3,LieTrotter,1,3,0.55,0.11507110396217546,0.011761144711727081,0.025086804237036686
LT_k3,LieTrotter,1,3,0.6000000000000001,0.13448206375714067,0.013105633468317529,0.01972166340918613
LT_k3,LieTrotter,1,3,0.65,0.15867232636617457,0.017414387653546165,0.014131911253846496
LT_k3,LieTrotter,1,3,0.7000000000000001,0.18777904704327208,0.02614481888205536,0.005671999678949602
LT_k3,LieTrotter,1,3,0.75,0.2213655161319823,0.03994314531073884,0.009175236414473709
LT_k3,LieTrotter,1,3,0.8,0.25892762531736846,0.05811764635248254,0.03358345429304521
LT_k3,LieTrotter,1,3,0.8500000000000001,0.30007237251649677,0.07838012060236409,0.06938484602844375
LT_k3,LieTrotter,1,3,0.9,0.3442613336759788,0.09699541912991294,0.11648283531566994
LT_k3,LieTrotter,1,3,0.9500000000000001,0.3903550368874604,0.10936861001435233,0.17265874180693352
LT_k3,LieTrotter,1,3,1.0,0.4363118192057789,0.11095875898419215,0.23374312568038136
LT_k3,LieTrotter,1,3,1.05,0.4793030381896063,0.09828463474613573,0.29420341980606135
LT_k3,LieTrotter,1,3,1.1,0.5163331325179743,0.06972816653749218,0.3481799614364547
LT_k3,LieTrotter,1,3,1.1500000000000001,0.5452628459582998,0.02587627273088966,0.39080676440555073
LT_k3,LieTrotter,1,3,1.2000000000000002,0.5659277647912822,0.0307279026537731,0.4194083648718161
LT_k3,LieTrotter,1,3,1.25,0.580874040039129,0.09635850896455113,0.43409170968782906
LT_k3,LieTrotter,1,3,1.3,0.5952263439213852,0.16714056695517393,0.4374697108146095
LT_k3,LieTrotter,1,3,1.35,0.6154414976585839,0.2399527344230452,0.43365886243826585
LT_k3,LieTrotter,1,3,1.4000000000000001,0.6471482843938277,0.3128232943656777,0.4270324954640582
LT_k3,LieTrotter,1,3,1.4500000000000002,0.6928192143585901,0.38462503922374003,0.42126549303615113
LT_k3,LieTrotter,1,3,1.5,0.7504071320612269,0.4541764533842413,0.41895094751656203
LT_k3,LieTrotter,1,3,1.55,0.8138237492222549,0.5191580303146018,0.4216811610366837
LT_k3,LieTrotter,1,3,1.6,0.8750261974963899,0.5754024820358377,0.4302106909245812
LT_k3,LieTrotter,1,3,1.6500000000000001,0.9263595142453689,0.6170116816595007,0.444313390347041
LT_k3,LieTrotter,1,3,1.7000000000000002,0.962057823581661,0.6374064578499489,0.462198498530088
LT_k3,LieTrotter,1,3,1.75,0.9793147083771591,0.6309785802357875,0.4797224544638201
LT_k3,LieTrotter,1,3,1.8,0.9798718482688318,0.5947084502611641,0.489940209082439
LT_k3,LieTrotter,1,3,1.85,0.9711932768562818,0.5291073219727644,0.48362673582794813
LT_k3,LieTrotter,1,3,1.9000000000000001,0.9642520787197153,0.4381527091991464,0.45117409223684585
LT_k3,LieTrotter,1,3,1.9500000000000002,0.9666605376478203,0.32834791393761975,0.3857359081963184
LT_k3,LieTrotter,1,3,2.0,0.9752557369470048,0.20740357038448054,0.2867941426539876
LT_k3,LieTrotter,1,3,2.0500000000000003,0.9756570300588664,0.08312383260969225,0.16275946883160142
LT_k3,LieTrotter,1,3,2.1,0.9523125136115341,0.037134803396955685,0.031146864388282902
LT_k3,LieTrotter,1,3,2.15,0.902995853120358,0.14642635953422128,0.0844850695630629
LT_k3,LieTrotter,1,3,2.2,0.8454302553121354,0.23789120130358177,0.1603993373778907
LT_k3,LieTrotter,1,3,2.25,0.808171326014453,0.30452966432769124,0.1795886138588043
LT_k3,LieTrotter,1,3,2.3000000000000003,0.8109126216158498,0.3393547373382745,0.1372338905448367
LT_k3,LieTrotter,1,3,2.35,0.8497085865108204,0.33601608064273036,0.04256552670579261
LT_k3,LieTrotter,1,3,2.4000000000000004,0.8998672830154267,0.28982567731453324,0.08366323702810052
LT_k3,LieTrotter,1,3,2.45,0.934620097879479,0.19901304673092207,0.21512827542392038
LT_k3,LieTrotter,1,3,2.5,0.9440561682934465,0.06595539141272327,0.32705678471695543
LT_k3,LieTrotter,1,3,2.5500000000000003,0.9389721088938149,0.10196742518974154,0.4020273386240471
LT_k3,LieTrotter,1,3,2.6,0.9380517329124933,0.29230622163751696,0.43278659158544364
LT_k3,LieTrotter,1,3,2.6500000000000004,0.9509917577121708,0.48859760345596626,0.4217866632403662
LT_k3,LieTrotter,1,3,2.7,0.9719044010452909,0.6725753731492432,0.3783326307643482
LT_k3,LieTrotter,1,3,2.75,0.9864502951022102,0.8271170349724071,0.3147694421568512
LT_k3,LieTrotter,1,3,2.8000000000000003,0.9842634639375765,0.9391047738301866,0.24301628126758834
LT_k3,LieTrotter,1,3,2.85,0.9659176412548525,1.0012875378964599,0.17228326709587805
LT_k3,LieTrotter,1,3,2.9000000000000004,0.9406323980079071,1.0125610279543147,0.10830932231303725
LT_k3,LieTrotter,1,3,2.95,0.9186587256550357,0.9767134811314847,0.05406497128282328
LT_k3,LieTrotter,1,3,3.0,0.9045246923034973,0.9003056197130272,0.01150589998262308
LT_k3,LieTrotter,1,3,3.0500000000000003,0.8949668794127156,0.7906421145731879,0.016408975384225477
LT_k3,LieTrotter,1,3,3.1,0.8820940289620904,0.6546125118612728,0.024478797184486867
LT_k3,LieTrotter,1,3,3.1500000000000004,0.8594453495496597,0.49865594531624263,0.0057244634244667525
LT_k3,LieTrotter,1,3,3.2,0.8265096195135518,0.32953392668421744,0.046180369338371496
LT_k3,LieTrotter,1,3,3.25,0.7881121818455984,0.15526430027158128,0.13326398396334072
LT_k3,LieTrotter,1,3,3.3000000000000003,0.7496602981779292,0.014408188111318665,0.2500153684022723
LT_k3,LieTrotter,1,3,3.35,0.7133350713400198,0.16834207798625317,0.3823170642940131
LT_k3,LieTrotter,1,3,3.4000000000000004,0.6789462988926428,0.2951134565598146,0.5095384956596148
LT_k3,LieTrotter,1,3,3.45,0.6478051936917312,0.3846443340144142,0.6093808162482326
LT_k3,LieTrotter,1,3,3.5,0.6250363001917121,0.42997431081787124,0.6637760856667263
LT_k3,LieTrotter,1,3,3.5500000000000003,0.6180606467697056,0.4288052239531211,0.663651328411277
LT_k3,LieTrotter,1,3,3.6,0.6328744490345382,0.3844773215970052,0.6109110483170858
LT_k3,LieTrotter,1,3,3.6500000000000004,0.6709428350645177,0.3060725968538646,0.5172280770208737
LT_k3,LieTrotter,1,3,3.7,0.7280974947357959,0.20743115906945464,0.40047575428952675
LT_k3,LieTrotter,1,3,3.75,0.7953935011616645,0.10506728683334576,0.28028618279471074
LT_k3,LieTrotter,1,3,3.8000000000000003,0.8616211135504261,0.015281487076019451,0.17410357819182676
LT_k3,LieTrotter,1,3,3.85,0.9170293940320844,0.048910327353762856,0.09449359751087094
LT_k3,LieTrotter,1,3,3.9000000000000004,0.9567408741762893,0.08022265570767459,0.047837884078094306
LT_k3,LieTrotter,1,3,3.95,0.981367761507222,0.07819450859401318,0.034216422325115015
LT_k3,LieTrotter,1,3,4.0,0.9938003127425827,0.04857724028523899,0.04827090297226172
LT_k3,LieTrotter,1,3,4.05,0.9949251426529907,0.001207206810628872,0.0809231891232215
LT_k3,LieTrotter,1,3,4.1000000000000005,0.9829883296130517,0.052943046692892334,0.12176230657615661
LT_k3,LieTrotter,1,3,4.15,0.9578519451662884,0.10459607341823754,0.1616722713176692
LT_k3,LieTrotter,1,3,4.2,0.9254070524459225,0.14805882868249132,0.19502586811061168
LT_k3,LieTrotter,1,3,4.25,0.8962113074638206,0.1817544010077973,0.22075283881165508
LT_k3,LieTrotter,1,3,4.3,0.8784797083323578,0.20748418878433905,0.2419115662798138
LT_k3,LieTrotter,1,3,4.3500000000000005,0.8722853827555465,0.22888280765561253,0.2639390040222161
LT_k3,LieTrotter,1,3,4.4,0.8711040006044453,0.24964623580275808,0.29226093110729306
LT_k3,LieTrotter,1,3,4.45,0.8691320597729493,0.2720045434416032,0.3301623952575248
LT_k3,LieTrotter,1,3,4.5,0.8668598497689639,0.29571458483225854,0.37764969716225893
LT_k3,LieTrotter,1,3,4.55,0.8697223562629144,0.31770415594065005,0.4315763756960862
LT_k3,LieTrotter,1,3,4.6000000000000005,0.8821100442987851,0.3324436789530803,0.4867767410741625
LT_k3,LieTrotter,1,3,4.65,0.9030868637974458,0.3330759438049105,0.53758161334899
LT_k3,LieTrotter,1,3,4.7,0.9271815242750187,0.31319182916088256,0.5790265500112436
LT_k3,LieTrotter,1,3,4.75,0.9481083632412443,0.2688819236293241,0.607316993597198
LT_k3,LieTrotter,1,3,4.800000000000001,0.9613906319077166,0.20044144284903753,0.6195719480262014
LT_k3,LieTrotter,1,3,4.8500000000000005,0.9644119509968331,0.11305207552708921,0.6133182366414557
LT_k3,LieTrotter,1,3,4.9,0.9555545520100129,0.016031478312687975,0.5864159773827238
LT_k3,LieTrotter,1,3,4.95,0.9345438764061076,0.07923423583502189,0.5379035685260066
LT_k3,LieTrotter,1,3,5.0,0.9039633913579398,0.16201824779283258,0.46967922623687375
LT_k3,LieTrotter,1,3,5.050000000000001,0.8696013720864944,0.2247079744676312,0.388234614303312
LT_k3,LieTrotter,1,3,5.1000000000000005,0.8377789542340421,0.26419121266277157,0.30522414332384007
LT_k3,LieTrotter,1,3,5.15,0.8115600402151573,0.28184945093971114,0.23584318572613017
LT_k3,LieTrotter,1,3,5.2,0.7905150872896021,0.2823885257528357,0.1948710261549182
LT_k3,LieTrotter,1,3,5.25,0.7754521714428515,0.27210438887961635,0.1914792111361145
LT_k3,LieTrotter,1,3,5.300000000000001,0.7726087671546449,0.2572308182164476,0.22488383088060737
LT_k3,LieTrotter,1,3,5.3500000000000005,0.7906197856923429,0.24280162622679394,0.2830182628466842
LT_k3,LieTrotter,1,3,5.4,0.8317650020942491,0.23215387730535975,0.3453930758797338
LT_k3,LieTrotter,1,3,5.45,0.8868971255851962,0.22696366035749171,0.38954759303225933
LT_k3,LieTrotter,1,3,5.5,0.9401316095920377,0.22760880444396142,0.3988001769685469
LT_k3,LieTrotter,1,3,5.550000000000001,0.978523251127683,0.23366265581656892,0.36824178890013043
LT_k3,LieTrotter,1,3,5.6000000000000005,0.9973620765033829,0.24437250399780802,0.3065344066676514
LT_k3,LieTrotter,1,3,5.65,0.9982749680674605,0.2590235736726155,0.23282289571202286
LT_k3,LieTrotter,1,3,5.7,0.9852848511490121,0.27713333323496164,0.17011356747325657
LT_k3,LieTrotter,1,3,5.75,0.9636346440014293,0.2984726587440989,0.137839179981178
LT_k3,LieTrotter,1,3,5.800000000000001,0.9402099956378921,0.3229630465370332,0.14641622530918746
LT_k3,LieTrotter,1,3,5.8500000000000005,0.9218469590626065,0.3505257983879194,0.19547400342663368
LT_k3,LieTrotter,1,3,5.9,0.9113010761482273,0.38094073530479755,0.27574979765758256
LT_k3,LieTrotter,1,3,5.95,0.9047219342002359,0.4137220089939534,0.37324398938203346
LT_k3,LieTrotter,1,3,6.0,0.8941349613823123,0.4479784721992637,0.4736902583580185
LT_k3,LieTrotter,1,3,6.050000000000001,0.8743992594652362,0.4822332294076336,0.5657779376062366
LT_k3,LieTrotter,1,3,6.1000000000000005,0.8499798621289313,0.5142333915356524,0.6424753871082997
LT_k3,LieTrotter,1,3,6.15,0.8354040939874745,0.5408499146787799,0.7007031712922057
LT_k3,LieTrotter,1,3,6.2,0.8463151016648847,0.5581994947661595,0.7401142535163991
LT_k3,LieTrotter,1,3,6.25,0.8856612144262623,0.5620871079887756,0.7617800048231643
LT_k3,LieTrotter,1,3,6.300000000000001,0.9365519440350216,0.5487750688535007,0.7673150435301205
LT_k3,LieTrotter,1,3,6.3500000000000005,0.970905969590807,0.5159635750177101,0.7586188402205901
LT_k3,LieTrotter,1,3,6.4,0.9695758661944003,0.4637559446665729,0.7381098915628892
LT_k3,LieTrotter,1,3,6.45,0.9371956218669222,0.3953123967153446,0.7091289410750861
LT_k3,LieTrotter,1,3,6.5,0.898117076375483,0.316899049705683,0.676111142712846
LT_k3,LieTrotter,1,3,6.550000000000001,0.8771893291815624,0.2371384523055538,0.6442076773300989
LT_k3,LieTrotter,1,3,6.6000000000000005,0.8828609951192242,0.16546901832234057,0.6182929803675754
LT_k3,LieTrotter,1,3,6.65,0.905972500249669,0.11008630687949215,0.601653854061657
LT_k3,LieTrotter,1,3,6.7,0.9314936362248232,0.07588412636564958,0.5949410168590834
LT_k3,LieTrotter,1,3,6.75,0.950111434525839,0.06302996877517363,0.5959676026564236
LT_k3,LieTrotter,1,3,6.800000000000001,0.9607813903507653,0.06671718401052228,0.6005847192925926
LT_k3,LieTrotter,1,3,6.8500000000000005,0.9662636081640551,0.0783312421601782,0.604298445910017
LT_k3,LieTrotter,1,3,6.9,0.9687799962463881,0.08783500066272926,0.6038366198232961
LT_k3,LieTrotter,1,3,6.95,0.9693400786287948,0.0867634238202861,0.5978313643940449
LT_k3,LieTrotter,1,3,7.0,0.9688761688088219,0.07096850734053453,0.5862332041015358
LT_k3,LieTrotter,1,3,7.050000000000001,0.96840000372639,0.04226236772198913,0.5687923849506107
LT_k3,LieTrotter,1,3,7.1000000000000005,0.9680506787986899,0.008377775248881336,0.5435286617362003
LT_k3,LieTrotter,1,3,7.15,0.9665313274321303,0.018874715846514567,0.5062178335450588
LT_k3,LieTrotter,1,3,7.2,0.9613890605163028,0.026856976620018805,0.4514714599134138
LT_k3,LieTrotter,1,3,7.25,0.9493405316009451,0.005938945439109222,0.3751992656947022
LT_k3,LieTrotter,1,3,7.300000000000001,0.9264870020579041,0.04711381098109077,0.27751223657494484
LT_k3,LieTrotter,1,3,7.3500000000000005,0.8894877901621336,0.12716755601336735,0.16479237002665467
LT_k3,LieTrotter,1,3,7.4,0.8381624165059567,0.22079796159409082,0.049863138860957334
LT_k3,LieTrotter,1,3,7.45,0.7778864222809032,0.3085404791711651,0.050149966015363645
LT_k3,LieTrotter,1,3,7.5,0.7193022967081384,0.3688742451599842,0.1178288787555708
LT_k3,LieTrotter,1,3,7.550000000000001,0.6747175361936866,0.38303184253253303,0.14016004032479917
LT_k3,LieTrotter,1,3,7.6000000000000005,0.653280618805185,0.3394753026937034,0.11236947534701669
LT_k3,LieTrotter,1,3,7.65,0.6578279883614674,0.2369206622010721,0.039519407141522245
LT_k3,LieTrotter,1,3,7.7,0.684640717168574,0.08513896846029945,0.06479346817134146
LT_k3,LieTrotter,1,3,7.75,0.7252240982345668,0.09666426142833828,0.1822444385260864
LT_k3,LieTrotter,1,3,7.800000000000001,0.7687130566519436,0.2834455004176982,0.2947054431468006
LT_k3,LieTrotter,1,3,7.8500000000000005,0.8045962437681071,0.4489419812897356,0.3884258168686331
LT_k3,LieTrotter,1,3,7.9,0.8261878438416707,0.5701618482566779,0.4559409898920761
LT_k3,LieTrotter,1,3,7.95,0.8341094847028062,0.6307688637151603,0.4952499481512306
LT_k3,LieTrotter,1,3,8.0,0.8370781474157651,0.6228371209813061,0.5071281852553962
LT_k3,LieTrotter,1,3,8.05,0.847575063008339,0.5469756866359514,0.49234644011558193
LT_k3,LieTrotter,1,3,8.1,0.8737051658847836,0.4112090713751957,0.4505284442439368
LT_k3,LieTrotter,1,3,8.15,0.9126136376121669,0.22914111312077123,0.38136726157789946
LT_k3,LieTrotter,1,3,8.200000000000001,0.9506221874062768,0.017864872733818316,0.2874480270358986
LT_k3,LieTrotter,1,3,8.25,0.9703260402525224,0.20406597115489528,0.1768158620414873
LT_k3,LieTrotter,1,3,8.3,0.9598857732356519,0.4184109843926531,0.06335036987771286
LT_k3,LieTrotter,1,3,8.35,0.9190501712242697,0.608645975069289,0.03592068124836789
LT_k3,LieTrotter,1,3,8.4,0.8595250102289531,0.7609593876224396,0.10575489806860072
LT_k3,LieTrotter,1,3,8.450000000000001,0.8004506695282249,0.8649247921471334,0.13769473676629773
LT_k3,LieTrotter,1,3,8.5,0.7610208570058041,0.914043805469826,0.13269570587574198
LT_k3,LieTrotter,1,3,8.55,0.7527538569014258,0.9063526363176004,0.10001207379174026
LT_k3,LieTrotter,1,3,8.6,0.7746208408034896,0.8451018189687839,0.052828828768127334
LT_k3,LieTrotter,1,3,8.65,0.8139010961320943,0.7392143380953806,0.002782716303892818
LT_k3,LieTrotter,1,3,8.700000000000001,0.8528409982480921,0.6029966807567914,0.04395839979634597
LT_k3,LieTrotter,1,3,8.75,0.8773686246547396,0.4546317961943053,0.08730188379962578
LT_k3,LieTrotter,1,3,8.8,0.8827199203677525,0.313391508144991,0.13061902932530384
LT_k3,LieTrotter,1,3,8.85,0.8733248909756673,0.19611118457229768,0.17675612022778686
LT_k3,LieTrotter,1,3,8.9,0.8583232481026257,0.11395310813451744,0.22514561846715098
LT_k3,LieTrotter,1,3,8.950000000000001,0.846231710348454,0.07055198174689242,0.27167652200643555
LT_k3,LieTrotter,1,3,9.0,0.8416077597732685,0.06219942913472595,0.3112242018676601
LT_k3,LieTrotter,1,3,9.05,0.8445534195292463,0.0799685602433912,0.34111928155176136
LT_k3,LieTrotter,1,3,9.1,0.852271117774596,0.11296048496934015,0.3633282124912582
LT_k3,LieTrotter,1,3,9.15,0.8612460961876297,0.1515019599952079,0.3839896205241424
LT_k3,LieTrotter,1,3,9.200000000000001,0.8688688438143357,0.1892692801163354,0.41059672344434334
LT_k3,LieTrotter,1,3,9.25,0.874021635836114,0.22384359136513193,0.44847416729234235
LT_k3,LieTrotter,1,3,9.3,0.8768130573744375,0.2558432017563044,0.49845116064892947
LT_k3,LieTrotter,1,3,9.35,0.8779307296959591,0.2872516923528917,0.5567353866666753
LT_k3,LieTrotter,1,3,9.4,0.8780726710328434,0.3197140225080422,0.616647307899373
LT_k3,LieTrotter,1,3,9.450000000000001,0.8777840574230775,0.353418419042874,0.6709962224854737
LT_k3,LieTrotter,1,3,9.5,0.8777313955765258,0.38684858313389214,0.7139358466984407
LT_k3,LieTrotter,1,3,9.55,0.8790113656563767,0.417337371054047,0.7418641909921548
LT_k3,LieTrotter,1,3,9.600000000000001,0.8829322846677917,0.44209730988962515,0.7536217112355383
LT_k3,LieTrotter,1,3,9.65,0.8902086344214225,0.4592959479829894,0.7503579603335823
LT_k3,LieTrotter,1,3,9.700000000000001,0.90026597919984,0.46878153503881337,0.7350565540833361
LT_k3,LieTrotter,1,3,9.75,0.9114013629754064,0.4722134780061226,0.7114107336900886
LT_k3,LieTrotter,1,3,9.8,0.921672876493664,0.4725646209229284,0.6820386963192344
LT_k3,LieTrotter,1,3,9.850000000000001,0.9296639960347651,0.4731799646090333,0.6468174284606798
LT_k3,LieTrotter,1,3,9.9,0.9346359915567117,0.4767332059319583,0.6026651017745648
LT_k3,LieTrotter,1,3,9.950000000000001,0.936459818924957,0.48446124813607394,0.5456515287242298
LT_k3,LieTrotter,1,3,10.0,0.9358153470228989,0.4959543153917542,0.47482161795877453
LT_k3,LieTrotter,1,3,10.05,0.9344083846350975,0.5095649607600445,0.39550941100272796
LT_k3,LieTrotter,1,3,10.100000000000001,0.9345858198658574,0.5232509516832127,0.3195333928091749
LT_k3,LieTrotter,1,3,10.15,0.9383058177708363,0.5354810068200738,0.2611806512246867
LT_k3,LieTrotter,1,3,10.200000000000001,0.9461514501614898,0.5457832985110302,0.23061675069535856
LT_k3,LieTrotter,1,3,10.25,0.9570825470276795,0.5546296532757795,0.22849928057477153
LT_k3,LieTrotter,1,3,10.3,0.9690034364589206,0.5625944480015072,0.245421443064678
LT_k3,LieTrotter,1,3,10.350000000000001,0.9796412266071404,0.5690353337508622,0.2670877956361374
LT_k3,LieTrotter,1,3,10.4,0.9871139497896387,0.5708154218333786,0.2823992629209842
LT_k3,LieTrotter,1,3,10.450000000000001,0.9899270498370015,0.5617135672520583,0.28940346909276893
LT_k3,LieTrotter,1,3,10.5,0.9866744034389081,0.5330545673158229,0.2950645289617991
LT_k3,LieTrotter,1,3,10.55,0.9760356302692178,0.475699829082717,0.30863289552516715
LT_k3,LieTrotter,1,3,10.600000000000001,0.9574490773244083,0.38295492051951674,0.33265338877671724
LT_k3,LieTrotter,1,3,10.65,0.9321012035164736,0.2533949743378393,0.3574835375004911
LT_k3,LieTrotter,1,3,10.700000000000001,0.9032565595548386,0.09237768022324977,0.3632595977712815
LT_k3,LieTrotter,1,3,10.75,0.8754446487241556,0.08867282499760565,0.32869989804121563
LT_k3,LieTrotter,1,3,10.8,0.853347741744195,0.275286601407499,0.24190458643989732
LT_k3,LieTrotter,1,3,10.850000000000001,0.8414050024911406,0.45429833567136935,0.10712760978002911
LT_k3,LieTrotter,1,3,10.9,0.8434510002727688,0.6178018366337434,0.05595622980880299
LT_k3,LieTrotter,1,3,10.950000000000001,0.8608999037266655,0.7649694359988574,0.21947718773926966
LT_k3,LieTrotter,1,3,11.0,0.8903230509982749,0.9008236528802198,0.35662188110214005
LT_k3,LieTrotter,1,3,11.05,0.9236938253807158,1.0323792243937555,0.4481222379833383
LT_k3,LieTrotter,1,3,11.100000000000001,0.9525494716863556,1.1637814772295696,0.48386373887274875
LT_k3,LieTrotter,1,3,11.15,0.9726416948117653,1.292560516672554,0.4610104886175703
LT_k3,LieTrotter,1,3,11.200000000000001,0.984783731082371,1.408662084551343,0.3818953670734151
LT_k3,LieTrotter,1,3,11.25,0.9919420633246648,1.496741294505993,0.2540166612996412
LT_k3,LieTrotter,1,3,11.3,0.996293712263538,1.5408805806861907,0.09181331696473416
LT_k3,LieTrotter,1,3,11.350000000000001,0.998681600435969,1.5300020941362376,0.08232608097959226
LT_k3,LieTrotter,1,3,11.4,0.9995016122828937,1.4621018664653547,0.24039147086220702
LT_k3,LieTrotter,1,3,11.450000000000001,0.9991471937629552,1.345976923239924,0.3548126880692625
LT_k3,LieTrotter,1,3,11.5,0.9976878381861056,1.200015305457482,0.40592073289475705
LT_k3,LieTrotter,1,3,11.55,0.9945396561717789,1.048488124271354,0.3872167985816301
LT_k3,LieTrotter,1,3,11.600000000000001,0.9885531604298071,0.9163692345479837,0.3059801512492251
LT_k3,LieTrotter,1,3,11.65,0.9784662606322805,0.8239472174558121,0.17943287866266355
LT_k3,LieTrotter,1,3,11.700000000000001,0.9636707982171785,0.7824470435536072,0.029042127568002285
LT_k3,LieTrotter,1,3,11.75,0.9450953236069458,0.7916290857563839,0.12398500915249433
LT_k3,LieTrotter,1,3,11.8,0.9255530188330849,0.8399294176911944,0.2605230950731834
LT_k3,LieTrotter,1,3,11.850000000000001,0.9089447026465846,0.9071743949283521,0.3634926178314388
LT_k3,LieTrotter,1,3,11.9,0.8986050085512504,0.9693039889850817,0.4181346472861095
LT_k3,LieTrotter,1,3,11.950000000000001,0.8959085771561713,1.0040000379051481,0.4142070703394003
LT_k3,LieTrotter,1,3,12.0,0.8999663870744152,0.9958111392033522,0.34974952948551685
LT_k3,LieTrotter,1,3,12.05,0.9082151693872849,0.9394404547812345,0.2341815849847113
LT_k3,LieTrotter,1,3,12.100000000000001,0.9172409537790769,0.8403488586114094,0.08810425901212204
LT_k3,LieTrotter,1,3,12.15,0.9235624020819251,0.7126008835257833,0.06136602163572924
LT_k3,LieTrotter,1,3,12.200000000000001,0.9243347509887705,0.5746945953428251,0.18846773333411598
LT_k3,LieTrotter,1,3,12.25,0.9177645873483771,0.4446837274318888,0.27668888559838717
LT_k3,LieTrotter,1,3,12.3,0.9034134452948187,0.3360190677385837,0.3232460136690971
LT_k3,LieTrotter,1,3,12.350000000000001,0.8832159664358422,0.255175953745628,0.33822868961236074
LT_k3,LieTrotter,1,3,12.4,0.8629620219802564,0.20145296419380826,0.3389246374234446
LT_k3,LieTrotter,1,3,12.450000000000001,0.8516511121503878,0.1685996401798739,0.341918708785209
LT_k3,LieTrotter,1,3,12.5,0.8567597546843622,0.1474316391882311,0.35633556160246743
LT_k3,LieTrotter,1,3,12.55,0.8784509517879853,0.12847415953943037,0.38086687433701943
LT_k3,LieTrotter,1,3,12.600000000000001,0.9089093298510196,0.10391865016584007,0.40548213260173505
LT_k3,LieTrotter,1,3,12.65,0.9383819449680274,0.0686191446228328,0.416793102954988
LT_k3,LieTrotter,1,3,12.700000000000001,0.9618121493724081,0.020276035949611804,0.40467874048297925
LT_k3,LieTrotter,1,3,12.75,0.9794314830514279,0.04081033516202115,0.36741059770306794
LT_k3,LieTrotter,1,3,12.8,0.9922676084551925,0.11204120007360771,0.3131979559447119
LT_k3,LieTrotter,1,3,12.850000000000001,0.9990368867468383,0.18869190540543707,0.2575140458504875
LT_k3,LieTrotter,1,3,12.9,0.9976261683978084,0.2640216302372448,0.21724728934459908
LT_k3,LieTrotter,1,3,12.950000000000001,0.9879556435991187,0.3295671407084258,0.20401616593746913
LT_k3,LieTrotter,1,3,13.0,0.9720993070458369,0.37589432591225735,0.21935963900605676
LT_k3,LieTrotter,1,3,13.05,0.9519454821208334,0.3939380986040354,0.2537631349289323
LT_k3,LieTrotter,1,3,13.100000000000001,0.9276793492218097,0.3768003634872276,0.2898798281974013
LT_k3,LieTrotter,1,3,13.15,0.8987741607503804,0.32160035959679817,0.30855335770082815
LT_k3,LieTrotter,1,3,13.200000000000001,0.8660885002219931,0.23080285630393016,0.29514821808208513
LT_k3,LieTrotter,1,3,13.25,0.832799510662596,0.11248201820392939,0.24375407324432286
LT_k3,LieTrotter,1,3,13.3,0.803358795823303,0.02076328403765887,0.1579721906958994
LT_k3,LieTrotter,1,3,13.350000000000001,0.7813737814567929,0.15411188744696896,0.048588384006298946
LT_k3,LieTrotter,1,3,13.4,0.7679194200971458,0.2734837060487583,0.07033877693711732
LT_k3,LieTrotter,1,3,13.450000000000001,0.7612183341628972,0.3683397949672732,0.1851530194777351
LT_k3,LieTrotter,1,3,13.5,0.7574765824664167,0.43350547367196524,0.2848546910749077
LT_k3,LieTrotter,1,3,13.55,0.7518082276018465,0.46950471024318646,0.3618060392260545
LT_k3,LieTrotter,1,3,13.600000000000001,0.7384810323663433,0.4813816311325331,0.4115617658104223
LT_k3,LieTrotter,1,3,13.65,0.7111260105123385,0.47647560239335157,0.43263540062617284
LT_k3,LieTrotter,1,3,13.700000000000001,0.6646157440704399,0.4619255101138299,0.42654534976873126
LT_k3,LieTrotter,1,3,13.75,0.5992730014054184,0.44269788396997045,0.39785514804295946
LT_k3,LieTrotter,1,3,13.8,0.5250798381044821,0.42067265416044414,0.3536210886901149
LT_k3,LieTrotter,1,3,13.850000000000001,0.46145399580223123,0.3949001604231934,0.3019045475290387
LT_k3,LieTrotter,1,3,13.9,0.4300235357203275,0.3627379569335112,0.2496248790699933
LT_k3,LieTrotter,1,3,13.950000000000001,0.44328108423293133,0.3213366425930155,0.2006036529042451
LT_k3,LieTrotter,1,3,14.0,0.4965487191207799,0.2689349675857807,0.1547957892290457
LT_k3,LieTrotter,1,3,14.05,0.5697060799221275,0.20560653967744436,0.10928999983884524
LT_k3,LieTrotter,1,3,14.100000000000001,0.6385722477743794,0.13336365805778305,0.06087064126058128
LT_k3,LieTrotter,1,3,14.15,0.6886264340471029,0.05575060208680804,0.009134470776664516
LT_k3,LieTrotter,1,3,14.200000000000001,0.7216690246418187,0.022820627004738303,0.04128217323664418
LT_k3,LieTrotter,1,3,14.25,0.7510040973908005,0.09772914951038403,0.08066607041454821
LT_k3,LieTrotter,1,3,14.3,0.7892954108267565,0.16460004118097993,0.09694483572464518
LT_k3,LieTrotter,1,3,14.350000000000001,0.8387433780484833,0.21945803567234298,0.08060492365802374
LT_k3,LieTrotter,1,3,14.4,0.8908335782664842,0.2586047515418136,0.030136525031889794
LT_k3,LieTrotter,1,3,14.450000000000001,0.9344105718670386,0.27837663040843763,0.04430617524357344
LT_k3,LieTrotter,1,3,14.5,0.9640069035086462,0.27505161613626306,0.12109167914413038
LT_k3,LieTrotter,1,3,14.55,0.9815661167425023,0.24519630351538313,0.1719597785352635
LT_k3,LieTrotter,1,3,14.600000000000001,0.9919663665061204,0.186616795036408,0.17045620884105017
LT_k3,LieTrotter,1,3,14.65,0.9980716497942719,0.09979276258861355,0.10112429423153763
LT_k3,LieTrotter,1,3,14.700000000000001,0.9996764405611339,0.010665066467396095,0.03410031249003581
LT_k3,LieTrotter,1,3,14.75,0.9958302839757313,0.13521175212776276,0.21502409613261464
LT_k3,LieTrotter,1,3,14.8,0.9874027043999701,0.2598334090181088,0.40844900147227814
LT_k3,LieTrotter,1,3,14.850000000000001,0.9777605701104618,0.3680140571826882,0.5776253480139807
LT_k3,LieTrotter,1,3,14.9,0.97139526063978,0.44387504204520556,0.6923304756281843
LT_k3,LieTrotter,1,3,14.950000000000001,0.9714384348135428,0.4756655783413931,0.7360069441247333
LT_k3,LieTrotter,1,3,15.0,0.9776612081989189,0.45859220380319576,0.7079813440841524
ST2_k3,SuzukiTrotter,2,3,0.0,0.0,0.0,0.0
ST2_k3,SuzukiTrotter,2,3,0.05,1.5662045327324847e-08,8.688915642096617e-06,1.9690370202107843e-05
ST2_k3,SuzukiTrotter,2,3,0.1,9.758982341123712e-07,0.0001304585531178848,0.00029792053933497264
ST2_k3,SuzukiTrotter,2,3,0.15000000000000002,1.0594238550321045e-05,0.0005948344796532501,0.0013759249178406652
ST2_k3,SuzukiTrotter,2,3,0.2,5.529668299752988e-05,0.0016290546390035354,0.0038350282537166214
ST2_k3,SuzukiTrotter,2,3,0.25,0.0001901433427567989,0.003329859839375504,0.008004958971938425
ST2_k3,SuzukiTrotter,2,3,0.30000000000000004,0.0004947712063776422,0.005623324728772361,0.013807790290047084
ST2_k3,SuzukiTrotter,2,3,0.35000000000000003,0.0010491274964946617,0.008332648800624426,0.020788703840095568
ST2_k3,SuzukiTrotter,2,3,0.4,0.0018994801154694763,0.01129641130534198,0.02828017889159662
ST2_k3,SuzukiTrotter,2,3,0.45,0.0030440026435911705,0.014435545614941495,0.03560209512588086
ST2_k3,SuzukiTrotter,2,3,0.5,0.004471092345264882,0.01769003743223395,0.0422314633367219
ST2_k3,SuzukiTrotter,2,3,0.55,0.006261161595012665,0.020831183116801877,0.04793408084040107
ST2_k3,SuzukiTrotter,2,3,0.6000000000000001,0.008721737797898532,0.023257443378426085,0.05287075109635442
ST2_k3,SuzukiTrotter,2,3,0.65,0.012491955118428155,0.023939035685002108,0.057649484053942324
ST2_k3,SuzukiTrotter,2,3,0.7000000000000001,0.018551549186021754,0.021642748925181615,0.06323579350030228
ST2_k3,SuzukiTrotter,2,3,0.75,0.02810639780021762,0.01544399086456813,0.07063285614629855
ST2_k3,SuzukiTrotter,2,3,0.8,0.0423764710928104,0.005370059498422619,0.08034534025620466
ST2_k3,SuzukiTrotter,2,3,0.8500000000000001,0.06235110137838762,0.0070999111495711476,0.09180705941764022
ST2_k3,SuzukiTrotter,2,3,0.9,0.08858414314182417,0.01895438627912692,0.10307604856210334
ST2_k3,SuzukiTrotter,2,3,0.9500000000000001,0.12108810331910003,0.02612740515832196,0.11107428022624838
ST2_k3,SuzukiTrotter,2,3,1.0,0.15937009332100605,0.02444677499422926,0.11244557515086068
ST2_k3,SuzukiTrotter,2,3,1.05,0.20262992530564083,0.010746164356241317,0.10480799039774524
ST2_k3,SuzukiTrotter,2,3,1.1,0.25008851876055205,0.016267691385852573,0.08793978489969384
ST2_k3,SuzukiTrotter,2,3,1.1500000000000001,0.3013325512357631,0.055729761350316084,0.06439568940694695
ST2_k3,SuzukiTrotter,2,3,1.2000000000000002,0.35650002357825106,0.10502627570666032,0.03923885617610512
ST2_k3,SuzukiTrotter,2,3,1.25,0.41615924190018816,0.16073059186368593,0.018910680133217894
ST2_k3,SuzukiTrotter,2,3,1.3,0.48086741101760455,0.21968428208596052,0.009591435795676118
ST2_k3,SuzukiTrotter,2,3,1.35,0.5505691037148397,0.27979389355799306,0.015586158564043773
ST2_k3,SuzukiTrotter,2,3,1.4000000000000001,0.6240977877533598,0.3402486779205821,0.038237478126496804
ST2_k3,SuzukiTrotter,2,3,1.4500000000000002,0.6989952081357367,0.4011175668955658,0.0756527510668849
ST2_k3,SuzukiTrotter,2,3,1.5,0.7716860628948,0.46253958818359897,0.12323856471157912
ST2_k3,SuzukiTrotter,2,3,1.55,0.8378715434117736,0.523873308387413,0.17478117631939316
ST2_k3,SuzukiTrotter,2,3,1.6,0.8929874474476212,0.5831670875027745,0.2236872836519359
ST2_k3,SuzukiTrotter,2,3,1.6500000000000001,0.9327421962896244,0.6371730423079363,0.26403818722611155
ST2_k3,SuzukiTrotter,2,3,1.7000000000000002,0.9539351077508657,0.6819201787493969,0.29127743024205444
ST2_k3,SuzukiTrotter,2,3,1.75,0.9556496447348916,0.7136587948508659,0.30255744056921596
ST2_k3,SuzukiTrotter,2,3,1.8,0.9403499644522645,0.7298420982005136,0.29690374830061655
ST2_k3,SuzukiTrotter,2,3,1.85,0.9137384136774823,0.72975781807374,0.27533875145356224
ST2_k3,SuzukiTrotter,2,3,1.9000000000000001,0.882421997821765,0.7144938065038171,0.2409499215573655
ST2_k3,SuzukiTrotter,2,3,1.9500000000000002,0.8502099789784439,0.6861369565086645,0.19870026296793347
ST2_k3,SuzukiTrotter,2,3,2.0,0.8161938091403567,0.6464348462593218,0.1547227979147731
ST2_k3,SuzukiTrotter,2,3,2.0500000000000003,0.7777265020647651,0.5954797285880831,0.1150228534394363
ST2_k3,SuzukiTrotter,2,3,2.1,0.7372179909230087,0.5311233410436824,0.08388662987780948
ST2_k3,SuzukiTrotter,2,3,2.15,0.7063246357432671,0.449645513156688,0.06264956990657194
ST2_k3,SuzukiTrotter,2,3,2.2,0.7011180895962215,0.34768031135121275,0.04954060662839799
ST2_k3,SuzukiTrotter,2,3,2.25,0.7296444679765375,0.22476200185512266,0.040937918422535746
ST2_k3,SuzukiTrotter,2,3,2.3000000000000003,0.7822859076213301,0.0854286893846099,0.03366326398883557
ST2_k3,SuzukiTrotter,2,3,2.35,0.8353070094356818,0.06011662521784222,0.0272739237623435
ST2_k3,SuzukiTrotter,2,3,2.4000000000000004,0.8667555248035741,0.19722669564399664,0.02511233140990743
ST2_k3,SuzukiTrotter,2,3,2.45,0.8715164169513838,0.30956928831230024,0.03335675955323636
ST2_k3,SuzukiTrotter,2,3,2.5,0.8617800285008492,0.38248853590324816,0.05830064896803966
ST2_k3,SuzukiTrotter,2,3,2.5500000000000003,0.8526511780509541,0.4059154870424715,0.10305544925013377
ST2_k3,SuzukiTrotter,2,3,2.6,0.8473603948298593,0.37612956528086905,0.1652571340748602
ST2_k3,SuzukiTrotter,2,3,2.6500000000000004,0.8367694170038845,0.2962258420476924,0.23690160356207146
ST2_k3,SuzukiTrotter,2,3,2.7,0.8125556771667712,0.17555729905426393,0.3063741818040732
ST2_k3,SuzukiTrotter,2,3,2.75,0.7792853286836006,0.02851840671081085,0.36168082670377466
ST2_k3,SuzukiTrotter,2,3,2.8000000000000003,0.7530391661230478,0.12711255273198643,0.39344200413782116
ST2_k3,SuzukiTrotter,2,3,2.85,0.7490609350782014,0.27222282096617895,0.39659601520542914
ST2_k3,SuzukiTrotter,2,3,2.9000000000000004,0.7706368806575417,0.38875046937299607,0.3706669290413599
ST2_k3,SuzukiTrotter,2,3,2.95,0.8077275993288175,0.4621532625859246,0.319248485952577
ST2_k3,SuzukiTrotter,2,3,3.0,0.8443267850292004,0.48347967807212316,0.24951020874100516
ST2_k3,SuzukiTrotter,2,3,3.0500000000000003,0.8680206338454493,0.45050499876645367,0.1719874236206264
ST2_k3,SuzukiTrotter,2,3,3.1,0.8755394402776419,0.3676122132328402,0.10013197883900293
ST2_k3,SuzukiTrotter,2,3,3.1500000000000004,0.8715884488943025,0.24450651275929614,0.04873460475322139
ST2_k3,SuzukiTrotter,2,3,3.2,0.8628580938165445,0.09424289644878092,0.030771420956723805
ST2_k3,SuzukiTrotter,2,3,3.25,0.8522491398846141,0.06879053716309852,0.05329066110700603
ST2_k3,SuzukiTrotter,2,3,3.3000000000000003,0.8373429953130723,0.23043579956316396,0.11396703700220256
ST2_k3,SuzukiTrotter,2,3,3.35,0.8131622860700158,0.3777330636431597,0.20017818438401247
ST2_k3,SuzukiTrotter,2,3,3.4000000000000004,0.7765780910780781,0.4995046318798779,0.2916062566027271
ST2_k3,SuzukiTrotter,2,3,3.45,0.7301157922322484,0.5869099004643243,0.36580931869763056
ST2_k3,SuzukiTrotter,2,3,3.5,0.6839915867719812,0.6341879864291513,0.40477755956636036
ST2_k3,SuzukiTrotter,2,3,3.5500000000000003,0.654870388108635,0.6394860156654373,0.39998383375976354
ST2_k3,SuzukiTrotter,2,3,3.6,0.6597430878599837,0.605388795292782,0.3541288091399971
ST2_k3,SuzukiTrotter,2,3,3.6500000000000004,0.7062838589344389,0.5387186222871204,0.2792654264650658
ST2_k3,SuzukiTrotter,2,3,3.7,0.7857175638445706,0.4494191152145004,0.19245483772760064
ST2_k3,SuzukiTrotter,2,3,3.75,0.8748683606641714,0.3487488072458047,0.11083627653468758
ST2_k3,SuzukiTrotter,2,3,3.8000000000000003,0.9476198757222519,0.24735221150619843,0.04775999337546161
ST2_k3,SuzukiTrotter,2,3,3.85,0.9878667703419505,0.15384170202895467,0.010765887924537643
ST2_k3,SuzukiTrotter,2,3,3.9000000000000004,0.9948583651553433,0.07426349391242364,0.0012941714516524483
ST2_k3,SuzukiTrotter,2,3,3.95,0.9788623363579736,0.012377808558611758,0.015553208662607121
ST2_k3,SuzukiTrotter,2,3,4.0,0.9525631595077018,0.029689681314463007,0.04601282788916261
ST2_k3,SuzukiTrotter,2,3,4.05,0.9246824709098954,0.050957761839616825,0.08325857703100042
ST2_k3,SuzukiTrotter,2,3,4.1000000000000005,0.8982094875916693,0.051558095864008974,0.11808093104432527
ST2_k3,SuzukiTrotter,2,3,4.15,0.8718599647991566,0.03305657646368035,0.1435420845372976
ST2_k3,SuzukiTrotter,2,3,4.2,0.8425961198522751,0.0012855665760325152,0.1565176195878818
ST2_k3,SuzukiTrotter,2,3,4.25,0.8079944516993153,0.04673453746089917,0.15814877026533314
ST2_k3,SuzukiTrotter,2,3,4.3,0.7680625790268184,0.09791661025940057,0.15294273509611278
ST2_k3,SuzukiTrotter,2,3,4.3500000000000005,0.7261550084087275,0.14997140705419115,0.14682341067319482
ST2_k3,SuzukiTrotter,2,3,4.4,0.6883771019773446,0.19947488770960317,0.14493866249364656
ST2_k3,SuzukiTrotter,2,3,4.45,0.6611795999415276,0.24464958515986612,0.1501492086925854
ST2_k3,SuzukiTrotter,2,3,4.5,0.6480162203023748,0.2847472092257032,0.16276230766161054
ST2_k3,SuzukiTrotter,2,3,4.55,0.6469661109942866,0.3189395306231367,0.18143003794949059
ST2_k3,SuzukiTrotter,2,3,4.6000000000000005,0.6509460584852249,0.34532651799209685,0.20457079318289711
ST2_k3,SuzukiTrotter,2,3,4.65,0.6508114342049836,0.36061952784296314,0.2314918765695595
ST2_k3,SuzukiTrotter,2,3,4.7,0.6403234012504708,0.3607249470386712,0.26265245114810415
ST2_k3,SuzukiTrotter,2,3,4.75,0.6208147987425763,0.3420260068051205,0.2990250659119706
ST2_k3,SuzukiTrotter,2,3,4.800000000000001,0.6023894150958309,0.30284582291053996,0.3409953424510636
ST2_k3,SuzukiTrotter,2,3,4.8500000000000005,0.5992183456295204,0.2444961151071558,0.38745168032360777
ST2_k3,SuzukiTrotter,2,3,4.9,0.6204668217050435,0.17147555091811298,0.4355952692083723
ST2_k3,SuzukiTrotter,2,3,4.95,0.6630920476006792,0.09069294292429517,0.4816391741895474
ST2_k3,SuzukiTrotter,2,3,5.0,0.7126995379048195,0.009934904476976564,0.5221372091820687
ST2_k3,SuzukiTrotter,2,3,5.050000000000001,0.7523658917679187,0.06393631600913885,0.5553606410033363
ST2_k3,SuzukiTrotter,2,3,5.1000000000000005,0.772742621351836,0.12646652828302907,0.5820487296888218
ST2_k3,SuzukiTrotter,2,3,5.15,0.7764923712158922,0.17629060162399435,0.6050556532066804
ST2_k3,SuzukiTrotter,2,3,5.2,0.7754143191658672,0.21481550928998205,0.6278683363663671
ST2_k3,SuzukiTrotter,2,3,5.25,0.7832729281362376,0.24508481878670102,0.6525279853470765
ST2_k3,SuzukiTrotter,2,3,5.300000000000001,0.8082812193497049,0.270312175330031,0.6779027226648936
ST2_k3,SuzukiTrotter,2,3,5.3500000000000005,0.8486096994046196,0.29267357902576785,0.6992727097913399
ST2_k3,SuzukiTrotter,2,3,5.4,0.8936005271075653,0.31279387416956755,0.7096924377878505
ST2_k3,SuzukiTrotter,2,3,5.45,0.9306057691426081,0.33002582911692463,0.7027464534281039
ST2_k3,SuzukiTrotter,2,3,5.5,0.9527135485693629,0.3432660172045835,0.6755244724235202
ST2_k3,SuzukiTrotter,2,3,5.550000000000001,0.9612143573644311,0.3518500822484252,0.6303744541276893
ST2_k3,SuzukiTrotter,2,3,5.6000000000000005,0.9616811509398756,0.35610444324410634,0.5744837830067642
ST2_k3,SuzukiTrotter,2,3,5.65,0.9588775844897782,0.35735982591088244,0.5174034797733279
ST2_k3,SuzukiTrotter,2,3,5.7,0.9556749148701874,0.35751795548470383,0.4677112468182719
ST2_k3,SuzukiTrotter,2,3,5.75,0.9551048068351622,0.3584565621013344,0.43047875235152
ST2_k3,SuzukiTrotter,2,3,5.800000000000001,0.9607384656513753,0.3615763498151271,0.4067542338196494
ST2_k3,SuzukiTrotter,2,3,5.8500000000000005,0.9735834696270713,0.3676554307995949,0.3951180134552896
ST2_k3,SuzukiTrotter,2,3,5.9,0.9890689305768429,0.37697863959207334,0.3941756947711319
ST2_k3,SuzukiTrotter,2,3,5.95,0.9983378247531888,0.3895634273586098,0.4043307165655291
ST2_k3,SuzukiTrotter,2,3,6.0,0.9935696490986661,0.4052772123562522,0.4276467057296505
ST2_k3,SuzukiTrotter,2,3,6.050000000000001,0.9731253967742349,0.42372740031657186,0.46579810071964706
ST2_k3,SuzukiTrotter,2,3,6.1000000000000005,0.9428890548742928,0.44394420272389706,0.5173076784896795
ST2_k3,SuzukiTrotter,2,3,6.15,0.9135007546456586,0.46399547285650955,0.5757715662892481
ST2_k3,SuzukiTrotter,2,3,6.2,0.8954863770072203,0.4807261448892335,0.6302920842128314
ST2_k3,SuzukiTrotter,2,3,6.25,0.8946087632862199,0.48979540223596474,0.668176477959675
ST2_k3,SuzukiTrotter,2,3,6.300000000000001,0.9094481476995235,0.48611096671858567,0.67879478831118
ST2_k3,SuzukiTrotter,2,3,6.3500000000000005,0.9326219844219613,0.46465545097134286,0.6569580650211047
ST2_k3,SuzukiTrotter,2,3,6.4,0.9552270187231678,0.42158364138398685,0.6045031224537283
ST2_k3,SuzukiTrotter,2,3,6.45,0.9716295912296035,0.3553621306618537,0.5296776696002607
ST2_k3,SuzukiTrotter,2,3,6.5,0.9813035580584148,0.26765391116389825,0.44485700276720663
ST2_k3,SuzukiTrotter,2,3,6.550000000000001,0.9870332710500337,0.16365622647502048,0.3636176431172248
ST2_k3,SuzukiTrotter,2,3,6.6000000000000005,0.9916832773898925,0.051702122037977444,0.2981092296561831
ST2_k3,SuzukiTrotter,2,3,6.65,0.9959781848571804,0.05787934817022716,0.25721695490263247
ST2_k3,SuzukiTrotter,2,3,6.7,0.9982777437481766,0.15443764081343186,0.2455503995756243
ST2_k3,SuzukiTrotter,2,3,6.75,0.9964451488604772,0.22884012701296724,0.26308067944800945
ST2_k3,SuzukiTrotter,2,3,6.800000000000001,0.9908604972415043,0.27505153462422793,0.305290970176123
ST2_k3,SuzukiTrotter,2,3,6.8500000000000005,0.9854643519226867,0.2910971550464696,0.3638412168025167
ST2_k3,SuzukiTrotter,2,3,6.9,0.9841006713487775,0.27921367386725626,0.42779609794742246
ST2_k3,SuzukiTrotter,2,3,6.95,0.9852861337501443,0.2451862218629845,0.48536459657767944
ST2_k3,SuzukiTrotter,2,3,7.0,0.9829516904407816,0.1970476709775819,0.5259224561424694
ST2_k3,SuzukiTrotter,2,3,7.050000000000001,0.9743207569131922,0.14344605980717676,0.5419549572075533
ST2_k3,SuzukiTrotter,2,3,7.1000000000000005,0.9650477479159134,0.09205532068827663,0.5305340807050858
ST2_k3,SuzukiTrotter,2,3,7.15,0.9634390004598239,0.04840277211625861,0.49401651694418736
ST2_k3,SuzukiTrotter,2,3,7.2,0.9706230914097964,0.01540021097491752,0.43976835157321514
ST2_k3,SuzukiTrotter,2,3,7.25,0.9798923050220814,0.006311115188362082,0.37886895312429214
ST2_k3,SuzukiTrotter,2,3,7.300000000000001,0.9852857162288359,0.01733177759338081,0.3239399458319373
ST2_k3,SuzukiTrotter,2,3,7.3500000000000005,0.9870115911899332,0.018158319236652787,0.286489967531651
ST2_k3,SuzukiTrotter,2,3,7.4,0.988356049650075,0.008027570067495826,0.2743933242869212
ST2_k3,SuzukiTrotter,2,3,7.45,0.9913718330563122,0.015571274045074732,0.2901955218082979
ST2_k3,SuzukiTrotter,2,3,7.5,0.9960713913745889,0.05645295306286813,0.3307495047855632
ST2_k3,SuzukiTrotter,2,3,7.550000000000001,0.999226506143499,0.11843081314381587,0.3882542449306198
ST2_k3,SuzukiTrotter,2,3,7.6000000000000005,0.9929100447079265,0.2035534192215095,0.45227654562530417
ST2_k3,SuzukiTrotter,2,3,7.65,0.9698201677534042,0.31049243362100243,0.512041674878899
ST2_k3,SuzukiTrotter,2,3,7.7,0.9335285878880707,0.4336860133119529,0.5583353722626281
ST2_k3,SuzukiTrotter,2,3,7.75,0.8999422708173197,0.5636191450947902,0.5847089943088123
ST2_k3,SuzukiTrotter,2,3,7.800000000000001,0.8851838023666634,0.6882527233018552,0.5880729142853824
ST2_k3,SuzukiTrotter,2,3,7.8500000000000005,0.8932191275839727,0.7952220695605082,0.5689348236750426
ST2_k3,SuzukiTrotter,2,3,7.9,0.9152009818613672,0.874152812920821,0.5314008206345515
ST2_k3,SuzukiTrotter,2,3,7.95,0.936564268699479,0.9183949985100419,0.4827697074692105
ST2_k3,SuzukiTrotter,2,3,8.0,0.9440627618202381,0.9256865545471984,0.4324110744668101
ST2_k3,SuzukiTrotter,2,3,8.05,0.9325042955190221,0.897656730082254,0.3898275436190541
ST2_k3,SuzukiTrotter,2,3,8.1,0.9097576138738488,0.8385145335247295,0.3622930964323478
ST2_k3,SuzukiTrotter,2,3,8.15,0.8925057191087837,0.7535530955232375,0.35291162148895483
ST2_k3,SuzukiTrotter,2,3,8.200000000000001,0.8926696893353943,0.6481082848019925,0.3599909468231412
ST2_k3,SuzukiTrotter,2,3,8.25,0.9077427203103318,0.527330791994193,0.3781408281854811
ST2_k3,SuzukiTrotter,2,3,8.3,0.9249238878425038,0.39669254117998176,0.40069398768470105
ST2_k3,SuzukiTrotter,2,3,8.35,0.9328703570263058,0.2627573052374301,0.4223725732314997
ST2_k3,SuzukiTrotter,2,3,8.4,0.9289683640927603,0.13358803907736772,0.4409877516161646
ST2_k3,SuzukiTrotter,2,3,8.450000000000001,0.9180389691953088,0.018314768977915646,0.45746338622751026
ST2_k3,SuzukiTrotter,2,3,8.5,0.9060943410699953,0.0742232047575401,0.4743314051893662
ST2_k3,SuzukiTrotter,2,3,8.55,0.8946966464736725,0.13739602121390082,0.4935717732271273
ST2_k3,SuzukiTrotter,2,3,8.6,0.8808934717668083,0.16858577582341447,0.5148824880621299
ST2_k3,SuzukiTrotter,2,3,8.65,0.8631649971358302,0.17015675852209755,0.5351098738452945
ST2_k3,SuzukiTrotter,2,3,8.700000000000001,0.8464845179302406,0.14913054194035957,0.5489198619609262
ST2_k3,SuzukiTrotter,2,3,8.75,0.8395649774723218,0.11555168688749572,0.5502434810803625
ST2_k3,SuzukiTrotter,2,3,8.8,0.8470753269719875,0.08000410188777847,0.5338464129999901
ST2_k3,SuzukiTrotter,2,3,8.85,0.8658777578601394,0.051059131813558395,0.4965452044578304
ST2_k3,SuzukiTrotter,2,3,8.9,0.8886122395905224,0.03348026892398355,0.43790505395709506
ST2_k3,SuzukiTrotter,2,3,8.950000000000001,0.9094906649583102,0.02775243428875397,0.36046982238056513
ST2_k3,SuzukiTrotter,2,3,9.0,0.9268496139577224,0.031035274691714396,0.26960400642712734
ST2_k3,SuzukiTrotter,2,3,9.05,0.9420551195663086,0.03913267105510054,0.17295320986492757
ST2_k3,SuzukiTrotter,2,3,9.1,0.9568679243788116,0.04871617424726715,0.07950437415542
ST2_k3,SuzukiTrotter,2,3,9.15,0.9707554060659286,0.058971470243689636,0.0016761398500297342
ST2_k3,SuzukiTrotter,2,3,9.200000000000001,0.9794102605457732,0.07207385299918993,0.06279023202054845
ST2_k3,SuzukiTrotter,2,3,9.25,0.975997915877549,0.09234154804047037,0.0984181557645335
ST2_k3,SuzukiTrotter,2,3,9.3,0.9553011041737031,0.124392734166627,0.10613625510862751
ST2_k3,SuzukiTrotter,2,3,9.35,0.9183086051022025,0.17097342330740137,0.08657441620870715
ST2_k3,SuzukiTrotter,2,3,9.4,0.8734649716620693,0.23122508679665327,0.04302570987505577
ST2_k3,SuzukiTrotter,2,3,9.450000000000001,0.8324404713616731,0.30001086031236013,0.019210500298926847
ST2_k3,SuzukiTrotter,2,3,9.5,0.8023454338220227,0.3685823352719869,0.0936144071616154
ST2_k3,SuzukiTrotter,2,3,9.55,0.7802369547572854,0.42645271413923996,0.1732865652268087
ST2_k3,SuzukiTrotter,2,3,9.600000000000001,0.7557617865888764,0.46396388035067404,0.25176230260952515
ST2_k3,SuzukiTrotter,2,3,9.65,0.7217571098046489,0.4748008582022987,0.3236447143920937
ST2_k3,SuzukiTrotter,2,3,9.700000000000001,0.6844140712846216,0.45769396650160965,0.3848654936266862
ST2_k3,SuzukiTrotter,2,3,9.75,0.6628577559744402,0.41677987060900246,0.4324925420523903
ST2_k3,SuzukiTrotter,2,3,9.8,0.6767768554693577,0.3605129856427881,0.46425111468768687
ST2_k3,SuzukiTrotter,2,3,9.850000000000001,0.732093752527728,0.2994932161435476,0.47815752084637925
ST2_k3,SuzukiTrotter,2,3,9.9,0.8160295100039887,0.24392829607508287,0.4726796099064601
ST2_k3,SuzukiTrotter,2,3,9.950000000000001,0.9030675241006936,0.20153514492234148,0.44755129541259436
ST2_k3,SuzukiTrotter,2,3,10.0,0.9649436067419951,0.17646629638153571,0.40491040769268694
ST2_k3,SuzukiTrotter,2,3,10.05,0.9801149448826864,0.16941771561813807,0.3500894748703237
ST2_k3,SuzukiTrotter,2,3,10.100000000000001,0.9433969778210236,0.17861646652004592,0.2914223922792976
ST2_k3,SuzukiTrotter,2,3,10.15,0.872676457403117,0.20108754619516828,0.238864264825149
ST2_k3,SuzukiTrotter,2,3,10.200000000000001,0.8027414182648239,0.23356764063250401,0.20181437337240704
ST2_k3,SuzukiTrotter,2,3,10.25,0.7635031315438581,0.27266579197232865,0.18692190921373397
ST2_k3,SuzukiTrotter,2,3,10.3,0.7589214014407284,0.3142681739815213,0.19660869185184476
ST2_k3,SuzukiTrotter,2,3,10.350000000000001,0.7677367443330245,0.35259614839771936,0.22862405186292567
ST2_k3,SuzukiTrotter,2,3,10.4,0.7656372594665527,0.379594259090272,0.2764641472405892
ST2_k3,SuzukiTrotter,2,3,10.450000000000001,0.7457039988305205,0.385316834827096,0.330269812822623
ST2_k3,SuzukiTrotter,2,3,10.5,0.718627883436008,0.3596417447166436,0.3779649283273362
ST2_k3,SuzukiTrotter,2,3,10.55,0.6980674785710901,0.295038877101841,0.40670938220089814
ST2_k3,SuzukiTrotter,2,3,10.600000000000001,0.6888953931892218,0.18948281147165807,0.40487183433640866
ST2_k3,SuzukiTrotter,2,3,10.65,0.6871962543294163,0.0482436900506647,0.3644717278534622
ST2_k3,SuzukiTrotter,2,3,10.700000000000001,0.6876583773609375,0.11651634068722028,0.28352181864891074
ST2_k3,SuzukiTrotter,2,3,10.75,0.6901670067773062,0.28863649501847005,0.1673190535868585
ST2_k3,SuzukiTrotter,2,3,10.8,0.7005745304320699,0.45255702352873767,0.027869670474505392
ST2_k3,SuzukiTrotter,2,3,10.850000000000001,0.7254817416233282,0.5979657044497844,0.11864085959286697
ST2_k3,SuzukiTrotter,2,3,10.9,0.7657639426726457,0.7226301710064731,0.25547181021426646
ST2_k3,SuzukiTrotter,2,3,10.950000000000001,0.8150063565367967,0.8321930388929678,0.36859360534383195
ST2_k3,SuzukiTrotter,2,3,11.0,0.8640640693760671,0.9369249605391666,0.4483395529032444
ST2_k3,SuzukiTrotter,2,3,11.05,0.906630335211566,1.0466709609382312,0.48911557852884335
ST2_k3,SuzukiTrotter,2,3,11.100000000000001,0.940625863110151,1.1659281290039456,0.4879724612065048
ST2_k3,SuzukiTrotter,2,3,11.15,0.9657649178445187,1.2908844174736283,0.44347894766725515
ST2_k3,SuzukiTrotter,2,3,11.200000000000001,0.9814729994314972,1.4094495497661694,0.3560501227713806
ST2_k3,SuzukiTrotter,2,3,11.25,0.9876513128700956,1.504219703430846,0.22982647933652067
ST2_k3,SuzukiTrotter,2,3,11.3,0.9866854626242128,1.5573787215686798,0.0749993083095396
ST2_k3,SuzukiTrotter,2,3,11.350000000000001,0.9834519234706446,1.556030022973168,0.09112245247535655
ST2_k3,SuzukiTrotter,2,3,11.4,0.9824906749672571,1.496431611604543,0.2456164454759393
ST2_k3,SuzukiTrotter,2,3,11.450000000000001,0.985076083380364,1.3859722247058262,0.36413861126114794
ST2_k3,SuzukiTrotter,2,3,11.5,0.9892250332524095,1.2423314771559721,0.4265692707544659
ST2_k3,SuzukiTrotter,2,3,11.55,0.9922771314068983,1.0899740969950584,0.42210021652280894
ST2_k3,SuzukiTrotter,2,3,11.600000000000001,0.9930324384015751,0.9548079027186023,0.3519251562244307
ST2_k3,SuzukiTrotter,2,3,11.65,0.9917025333945805,0.8583400149656752,0.22869124149713616
ST2_k3,SuzukiTrotter,2,3,11.700000000000001,0.9886970625682389,0.812845229116276,0.07314661656615784
ST2_k3,SuzukiTrotter,2,3,11.75,0.9839002454837438,0.8188215385417065,0.0906368125203999
ST2_k3,SuzukiTrotter,2,3,11.8,0.9769070753385458,0.8653834859810696,0.23984586915092276
ST2_k3,SuzukiTrotter,2,3,11.850000000000001,0.9678409594398896,0.9334120238574096,0.3561414959060555
ST2_k3,SuzukiTrotter,2,3,11.9,0.9581187292517891,1.0005069127069517,0.4271416345529091
ST2_k3,SuzukiTrotter,2,3,11.950000000000001,0.9503830957171224,1.0463263266395915,0.4465458576712269
ST2_k3,SuzukiTrotter,2,3,12.0,0.947250530119683,1.0568861689340356,0.4136344986891898
ST2_k3,SuzukiTrotter,2,3,12.05,0.9494563861201881,1.0268059375391585,0.33276700587571817
ST2_k3,SuzukiTrotter,2,3,12.100000000000001,0.9545335654919205,0.9591657587567879,0.21306886082748722
ST2_k3,SuzukiTrotter,2,3,12.15,0.9572729061717289,0.863346026471921,0.06800809038379652
ST2_k3,SuzukiTrotter,2,3,12.200000000000001,0.9526919826625443,0.7517360252649136,0.08569434533806447
ST2_k3,SuzukiTrotter,2,3,12.25,0.9399648250317594,0.6363837495432767,0.23022913330700562
ST2_k3,SuzukiTrotter,2,3,12.3,0.9234185814542619,0.5264983467722458,0.3498238850248952
ST2_k3,SuzukiTrotter,2,3,12.350000000000001,0.908946734087807,0.4273054921441525,0.43405668649145585
ST2_k3,SuzukiTrotter,2,3,12.4,0.8999901939511153,0.34026077591214476,0.4801591294461558
ST2_k3,SuzukiTrotter,2,3,12.450000000000001,0.8978296256870746,0.2642178186443555,0.49322804994654523
ST2_k3,SuzukiTrotter,2,3,12.5,0.9039144420100051,0.19694134938220642,0.48399050711551533
ST2_k3,SuzukiTrotter,2,3,12.55,0.9184925330878586,0.13637869081340614,0.46481954858124513
ST2_k3,SuzukiTrotter,2,3,12.600000000000001,0.936988011212725,0.08130485611059401,0.4455552919118709
ST2_k3,SuzukiTrotter,2,3,12.65,0.9517630462329362,0.031243448940384888,0.43085054067284445
ST2_k3,SuzukiTrotter,2,3,12.700000000000001,0.9597285197843595,0.0141572695472299,0.42006736794269134
ST2_k3,SuzukiTrotter,2,3,12.75,0.9657457902392811,0.05591969793780743,0.4095099428899622
ST2_k3,SuzukiTrotter,2,3,12.8,0.9759681101910193,0.09626659297021845,0.39563825658138063
ST2_k3,SuzukiTrotter,2,3,12.850000000000001,0.989451500399244,0.13853772867269004,0.3774960130970824
ST2_k3,SuzukiTrotter,2,3,12.9,0.9988393170308195,0.1863779701134064,0.3571354008851845
ST2_k3,SuzukiTrotter,2,3,12.950000000000001,0.9980688038695538,0.24239513798557513,0.3380125312200992
ST2_k3,SuzukiTrotter,2,3,13.0,0.9868260639491635,0.3067697161650068,0.3224704094059616
ST2_k3,SuzukiTrotter,2,3,13.05,0.9687244760341276,0.37641913924196885,0.3098740555651822
ST2_k3,SuzukiTrotter,2,3,13.100000000000001,0.9490486465413979,0.445187577821014,0.2964971512117812
ST2_k3,SuzukiTrotter,2,3,13.15,0.9349805451808001,0.5051644001689171,0.2772091920005615
ST2_k3,SuzukiTrotter,2,3,13.200000000000001,0.9341996913110165,0.548770403778843,0.2480240778374172
ST2_k3,SuzukiTrotter,2,3,13.25,0.9494391351421985,0.570899904877982,0.2081990000095818
ST2_k3,SuzukiTrotter,2,3,13.3,0.9739215545741109,0.5703448401382828,0.16094826359260483
ST2_k3,SuzukiTrotter,2,3,13.350000000000001,0.9940874844098974,0.5499998593600669,0.1126349586852683
ST2_k3,SuzukiTrotter,2,3,13.4,0.9993283315718973,0.5158383207552864,0.07100096987770477
ST2_k3,SuzukiTrotter,2,3,13.450000000000001,0.9907671812966946,0.47513388550494884,0.043230136134859154
ST2_k3,SuzukiTrotter,2,3,13.5,0.9799913856351564,0.43466131537556674,0.034415757955560955
ST2_k3,SuzukiTrotter,2,3,13.55,0.9770637041015039,0.3995355721218856,0.04662322595702395
ST2_k3,SuzukiTrotter,2,3,13.600000000000001,0.979393994749514,0.3729920844818152,0.07852526480733041
ST2_k3,SuzukiTrotter,2,3,13.65,0.9746910065313716,0.35695111594614204,0.12563214163854464
ST2_k3,SuzukiTrotter,2,3,13.700000000000001,0.9558987284859278,0.3528605145418829,0.1812544230750514
ST2_k3,SuzukiTrotter,2,3,13.75,0.93068974812567,0.36222695000415855,0.23824486937834086
ST2_k3,SuzukiTrotter,2,3,13.8,0.9141742709209351,0.38645337579641864,0.2911724394294546
ST2_k3,SuzukiTrotter,2,3,13.850000000000001,0.9141666386099842,0.42599472280632017,0.33809891879871556
ST2_k3,SuzukiTrotter,2,3,13.9,0.9257241072021684,0.47923599764960456,0.38095765280283567
ST2_k3,SuzukiTrotter,2,3,13.950000000000001,0.9378967307338711,0.5416983695087099,0.42396178589683786
ST2_k3,SuzukiTrotter,2,3,14.0,0.942703927002743,0.6060868384123085,0.47041309726064723
ST2_k3,SuzukiTrotter,2,3,14.05,0.9395222238550327,0.6633429760950827,0.5192708250565263
ST2_k3,SuzukiTrotter,2,3,14.100000000000001,0.9353784503821362,0.7044212174339237,0.5632726923377875
ST2_k3,SuzukiTrotter,2,3,14.15,0.9407532298217292,0.7221827579856689,0.5899253128260231
ST2_k3,SuzukiTrotter,2,3,14.200000000000001,0.9601956548143694,0.712755254161848,0.5854412317671318
ST2_k3,SuzukiTrotter,2,3,14.25,0.9851669499048311,0.6759535085378242,0.5402847603119212
ST2_k3,SuzukiTrotter,2,3,14.3,0.999412278674397,0.6147578572346221,0.4541142982665188
ST2_k3,SuzukiTrotter,2,3,14.350000000000001,0.9935269402246455,0.5341925466487393,0.33802088924079
ST2_k3,SuzukiTrotter,2,3,14.4,0.9723205566078911,0.4400773768425857,0.21300341296347708
ST2_k3,SuzukiTrotter,2,3,14.450000000000001,0.9473911612624116,0.33802443308317287,0.10508373410231259
ST2_k3,SuzukiTrotter,2,3,14.5,0.9265177790730524,0.2328349152466041,0.03868611494401858
ST2_k3,SuzukiTrotter,2,3,14.55,0.9127258952853559,0.12827584605790407,0.030403078906758918
ST2_k3,SuzukiTrotter,2,3,14.600000000000001,0.9092047891595418,0.02716531646376752,0.08494692567272388
ST2_k3,SuzukiTrotter,2,3,14.65,0.9189114618264083,0.06827256041622619,0.19420478523034726
ST2_k3,SuzukiTrotter,2,3,14.700000000000001,0.9392978222766222,0.15581724374748854,0.3393063182683196
ST2_k3,SuzukiTrotter,2,3,14.75,0.9619582788799654,0.23255751285332396,0.4948499393283289
ST2_k3,SuzukiTrotter,2,3,14.8,0.9792675900237241,0.29438409579290664,0.6340912818943837
ST2_k3,SuzukiTrotter,2,3,14.850000000000001,0.989333252291032,0.33604623340346484,0.733944490014503
ST2_k3,SuzukiTrotter,2,3,14.9,0.9937437154380242,0.35203716782173244,0.7789268914997065
ST2_k3,SuzukiTrotter,2,3,14.950000000000001,0.9929335169950442,0.3382538079774444,0.7635189287209655
ST2_k3,SuzukiTrotter,2,3,15.0,0.9855686556445815,0.29398290035050473,0.692703858858717
ST4_k3,SuzukiTrotter,4,3,0.0,0.0,0.0,0.0
ST4_k3,SuzukiTrotter,4,3,0.05,0.0,4.0151781899311345e-10,2.285782563227201e-09
ST4_k3,SuzukiTrotter,4,3,0.1,3.0309088572266774e-13,2.343031879625812e-08,1.3650263497311244e-07
ST4_k3,SuzukiTrotter,4,3,0.15000000000000002,1.539612881629182e-11,2.268959666817949e-07,1.3843605660701641e-06
ST4_k3,SuzukiTrotter,4,3,0.2,2.4042656754375e-10,9.936063090076885e-07,6.599507696547491e-06
ST4_k3,SuzukiTrotter,4,3,0.25,1.8778711918798763e-09,2.6053848264928625e-06,2.030841540390238e-05
ST4_k3,SuzukiTrotter,4,3,0.30000000000000004,9.237496101377474e-09,4.217529918359997e-06,4.632488371492105e-05
ST4_k3,SuzukiTrotter,4,3,0.35000000000000003,3.2164548358082357e-08,2.2673597018796343e-06,8.392186075306673e-05
ST4_k3,SuzukiTrotter,4,3,0.4,8.441926180324799e-08,1.1143636105243049e-05,0.00012480011749971265
ST4_k3,SuzukiTrotter,4,3,0.45,1.7248278061376965e-07,4.9290671207583014e-05,0.00015346184357567516
ST4_k3,SuzukiTrotter,4,3,0.5,2.7887346265575985e-07,0.00013100839913267326,0.0001529076263214746
ST4_k3,SuzukiTrotter,4,3,0.55,3.699561419434616e-07,0.0002800545670159915,0.00011625460362119089
ST4_k3,SuzukiTrotter,4,3,0.6000000000000001,4.916546696431823e-07,0.0005234578164970694,6.259626166382759e-05
ST4_k3,SuzukiTrotter,4,3,0.65,1.029535551366756e-06,0.000887767652503535,5.126108551778419e-05
ST4_k3,SuzukiTrotter,4,3,0.7000000000000001,3.1660199187877325e-06,0.0013914463568650004,0.00018319516602061103
ST4_k3,SuzukiTrotter,4,3,0.75,9.443175223111666e-06,0.0020326546822404257,0.0005758622428768678
ST4_k3,SuzukiTrotter,4,3,0.8,2.4139651398802364e-05,0.00277517171822661,0.0013056027168831807
ST4_k3,SuzukiTrotter,4,3,0.8500000000000001,5.2937670344643806e-05,0.003539742071393126,0.002331733088646093
ST4_k3,SuzukiTrotter,4,3,0.9,0.00010119593852631059,0.00421002427036446,0.0034417653178098195
ST4_k3,SuzukiTrotter,4,3,0.9500000000000001,0.00017028690484632847,0.004657735998699286,0.004268062117986027
ST4_k3,SuzukiTrotter,4,3,1.0,0.0002523014065889395,0.004780478732641341,0.004404940372489841
ST4_k3,SuzukiTrotter,4,3,1.05,0.0003253922686392574,0.004534012060332493,0.0036020156514665613
ST4_k3,SuzukiTrotter,4,3,1.1,0.0003551013797193914,0.0039381772739784104,0.0019517184165946388
ST4_k3,SuzukiTrotter,4,3,1.1500000000000001,0.0003102248735745716,0.003048946771948932,3.2108981225853483e-05
ST4_k3,SuzukiTrotter,4,3,1.2000000000000002,0.0002032630913598732,0.0019146566878717325,0.0015063132913381017
ST4_k3,SuzukiTrotter,4,3,1.25,0.00016328673749310685,0.0005574072268012265,0.001535716755115324
ST4_k3,SuzukiTrotter,4,3,1.3,0.0005416766875698809,0.0009772880242076148,0.0006279780731147655
ST4_k3,SuzukiTrotter,4,3,1.35,0.002037967439280308,0.0024862249412578863,0.005340590945973389
ST4_k3,SuzukiTrotter,4,3,1.4000000000000001,0.0058150831357552946,0.0034180807307155336,0.012479078030410373
ST4_k3,SuzukiTrotter,4,3,1.4500000000000002,0.01355621040747057,0.0026942771434569357,0.021418934627284836
ST4_k3,SuzukiTrotter,4,3,1.5,0.0274098178545793,0.0013787516736498695,0.030966697515303676
ST4_k3,SuzukiTrotter,4,3,1.55,0.049782743700168997,0.011040763640189799,0.03918774412785747
ST4_k3,SuzukiTrotter,4,3,1.6,0.08296840821039664,0.028813466808773613,0.0432049994796212
ST4_k3,SuzukiTrotter,4,3,1.6500000000000001,0.1286224552439067,0.05702454071618579,0.03918609311660726
ST4_k3,SuzukiTrotter,4,3,1.7000000000000002,0.18711992505375163,0.09712990096112645,0.022788866144662023
ST4_k3,SuzukiTrotter,4,3,1.75,0.25687572571472217,0.14890091217602008,0.009761449427697078
ST4_k3,SuzukiTrotter,4,3,1.8,0.33381018673944807,0.20964547173727466,0.06003463029497769
ST4_k3,SuzukiTrotter,4,3,1.85,0.411248105193614,0.2737467686102465,0.125604188038985
ST4_k3,SuzukiTrotter,4,3,1.9000000000000001,0.4805271071433206,0.33284884788930513,0.19882791887923396
ST4_k3,SuzukiTrotter,4,3,1.9500000000000002,0.5323721770761229,0.37691275892780457,0.26706810376173495
ST4_k3,SuzukiTrotter,4,3,2.0,0.5587574498484299,0.3961031944410923,0.31500044706736374
ST4_k3,SuzukiTrotter,4,3,2.0500000000000003,0.5547500626911382,0.38314028260093064,0.32897179153536354
ST4_k3,SuzukiTrotter,4,3,2.1,0.5198555825582183,0.33551766261762855,0.30232719991898754
ST4_k3,SuzukiTrotter,4,3,2.15,0.4585806539290317,0.2569532828671377,0.23967358928384797
ST4_k3,SuzukiTrotter,4,3,2.2,0.3801275102719919,0.15759405268414212,0.15780627987214735
ST4_k3,SuzukiTrotter,4,3,2.25,0.2972808076195055,0.05274202017921281,0.08194779714963069
ST4_k3,SuzukiTrotter,4,3,2.3000000000000003,0.22466568527585706,0.03987102629747047,0.03789988313973347
ST4_k3,SuzukiTrotter,4,3,2.35,0.17658764099996405,0.10394464283575128,0.042839540789977315
ST4_k3,SuzukiTrotter,4,3,2.4000000000000004,0.16453927172737037,0.1289059665399952,0.09859777324847585
ST4_k3,SuzukiTrotter,4,3,2.45,0.1943918984527505,0.11349688855067924,0.1905212151104826
ST4_k3,SuzukiTrotter,4,3,2.5,0.26371198588301825,0.06724953576725395,0.29260555203650546
ST4_k3,SuzukiTrotter,4,3,2.5500000000000003,0.3604945717516769,0.00873117467172449,0.37670839520992644
ST4_k3,SuzukiTrotter,4,3,2.6,0.4649110037279074,0.0395548846092551,0.421858971907655
ST4_k3,SuzukiTrotter,4,3,2.6500000000000004,0.5544623137004262,0.058270221830638624,0.4199344357434208
ST4_k3,SuzukiTrotter,4,3,2.7,0.6107624652993779,0.037808265972261335,0.37601435875478295
ST4_k3,SuzukiTrotter,4,3,2.75,0.6249187579040698,0.018369270299265883,0.30429816247196906
ST4_k3,SuzukiTrotter,4,3,2.8000000000000003,0.5992276572473151,0.0951546693721595,0.22215922607891003
ST4_k3,SuzukiTrotter,4,3,2.85,0.5448462786782974,0.17147752044903425,0.1450165115634855
ST4_k3,SuzukiTrotter,4,3,2.9000000000000004,0.4768547032413063,0.2278974081376005,0.08355239466630127
ST4_k3,SuzukiTrotter,4,3,2.95,0.40915045151322016,0.25304667352971666,0.04333177748339945
ST4_k3,SuzukiTrotter,4,3,3.0,0.351635094253835,0.24662038585705953,0.025916915002329288
ST4_k3,SuzukiTrotter,4,3,3.0500000000000003,0.3106526239340668,0.2183215536024678,0.03038460820444011
ST4_k3,SuzukiTrotter,4,3,3.1,0.29116769242361873,0.18386331680125137,0.05447280653868558
ST4_k3,SuzukiTrotter,4,3,3.1500000000000004,0.2978720617944919,0.15999305113657114,0.09501607784820015
ST4_k3,SuzukiTrotter,4,3,3.2,0.33376248443366596,0.16031874924927414,0.14767897002436153
ST4_k3,SuzukiTrotter,4,3,3.25,0.39747354608930807,0.19286118412923708,0.2062883028806417
ST4_k3,SuzukiTrotter,4,3,3.3000000000000003,0.4820658208881077,0.2593348276991323,0.2623328711203805
ST4_k3,SuzukiTrotter,4,3,3.35,0.576837299408338,0.3556151359121934,0.3053201271970143
ST4_k3,SuzukiTrotter,4,3,3.4000000000000004,0.6712092693797855,0.4727720397370404,0.3244523051525372
ST4_k3,SuzukiTrotter,4,3,3.45,0.7579809034888021,0.5982748892663353,0.31146341069003114
ST4_k3,SuzukiTrotter,4,3,3.5,0.8336868759778243,0.7172782649398004,0.2637048832843195
ST4_k3,SuzukiTrotter,4,3,3.5500000000000003,0.8962521244641208,0.8141231122960838,0.1861400981712218
ST4_k3,SuzukiTrotter,4,3,3.6,0.9427153151086062,0.8742506349513856,0.09115018005273923
ST4_k3,SuzukiTrotter,4,3,3.6500000000000004,0.9699364703432036,0.8865872933807173,0.004076412684311248
ST4_k3,SuzukiTrotter,4,3,3.7,0.978095095112196,0.846133117568824,0.08174043018757049
ST4_k3,SuzukiTrotter,4,3,3.75,0.9731209513760187,0.756091224310784,0.12770898176098194
ST4_k3,SuzukiTrotter,4,3,3.8000000000000003,0.9643524077479264,0.6286388776759787,0.1344176866894956
ST4_k3,SuzukiTrotter,4,3,3.85,0.9586053202046964,0.4835879498690145,0.10163671280419267
ST4_k3,SuzukiTrotter,4,3,3.9000000000000004,0.9564185907312331,0.34478382256914664,0.03525843478451801
ST4_k3,SuzukiTrotter,4,3,3.95,0.9545640279561362,0.23495509764530553,0.055067372030976336
ST4_k3,SuzukiTrotter,4,3,4.0,0.9519412861585217,0.1704604420197768,0.15845940932227495
ST4_k3,SuzukiTrotter,4,3,4.05,0.9517246303453804,0.15759677019126167,0.2647722294722257
ST4_k3,SuzukiTrotter,4,3,4.1000000000000005,0.9567294325654411,0.19167690170470886,0.3657285590336554
ST4_k3,SuzukiTrotter,4,3,4.15,0.9632475110089278,0.259124746811721,0.4552973438882318
ST4_k3,SuzukiTrotter,4,3,4.2,0.9614520330758196,0.34178291694046037,0.5295656547779389
ST4_k3,SuzukiTrotter,4,3,4.25,0.9440028032887451,0.42192010164852084,0.5863750746086013
ST4_k3,SuzukiTrotter,4,3,4.3,0.915168417312949,0.48632030099949297,0.6249582602055023
ST4_k3,SuzukiTrotter,4,3,4.3500000000000005,0.8906758575216813,0.5283132955266796,0.6457517001456669
ST4_k3,SuzukiTrotter,4,3,4.4,0.8866747746151806,0.5474196532981255,0.6504489148290173
ST4_k3,SuzukiTrotter,4,3,4.45,0.907076269977093,0.547103285751715,0.6421812942352494
ST4_k3,SuzukiTrotter,4,3,4.5,0.9408479223458893,0.5316783068860498,0.6255395888291081
ST4_k3,SuzukiTrotter,4,3,4.55,0.9714611885980848,0.5035731702106783,0.6061090000886264
ST4_k3,SuzukiTrotter,4,3,4.6000000000000005,0.9890436650910394,0.46192641064902584,0.5893775780815754
ST4_k3,SuzukiTrotter,4,3,4.65,0.994364533659456,0.4029863170224148,0.5792435843714232
ST4_k3,SuzukiTrotter,4,3,4.7,0.9935607146294511,0.32216725489297643,0.5766969961563586
ST4_k3,SuzukiTrotter,4,3,4.75,0.9915403917683362,0.2170402391977271,0.5793502953552542
ST4_k3,SuzukiTrotter,4,3,4.800000000000001,0.9903434787800538,0.09015448540945434,0.5822304678603774
ST4_k3,SuzukiTrotter,4,3,4.8500000000000005,0.9906868548937307,0.04947646289603812,0.5797131165185521
ST4_k3,SuzukiTrotter,4,3,4.9,0.9919584063745958,0.18706526883939942,0.5679395001045567
ST4_k3,SuzukiTrotter,4,3,4.95,0.9907508131814444,0.3050726573039092,0.5467798259734922
ST4_k3,SuzukiTrotter,4,3,5.0,0.9821572538814877,0.38783508339280975,0.5205242255944835
ST4_k3,SuzukiTrotter,4,3,5.050000000000001,0.9649348423222174,0.42630789789862,0.49693443591021885
ST4_k3,SuzukiTrotter,4,3,5.1000000000000005,0.9455677176393134,0.4211478055042278,0.48487643479687204
ST4_k3,SuzukiTrotter,4,3,5.15,0.9356507339306203,0.3827956833598325,0.49125835959833364
ST4_k3,SuzukiTrotter,4,3,5.2,0.9432461752272204,0.32832082843544996,0.5182667949270248
ST4_k3,SuzukiTrotter,4,3,5.25,0.9652757216113155,0.2761222079392316,0.5618637062320178
ST4_k3,SuzukiTrotter,4,3,5.300000000000001,0.988009645386359,0.2405151825369936,0.6121794798295948
ST4_k3,SuzukiTrotter,4,3,5.3500000000000005,0.9962197033973097,0.22826231798108332,0.6558740995865312
ST4_k3,SuzukiTrotter,4,3,5.4,0.9842446974316887,0.2381909738453861,0.6798686422164981
ST4_k3,SuzukiTrotter,4,3,5.45,0.960283758909447,0.26365452674154033,0.6752840537558962
ST4_k3,SuzukiTrotter,4,3,5.5,0.9404269566950899,0.2964551934757371,0.6402111492237921
ST4_k3,SuzukiTrotter,4,3,5.550000000000001,0.9370677228554551,0.3304734745044545,0.5802476888661385
ST4_k3,SuzukiTrotter,4,3,5.6000000000000005,0.9506363842024215,0.3636820210155458,0.5065453250590267
ST4_k3,SuzukiTrotter,4,3,5.65,0.9705692697526606,0.3980864025891832,0.43212329538856054
ST4_k3,SuzukiTrotter,4,3,5.7,0.9839504358868507,0.43795950990215704,0.3679660860819493
ST4_k3,SuzukiTrotter,4,3,5.75,0.9846357272418361,0.4872339886181894,0.32051272712386825
ST4_k3,SuzukiTrotter,4,3,5.800000000000001,0.976066341296888,0.5470467011658504,0.291445421674543
ST4_k3,SuzukiTrotter,4,3,5.8500000000000005,0.9666173761929575,0.6142722076759157,0.27950153971462965
ST4_k3,SuzukiTrotter,4,3,5.9,0.962468925133431,0.6815256512795296,0.28299141903768604
ST4_k3,SuzukiTrotter,4,3,5.95,0.9642575601307428,0.7386430235258175,0.3014122198247766
ST4_k3,SuzukiTrotter,4,3,6.0,0.9689751747637658,0.775179716958732,0.3352052880937152
ST4_k3,SuzukiTrotter,4,3,6.050000000000001,0.9732014826643581,0.7831521987185414,0.38392863566777263
ST4_k3,SuzukiTrotter,4,3,6.1000000000000005,0.9742181487071941,0.759182437842735,0.44414676096981354
ST4_k3,SuzukiTrotter,4,3,6.15,0.970261176920272,0.7053971730902553,0.5085293426810508
ST4_k3,SuzukiTrotter,4,3,6.2,0.9623823236428284,0.6288158245252233,0.5669076383693283
ST4_k3,SuzukiTrotter,4,3,6.25,0.9562248836602941,0.5394269948809362,0.6088888420856402
ST4_k3,SuzukiTrotter,4,3,6.300000000000001,0.959449678310059,0.44757353938332145,0.6268290312405456
ST4_k3,SuzukiTrotter,4,3,6.3500000000000005,0.9744067643743014,0.36149142708985693,0.6179533493266448
ST4_k3,SuzukiTrotter,4,3,6.4,0.992055827046275,0.28576811241985645,0.5850330381347819
ST4_k3,SuzukiTrotter,4,3,6.45,0.9951463675412685,0.22111673766406148,0.5357312336941548
ST4_k3,SuzukiTrotter,4,3,6.5,0.9722127841217403,0.16536583472523048,0.48104732636853925
ST4_k3,SuzukiTrotter,4,3,6.550000000000001,0.9315504447258549,0.11516044653041019,0.43319547330789865
ST4_k3,SuzukiTrotter,4,3,6.6000000000000005,0.8989507108031005,0.067703223654531,0.4030940565452981
ST4_k3,SuzukiTrotter,4,3,6.65,0.8969392296138738,0.021940658341249336,0.39775257143762843
ST4_k3,SuzukiTrotter,4,3,6.7,0.9251914211921172,0.021157434548221193,0.4181926882959415
ST4_k3,SuzukiTrotter,4,3,6.75,0.9628707601128763,0.05925072325135586,0.45875521406486425
ST4_k3,SuzukiTrotter,4,3,6.800000000000001,0.9890752558123816,0.08989907464822476,0.508357484554954
ST4_k3,SuzukiTrotter,4,3,6.8500000000000005,0.9985367115192118,0.11187680585778483,0.5534913883091278
ST4_k3,SuzukiTrotter,4,3,6.9,0.9991166925944782,0.12590022407274884,0.5819336681257927
ST4_k3,SuzukiTrotter,4,3,6.95,0.99921149822211,0.13436995032070553,0.5858150801064075
ST4_k3,SuzukiTrotter,4,3,7.0,0.9999535141025091,0.14019549650385205,0.5630696371676135
ST4_k3,SuzukiTrotter,4,3,7.050000000000001,0.9972304408095427,0.14526066426350337,0.5170825872776544
ST4_k3,SuzukiTrotter,4,3,7.1000000000000005,0.9880915640638744,0.14933991129788277,0.4550602456785705
ST4_k3,SuzukiTrotter,4,3,7.15,0.9745198708274904,0.15012474197979958,0.38591233182662965
ST4_k3,SuzukiTrotter,4,3,7.2,0.962164764621264,0.14450882184471012,0.31830760436810146
ST4_k3,SuzukiTrotter,4,3,7.25,0.9560624168168073,0.1306470686088209,0.2593113323413416
ST4_k3,SuzukiTrotter,4,3,7.300000000000001,0.9564551623734573,0.109857913733968,0.2138267357450823
ST4_k3,SuzukiTrotter,4,3,7.3500000000000005,0.9570857871631286,0.08740993403028995,0.18488741490722438
ST4_k3,SuzukiTrotter,4,3,7.4,0.9476600404324826,0.07166131627576001,0.17454622095094371
ST4_k3,SuzukiTrotter,4,3,7.45,0.920206797200683,0.07172395567654356,0.1847357664740521
ST4_k3,SuzukiTrotter,4,3,7.5,0.8754250838339255,0.09448666591857242,0.2173468001041141
ST4_k3,SuzukiTrotter,4,3,7.550000000000001,0.8238977613710856,0.14214736577775214,0.2731625574339003
ST4_k3,SuzukiTrotter,4,3,7.6000000000000005,0.7810480392239451,0.21122357897717037,0.3500895659674764
ST4_k3,SuzukiTrotter,4,3,7.65,0.7598628725253573,0.29341657659308584,0.44179992835032855
ST4_k3,SuzukiTrotter,4,3,7.7,0.7660799779596558,0.3779686825856781,0.5378805120821613
ST4_k3,SuzukiTrotter,4,3,7.75,0.7971253373502705,0.4546012004116031,0.6257847809344588
ST4_k3,SuzukiTrotter,4,3,7.800000000000001,0.8433530977065844,0.5159748783790926,0.6938310670555219
ST4_k3,SuzukiTrotter,4,3,7.8500000000000005,0.8904269840506085,0.5588993426440403,0.7339264338687894
ST4_k3,SuzukiTrotter,4,3,7.9,0.9231860443957456,0.5840653936987384,0.7429733977691467
ST4_k3,SuzukiTrotter,4,3,7.95,0.931416858679478,0.5946268285299532,0.7227487239031962
ST4_k3,SuzukiTrotter,4,3,8.0,0.9157285819953436,0.5942992388374512,0.6787840779436828
ST4_k3,SuzukiTrotter,4,3,8.05,0.8890609786178947,0.5856859029174132,0.6189721753758289
ST4_k3,SuzukiTrotter,4,3,8.1,0.8703552116675377,0.5693397476770282,0.5523156832199404
ST4_k3,SuzukiTrotter,4,3,8.15,0.8731770619897574,0.543757958241419,0.48782937918819325
ST4_k3,SuzukiTrotter,4,3,8.200000000000001,0.8978926076489108,0.5062093240841106,0.43345231572053244
ST4_k3,SuzukiTrotter,4,3,8.25,0.9335970147690863,0.4540843341595299,0.3949677898175389
ST4_k3,SuzukiTrotter,4,3,8.3,0.966844054660122,0.3863499223961919,0.3751520205746607
ST4_k3,SuzukiTrotter,4,3,8.35,0.9887844015659073,0.30467836389738023,0.3734547612956529
ST4_k3,SuzukiTrotter,4,3,8.4,0.9963766940980285,0.21390022763388605,0.386397706641154
ST4_k3,SuzukiTrotter,4,3,8.450000000000001,0.9905128876524574,0.12160061710664531,0.408648472540524
ST4_k3,SuzukiTrotter,4,3,8.5,0.9751636052881397,0.036909366522281786,0.4345054196805617
ST4_k3,SuzukiTrotter,4,3,8.55,0.9572798645318942,0.03123079977980847,0.4593782253731521
ST4_k3,SuzukiTrotter,4,3,8.6,0.9447196446630164,0.07587487710948296,0.48080381949313183
ST4_k3,SuzukiTrotter,4,3,8.65,0.9423499830970988,0.0934928519984493,0.4986361281772562
ST4_k3,SuzukiTrotter,4,3,8.700000000000001,0.9498872529637443,0.08463220866975334,0.5143169290998135
ST4_k3,SuzukiTrotter,4,3,8.75,0.9635245203840408,0.05367449172794081,0.5295151657071697
ST4_k3,SuzukiTrotter,4,3,8.8,0.9788417639010052,0.007777140790619544,0.5447378688631037
ST4_k3,SuzukiTrotter,4,3,8.85,0.9914844346328612,0.04470058451192665,0.5585610587334713
ST4_k3,SuzukiTrotter,4,3,8.9,0.9963324054057643,0.0958646059564981,0.5678327553624536
ST4_k3,SuzukiTrotter,4,3,8.950000000000001,0.9890691636676018,0.13960933605587272,0.5687267152008625
ST4_k3,SuzukiTrotter,4,3,9.0,0.9706411414339848,0.17226563606346318,0.5581783863097743
ST4_k3,SuzukiTrotter,4,3,9.05,0.9493156378773066,0.19245041090417636,0.5352084206681517
ST4_k3,SuzukiTrotter,4,3,9.1,0.9360030330711118,0.2002576384376892,0.5018410489861229
ST4_k3,SuzukiTrotter,4,3,9.15,0.9363680580581988,0.19616072090700903,0.4634721667207509
ST4_k3,SuzukiTrotter,4,3,9.200000000000001,0.9475404295320028,0.18009639637591995,0.42848085726100277
ST4_k3,SuzukiTrotter,4,3,9.25,0.9618902636335565,0.15111822920953194,0.40679368711019237
ST4_k3,SuzukiTrotter,4,3,9.3,0.9728492363955139,0.10777630716040532,0.40735362963278676
ST4_k3,SuzukiTrotter,4,3,9.35,0.9775456972256772,0.04910290527731492,0.43509051951748223
ST4_k3,SuzukiTrotter,4,3,9.4,0.9760295910533292,0.02413529337148057,0.48861162229510435
ST4_k3,SuzukiTrotter,4,3,9.450000000000001,0.9693888383342006,0.10837578920439478,0.5598194799211188
ST4_k3,SuzukiTrotter,4,3,9.5,0.9581198715449262,0.19686264361266625,0.6358376785368781
ST4_k3,SuzukiTrotter,4,3,9.55,0.941565664389009,0.28027254373463817,0.7024920867266373
ST4_k3,SuzukiTrotter,4,3,9.600000000000001,0.9193617123939363,0.3484246666221155,0.7479370548206125
ST4_k3,SuzukiTrotter,4,3,9.65,0.894474475940484,0.39267272252772467,0.7651937895627408
ST4_k3,SuzukiTrotter,4,3,9.700000000000001,0.875054143891681,0.4081794548247075,0.753071295804262
ST4_k3,SuzukiTrotter,4,3,9.75,0.8716268040944675,0.395272097967509,0.7155987881205855
ST4_k3,SuzukiTrotter,4,3,9.8,0.8894498542761285,0.35957297227688234,0.6604350355081587
ST4_k3,SuzukiTrotter,4,3,9.850000000000001,0.9218961449831558,0.3112007557958825,0.5968368838180855
ST4_k3,SuzukiTrotter,4,3,9.9,0.9523122322317565,0.26340626608978507,0.5337959268497243
ST4_k3,SuzukiTrotter,4,3,9.950000000000001,0.9641812551311941,0.23038906851227817,0.47880828872539216
ST4_k3,SuzukiTrotter,4,3,10.0,0.9510808310008669,0.22356576819234114,0.43733107612183986
ST4_k3,SuzukiTrotter,4,3,10.05,0.9197203395555147,0.24644339682288635,0.41250103808649385
ST4_k3,SuzukiTrotter,4,3,10.100000000000001,0.8862565158194812,0.2905515849197216,0.4045839514514746
ST4_k3,SuzukiTrotter,4,3,10.15,0.8674904650454065,0.3365533362195483,0.41011706595562036
ST4_k3,SuzukiTrotter,4,3,10.200000000000001,0.8689336045030446,0.36285125483764724,0.42148564339177763
ST4_k3,SuzukiTrotter,4,3,10.25,0.8783945847508661,0.3583615169499842,0.42804616113602284
ST4_k3,SuzukiTrotter,4,3,10.3,0.8750237497238222,0.33073850907121727,0.4193605992611147
ST4_k3,SuzukiTrotter,4,3,10.350000000000001,0.8484458476476143,0.30222213622569727,0.38977192369899194
ST4_k3,SuzukiTrotter,4,3,10.4,0.8087669796932658,0.2941604631631645,0.3422185251236597
ST4_k3,SuzukiTrotter,4,3,10.450000000000001,0.7782143412273377,0.3116611497882047,0.28883492922931137
ST4_k3,SuzukiTrotter,4,3,10.5,0.7752228184428985,0.3414211509769181,0.24703922035522607
ST4_k3,SuzukiTrotter,4,3,10.55,0.8045164302485424,0.36486576599925813,0.23208948395609402
ST4_k3,SuzukiTrotter,4,3,10.600000000000001,0.8561277667451597,0.37424857015641655,0.24931593468702218
ST4_k3,SuzukiTrotter,4,3,10.65,0.9114771369104386,0.3759034969008255,0.2900344988963323
ST4_k3,SuzukiTrotter,4,3,10.700000000000001,0.9537354866818044,0.3773897722279171,0.3338070168660361
ST4_k3,SuzukiTrotter,4,3,10.75,0.9757113314082044,0.37206582390054455,0.3566976498076121
ST4_k3,SuzukiTrotter,4,3,10.8,0.9796327690993918,0.33808228810858554,0.3419935513833681
ST4_k3,SuzukiTrotter,4,3,10.850000000000001,0.971680477657193,0.25448355746703466,0.28829424681949034
ST4_k3,SuzukiTrotter,4,3,10.9,0.957879336754001,0.11962330835120888,0.2109628187947984
ST4_k3,SuzukiTrotter,4,3,10.950000000000001,0.9433581936108236,0.045310855869591896,0.13623961137149976
ST4_k3,SuzukiTrotter,4,3,11.0,0.932184469969327,0.21015513713605938,0.09103200040856846
ST4_k3,SuzukiTrotter,4,3,11.05,0.92518766906551,0.3536098594778132,0.09333158795462632
ST4_k3,SuzukiTrotter,4,3,11.100000000000001,0.9176718373524853,0.47040336170812463,0.14725629500282494
ST4_k3,SuzukiTrotter,4,3,11.15,0.901446009280259,0.565458018751843,0.24366854889758766
ST4_k3,SuzukiTrotter,4,3,11.200000000000001,0.8709195432052783,0.6441046334642695,0.3643879932018327
ST4_k3,SuzukiTrotter,4,3,11.25,0.8285368554092969,0.7071753021589603,0.48714863484125226
ST4_k3,SuzukiTrotter,4,3,11.3,0.7868670582062643,0.7516626817911843,0.5897970829947793
ST4_k3,SuzukiTrotter,4,3,11.350000000000001,0.7644949765263709,0.7723904766722329,0.6540779205251498
ST4_k3,SuzukiTrotter,4,3,11.4,0.7722089846883554,0.7623781711669969,0.6697206510175638
ST4_k3,SuzukiTrotter,4,3,11.450000000000001,0.7994512293806253,0.7141386780707965,0.6380642142442623
ST4_k3,SuzukiTrotter,4,3,11.5,0.8218012498544288,0.6243171907663528,0.5727958117607819
ST4_k3,SuzukiTrotter,4,3,11.55,0.8273169623532013,0.49976812446650604,0.4956843912801917
ST4_k3,SuzukiTrotter,4,3,11.600000000000001,0.8290028095248108,0.3598730338902001,0.4279356032739068
ST4_k3,SuzukiTrotter,4,3,11.65,0.8461894926198494,0.23166572013986553,0.38110647635518863
ST4_k3,SuzukiTrotter,4,3,11.700000000000001,0.8807438968044788,0.13958697688959265,0.3526483919554769
ST4_k3,SuzukiTrotter,4,3,11.75,0.9178353913040382,0.09567227861595123,0.3288502288226861
ST4_k3,SuzukiTrotter,4,3,11.8,0.9436322597142299,0.09565321212016885,0.29361332067809043
ST4_k3,SuzukiTrotter,4,3,11.850000000000001,0.9544895049272358,0.12269051826322477,0.23805504341837697
ST4_k3,SuzukiTrotter,4,3,11.9,0.9526835923784884,0.15630366291759912,0.1656593554941705
ST4_k3,SuzukiTrotter,4,3,11.950000000000001,0.9414604837517319,0.18192861301463964,0.09055984083113877
ST4_k3,SuzukiTrotter,4,3,12.0,0.9247545432993883,0.19690376327214512,0.03051957445491371
ST4_k3,SuzukiTrotter,4,3,12.05,0.9069422056164134,0.21067904213503552,0.0012038024148433024
ST4_k3,SuzukiTrotter,4,3,12.100000000000001,0.8915719188313086,0.23954389822771627,0.0009458071381153177
ST4_k3,SuzukiTrotter,4,3,12.15,0.8820920794128833,0.29833218179979587,0.02525381108910718
ST4_k3,SuzukiTrotter,4,3,12.200000000000001,0.8829236355786289,0.3927397295580679,0.06561634834493646
ST4_k3,SuzukiTrotter,4,3,12.25,0.8967644690373721,0.51559039347481,0.1079886870364336
ST4_k3,SuzukiTrotter,4,3,12.3,0.9203527775157447,0.6485875790509985,0.1439540858357224
ST4_k3,SuzukiTrotter,4,3,12.350000000000001,0.945086553510962,0.7685532471231065,0.17041726146334046
ST4_k3,SuzukiTrotter,4,3,12.4,0.9630570114877304,0.8551698613660904,0.1889595257026011
ST4_k3,SuzukiTrotter,4,3,12.450000000000001,0.9720953698868069,0.8968070639267705,0.20401946015559252
ST4_k3,SuzukiTrotter,4,3,12.5,0.9750919703639118,0.8921991788753779,0.22077296729753004
ST4_k3,SuzukiTrotter,4,3,12.55,0.9755259470953868,0.8477554647208336,0.24310255267533465
ST4_k3,SuzukiTrotter,4,3,12.600000000000001,0.9739576330350288,0.772154159147161,0.2719104992113282
ST4_k3,SuzukiTrotter,4,3,12.65,0.9668371841535528,0.6709514028112873,0.30425386225083634
ST4_k3,SuzukiTrotter,4,3,12.700000000000001,0.9457242923150808,0.5439356926959676,0.3338496024784622
ST4_k3,SuzukiTrotter,4,3,12.75,0.8993100476013386,0.38677537858067507,0.35306846310374246
ST4_k3,SuzukiTrotter,4,3,12.8,0.8252331905391571,0.19637152511325684,0.35583659168980214
ST4_k3,SuzukiTrotter,4,3,12.850000000000001,0.7462298260322551,0.022879753984177853,0.3404047550861274
ST4_k3,SuzukiTrotter,4,3,12.9,0.7061786580585232,0.2556354189171274,0.31096422946304736
ST4_k3,SuzukiTrotter,4,3,12.950000000000001,0.7355024760649407,0.47741350172807623,0.27743184517379577
ST4_k3,SuzukiTrotter,4,3,13.0,0.8190825097192463,0.6611562199805396,0.2531905212049043
ST4_k3,SuzukiTrotter,4,3,13.05,0.9077748861997477,0.7852781210094418,0.25114375305533154
ST4_k3,SuzukiTrotter,4,3,13.100000000000001,0.9623731924191052,0.8392563139032369,0.2791220674363907
ST4_k3,SuzukiTrotter,4,3,13.15,0.9791676910467064,0.8246337001894616,0.3362085450201795
ST4_k3,SuzukiTrotter,4,3,13.200000000000001,0.9761080742267608,0.7521542014650179,0.4115183195457028
ST4_k3,SuzukiTrotter,4,3,13.25,0.9675537203064629,0.6375512423450234,0.4862177410615085
ST4_k3,SuzukiTrotter,4,3,13.3,0.9560619627984794,0.49824246695597996,0.5384177611792546
ST4_k3,SuzukiTrotter,4,3,13.350000000000001,0.9387763320315092,0.3515395093057575,0.5495665918566945
ST4_k3,SuzukiTrotter,4,3,13.4,0.9139921271756748,0.21355134718447194,0.5104545471535378
ST4_k3,SuzukiTrotter,4,3,13.450000000000001,0.8829653323524984,0.09780483674760565,0.42495954063314223
ST4_k3,SuzukiTrotter,4,3,13.5,0.8487505714779855,0.0135233688952969,0.31012183024289053
ST4_k3,SuzukiTrotter,4,3,13.55,0.8132231338910114,0.035544244203642494,0.19205027819127973
ST4_k3,SuzukiTrotter,4,3,13.600000000000001,0.7742014493564693,0.05074795968815321,0.09851560920872954
ST4_k3,SuzukiTrotter,4,3,13.65,0.7274281016054853,0.03644614217190428,0.05053433240535676
ST4_k3,SuzukiTrotter,4,3,13.700000000000001,0.6756647268857422,0.002814894906331966,0.056056126470015066
ST4_k3,SuzukiTrotter,4,3,13.75,0.636966652824839,0.06418555965046224,0.10834182593338265
ST4_k3,SuzukiTrotter,4,3,13.8,0.6386268726050484,0.14609884394263556,0.1897234434805783
ST4_k3,SuzukiTrotter,4,3,13.850000000000001,0.6957478026416228,0.24547761033656101,0.2790301377354362
ST4_k3,SuzukiTrotter,4,3,13.9,0.7934036946522084,0.3541638207019388,0.3593401207838328
ST4_k3,SuzukiTrotter,4,3,13.950000000000001,0.8923784695247203,0.45723668624345404,0.4227701894075551
ST4_k3,SuzukiTrotter,4,3,14.0,0.9554586797419259,0.5353994157018693,0.47065310272823346
ST4_k3,SuzukiTrotter,4,3,14.05,0.9701672122836726,0.571432036193969,0.509713414242859
ST4_k3,SuzukiTrotter,4,3,14.100000000000001,0.9486023967132144,0.5579089518245951,0.5465442998282554
ST4_k3,SuzukiTrotter,4,3,14.15,0.9094421345301336,0.5018161764574257,0.5830868394391289
ST4_k3,SuzukiTrotter,4,3,14.200000000000001,0.8636345328838757,0.42275647474841593,0.6149573979310728
ST4_k3,SuzukiTrotter,4,3,14.25,0.8164052890572548,0.3448386658561845,0.6329815494940499
ST4_k3,SuzukiTrotter,4,3,14.3,0.7764849090634343,0.2861187587898706,0.6269491717028948
ST4_k3,SuzukiTrotter,4,3,14.350000000000001,0.7564325146199099,0.2511289899899787,0.5899313712268255
ST4_k3,SuzukiTrotter,4,3,14.4,0.7628758538199798,0.23039527890277336,0.5215921153014962
ST4_k3,SuzukiTrotter,4,3,14.450000000000001,0.7900540397729994,0.20687609990985895,0.4295217135565409
ST4_k3,SuzukiTrotter,4,3,14.5,0.8247056027953549,0.16545873994781185,0.32832605006493
ST4_k3,SuzukiTrotter,4,3,14.55,0.8554526204855188,0.10033339410774868,0.23675525614975634
ST4_k3,SuzukiTrotter,4,3,14.600000000000001,0.8769735761159321,0.01682423666649315,0.17350632802183916
ST4_k3,SuzukiTrotter,4,3,14.65,0.8887727284658923,0.07229286689379899,0.15258756392324344
ST4_k3,SuzukiTrotter,4,3,14.700000000000001,0.8936970580966925,0.15307442487646172,0.17934705537954804
ST4_k3,SuzukiTrotter,4,3,14.75,0.8972072084122446,0.21565004826087963,0.2483392255204918
ST4_k3,SuzukiTrotter,4,3,14.8,0.9050394562969802,0.25619240746976946,0.34393052457940176
ST4_k3,SuzukiTrotter,4,3,14.850000000000001,0.9198169924526356,0.2756675328947324,0.4438292648348416
ST4_k3,SuzukiTrotter,4,3,14.9,0.9398874740246196,0.27705039880340143,0.5247363895056405
ST4_k3,SuzukiTrotter,4,3,14.950000000000001,0.9612644595855189,0.26294854718364336,0.5684672545877534
ST4_k3,SuzukiTrotter,4,3,15.0,0.9801214536064662,0.23474443360659789,0.5666186557981447
