diagnostic_context,method,mitigation,reps,shots_per_circuit,physical_shots_total,circuits,accepted_shots,acceptance,obs_exact,obs_estimate,abs_err_vs_exact,standard_error,qpu_shots_needed_for_target_se,simulator_runtime_sec,time,seed,noise_label,observable,z1_exact,z0z1_exact,p1,p2,p_ro,noise_scale,z1_estimate,z0z1_estimate,mpf_shots_needed_per_circuit,mpf_coeff_low,mpf_coeff_high,obs_low_reps_raw,obs_high_reps_raw,obs_low_reps_postselected,obs_high_reps_postselected,acceptance_low_reps,acceptance_high_reps,rel_error_improvement_vs_raw_baseline,qpu_ready_candidate,qpu_readiness_reason
time_window,baseline_ST2_k2_raw,none,2,4096,4096,1,4096.0,1.0,-0.17105499903038957,-0.1572265625,0.013828436530389565,0.015430664985212013,2439,6.65760995799792,0.25,2026,low,Z0,0.6127109639921351,-0.5583440350382545,0.0003,0.001,0.005,1.0,0.58154296875,-0.52783203125,,,,,,,,,,0.0,False,"diagnostic time, not official t=1.0; baseline/control"
time_window,baseline_ST2_k3_raw_control,none_control,3,4096,4096,1,4096.0,1.0,-0.17105499903038957,-0.18994140625,0.018886407219610435,0.015340553560511212,2410,6.65760995799792,0.25,2026,low,Z0,0.6127109639921351,-0.5583440350382545,0.0003,0.001,0.005,1.0,0.6044921875,-0.52978515625,,,,,,,,,,-0.36576591128761393,False,"diagnostic time, not official t=1.0; baseline/control"
time_window,postselection_ST2_k2_weight1,postselection,2,4096,4096,1,3494.0,0.85302734375,-0.17105499903038957,-0.1551230681167716,0.01593193091361797,0.01671280724726267,2861,6.65760995799792,0.25,2026,low,Z0,0.6127109639921351,-0.5583440350382545,0.0003,0.001,0.005,1.0,0.5987406983400114,-0.5563823697767601,,,,,,,,,,-0.15211368100838704,False,"diagnostic time, not official t=1.0; relative error improvement -0.152 < 0.100"
time_window,MPF23_raw,MPF,"2,3",4096,8192,2,8192.0,1.0,-0.17105499903038957,-0.21611328125,0.045058282219610446,0.030246736033595123,18738,6.65760995799792,0.25,2026,low,Z0,0.6127109639921351,-0.5583440350382545,0.0003,0.001,0.005,1.0,0.6228515625,-0.5313476562499999,9369.0,-0.8,1.8,-0.1572265625,-0.18994140625,,,,,-2.258378640317706,False,"diagnostic time, not official t=1.0; relative error improvement -2.258 < 0.100"
time_window,MPF23_postselected,MPF_postselected,"2,3",4096,8192,2,6857.0,0.821044921875,-0.17105499903038957,-0.21577665701416526,0.0447216579837757,0.03328423294483271,22690,6.65760995799792,0.25,2026,low,Z0,0.6127109639921351,-0.5583440350382545,0.0003,0.001,0.005,1.0,0.6433981638971256,-0.5723784931170396,11345.0,-0.8,1.8,,,-0.1551230681167716,-0.1888195063931014,0.85302734375,0.821044921875,-2.2340357411696368,False,"diagnostic time, not official t=1.0; relative error improvement -2.234 < 0.100; target-SE shot estimate 22690 > budget 20000"
time_window,baseline_ST2_k2_raw,none,2,8192,8192,1,8192.0,1.0,-0.17105499903038957,-0.165283203125,0.005771795905389565,0.010896583415119114,2432,8.247283125005197,0.25,2026,low,Z0,0.6127109639921351,-0.5583440350382545,0.0003,0.001,0.005,1.0,0.603515625,-0.528564453125,,,,,,,,,,0.0,False,"diagnostic time, not official t=1.0; baseline/control"
time_window,baseline_ST2_k3_raw_control,none_control,3,8192,8192,1,8192.0,1.0,-0.17105499903038957,-0.166259765625,0.004795233405389565,0.010894769713990685,2431,8.247283125005197,0.25,2026,low,Z0,0.6127109639921351,-0.5583440350382545,0.0003,0.001,0.005,1.0,0.59814453125,-0.511474609375,,,,,,,,,,0.16919560497420036,False,"diagnostic time, not official t=1.0; baseline/control"
time_window,postselection_ST2_k2_weight1,postselection,2,8192,8192,1,7043.0,0.8597412109375,-0.17105499903038957,-0.17023995456481614,0.0008150444655734279,0.01174180533811951,2824,8.247283125005197,0.25,2026,low,Z0,0.6127109639921351,-0.5583440350382545,0.0003,0.001,0.005,1.0,0.6172085758909556,-0.5530313786738605,,,,,,,,,,0.8587884119720244,False,"diagnostic time, not official t=1.0"
time_window,MPF23_raw,MPF,"2,3",8192,16384,2,16384.0,1.0,-0.17105499903038957,-0.16704101562499998,0.004013983405389582,0.021460796871276114,18866,8.247283125005197,0.25,2026,low,Z0,0.6127109639921351,-0.5583440350382545,0.0003,0.001,0.005,1.0,0.5938476562499999,-0.497802734375,9433.0,-0.8,1.8,-0.165283203125,-0.166259765625,,,,,0.3045520889535578,False,"diagnostic time, not official t=1.0"
time_window,MPF23_postselected,MPF_postselected,"2,3",8192,16384,2,13843.0,0.830078125,-0.17105499903038957,-0.16292568340697064,0.008129315623418926,0.023485098031723658,22592,8.247283125005197,0.25,2026,low,Z0,0.6127109639921351,-0.5583440350382545,0.0003,0.001,0.005,1.0,0.6127037275225298,-0.5502219558844411,11296.0,-0.8,1.8,,,-0.17023995456481614,-0.1661764705882353,0.8597412109375,0.830078125,-0.40845514232891794,False,"diagnostic time, not official t=1.0; relative error improvement -0.408 < 0.100; target-SE shot estimate 22592 > budget 20000"
time_window,baseline_ST2_k2_raw,none,2,4096,4096,1,4096.0,1.0,0.8997458345693597,0.8408203125,0.05892552206935975,0.008458036380618714,733,6.279310791986063,0.5,2026,low,Z0,0.334777045048253,0.23452287961761276,0.0003,0.001,0.005,1.0,0.375,0.2451171875,,,,,,,,,,0.0,False,"diagnostic time, not official t=1.0; baseline/control"
time_window,baseline_ST2_k3_raw_control,none_control,3,4096,4096,1,4096.0,1.0,0.8997458345693597,0.833984375,0.06576145956935975,0.008621688424719049,762,6.279310791986063,0.5,2026,low,Z0,0.334777045048253,0.23452287961761276,0.0003,0.001,0.005,1.0,0.36328125,0.2353515625,,,,,,,,,,-0.11600979100284577,False,"diagnostic time, not official t=1.0; baseline/control"
time_window,postselection_ST2_k2_weight1,postselection,2,4096,4096,1,3496.0,0.853515625,0.8997458345693597,0.8729977116704806,0.02674812289887918,0.008248760315605555,697,6.279310791986063,0.5,2026,low,Z0,0.334777045048253,0.23452287961761276,0.0003,0.001,0.005,1.0,0.38672768878718533,0.2597254004576659,,,,,,,,,,0.5460689704641966,False,"diagnostic time, not official t=1.0"
time_window,MPF23_raw,MPF,"2,3",4096,8192,2,8192.0,1.0,0.8997458345693597,0.828515625,0.07123020956935977,0.016930007070738752,5872,6.279310791986063,0.5,2026,low,Z0,0.334777045048253,0.23452287961761276,0.0003,0.001,0.005,1.0,0.35390625,0.2275390625,2936.0,-0.8,1.8,0.8408203125,0.833984375,,,,,-0.20881762380512275,False,"diagnostic time, not official t=1.0; relative error improvement -0.209 < 0.100"
time_window,MPF23_postselected,MPF_postselected,"2,3",4096,8192,2,6863.0,0.822021484375,0.8997458345693597,0.8695851986469834,0.03016063592237639,0.01660214759739927,5646,6.279310791986063,0.5,2026,low,Z0,0.334777045048253,0.23452287961761276,0.0003,0.001,0.005,1.0,0.38399474234714503,0.2535799409941286,2823.0,-0.8,1.8,,,0.8729977116704806,0.8711018711018711,0.853515625,0.822021484375,0.4881566617793379,False,"diagnostic time, not official t=1.0"
time_window,baseline_ST2_k2_raw,none,2,8192,8192,1,8192.0,1.0,0.8997458345693597,0.84716796875,0.05257786581935975,0.00587036919310692,706,8.092055749992142,0.5,2026,low,Z0,0.334777045048253,0.23452287961761276,0.0003,0.001,0.005,1.0,0.388671875,0.259765625,,,,,,,,,,0.0,False,"diagnostic time, not official t=1.0; baseline/control"
time_window,baseline_ST2_k3_raw_control,none_control,3,8192,8192,1,8192.0,1.0,0.8997458345693597,0.851806640625,0.04793919394435975,0.005787849347700218,687,8.092055749992142,0.5,2026,low,Z0,0.334777045048253,0.23452287961761276,0.0003,0.001,0.005,1.0,0.356689453125,0.23046875,,,,,,,,,,0.08822480339801068,False,"diagnostic time, not official t=1.0; baseline/control"
time_window,postselection_ST2_k2_weight1,postselection,2,8192,8192,1,7013.0,0.8560791015625,0.8997458345693597,0.8742335662341366,0.02551226833522313,0.005797520719671078,689,8.092055749992142,0.5,2026,low,Z0,0.334777045048253,0.23452287961761276,0.0003,0.001,0.005,1.0,0.3991159275630971,0.2733494937972337,,,,,,,,,,0.5147717021669367,False,"diagnostic time, not official t=1.0"
time_window,MPF23_raw,MPF,"2,3",8192,16384,2,16384.0,1.0,0.8997458345693597,0.855517578125,0.04422825644435979,0.011427711857094826,5350,8.092055749992142,0.5,2026,low,Z0,0.334777045048253,0.23452287961761276,0.0003,0.001,0.005,1.0,0.331103515625,0.20703125,2675.0,-0.8,1.8,0.84716796875,0.851806640625,,,,,0.1588046461164184,False,"diagnostic time, not official t=1.0"
time_window,MPF23_postselected,MPF_postselected,"2,3",8192,16384,2,13829.0,0.83203125,0.8997458345693597,0.8824793441957894,0.01726649037357031,0.011390422901678984,5316,8.092055749992142,0.5,2026,low,Z0,0.334777045048253,0.23452287961761276,0.0003,0.001,0.005,1.0,0.3535945818931842,0.2360739260889736,2658.0,-0.8,1.8,,,0.8742335662341366,0.8788145539906104,0.8560791015625,0.83203125,0.6716015360362422,False,"diagnostic time, not official t=1.0"
time_window,baseline_ST2_k2_raw,none,2,4096,4096,1,4096.0,1.0,0.8647464349484324,0.87890625,0.014159815051567604,0.007453039892578437,569,6.465884582983563,0.75,2026,low,Z0,0.7700804422901781,0.6348268772386105,0.0003,0.001,0.005,1.0,0.787109375,0.68359375,,,,,,,,,,0.0,False,"diagnostic time, not official t=1.0; baseline/control"
time_window,baseline_ST2_k3_raw_control,none_control,3,4096,4096,1,4096.0,1.0,0.8647464349484324,0.828125,0.036621434948432396,0.00875849175520122,786,6.465884582983563,0.75,2026,low,Z0,0.7700804422901781,0.6348268772386105,0.0003,0.001,0.005,1.0,0.75390625,0.607421875,,,,,,,,,,-1.586293310686859,False,"diagnostic time, not official t=1.0; baseline/control"
time_window,postselection_ST2_k2_weight1,postselection,2,4096,4096,1,3499.0,0.854248046875,0.8647464349484324,0.908545298656759,0.04379886370832664,0.00706288740362865,511,6.465884582983563,0.75,2026,low,Z0,0.7700804422901781,0.6348268772386105,0.0003,0.001,0.005,1.0,0.8205201486138897,0.7290654472706487,,,,,,,,,,-2.0931804934470355,False,"diagnostic time, not official t=1.0; relative error improvement -2.093 < 0.100"
time_window,MPF23_raw,MPF,"2,3",4096,8192,2,8192.0,1.0,0.8647464349484324,0.7875000000000001,0.07724643494843231,0.016855112295260447,5820,6.465884582983563,0.75,2026,low,Z0,0.7700804422901781,0.6348268772386105,0.0003,0.001,0.005,1.0,0.7273437500000001,0.5464843750000001,2910.0,-0.8,1.8,0.87890625,0.828125,,,,,-4.45532795923634,False,"diagnostic time, not official t=1.0; relative error improvement -4.455 < 0.100"
time_window,MPF23_postselected,MPF_postselected,"2,3",4096,8192,2,6869.0,0.82275390625,0.8647464349484324,0.8306711794722188,0.034075255476213595,0.016538429926431675,5602,6.465884582983563,0.75,2026,low,Z0,0.7700804422901781,0.6348268772386105,0.0003,0.001,0.005,1.0,0.7632871452038439,0.5939583246760627,2801.0,-0.8,1.8,,,0.908545298656759,0.8652818991097923,0.854248046875,0.82275390625,-1.4064760275552606,False,"diagnostic time, not official t=1.0; relative error improvement -1.406 < 0.100"
time_window,baseline_ST2_k2_raw,none,2,8192,8192,1,8192.0,1.0,0.8647464349484324,0.877197265625,0.012450830676567604,0.005304738783579692,577,8.003813583985902,0.75,2026,low,Z0,0.7700804422901781,0.6348268772386105,0.0003,0.001,0.005,1.0,0.793212890625,0.6875,,,,,,,,,,0.0,False,"diagnostic time, not official t=1.0; baseline/control"
time_window,baseline_ST2_k3_raw_control,none_control,3,8192,8192,1,8192.0,1.0,0.8647464349484324,0.842529296875,0.022217138073432396,0.005951303690258656,726,8.003813583985902,0.75,2026,low,Z0,0.7700804422901781,0.6348268772386105,0.0003,0.001,0.005,1.0,0.7685546875,0.628662109375,,,,,,,,,,-0.7843900258996318,False,"diagnostic time, not official t=1.0; baseline/control"
time_window,postselection_ST2_k2_weight1,postselection,2,8192,8192,1,7020.0,0.85693359375,0.8647464349484324,0.9037037037037037,0.03895726875527128,0.005110176650625643,535,8.003813583985902,0.75,2026,low,Z0,0.7700804422901781,0.6348268772386105,0.0003,0.001,0.005,1.0,0.8176638176638177,0.7213675213675214,,,,,,,,,,-2.128889129348506,False,"diagnostic time, not official t=1.0; relative error improvement -2.129 < 0.100"
time_window,MPF23_raw,MPF,"2,3",8192,16384,2,16384.0,1.0,0.8647464349484324,0.814794921875,0.049951513073432374,0.01152233191971282,5440,8.003813583985902,0.75,2026,low,Z0,0.7700804422901781,0.6348268772386105,0.0003,0.001,0.005,1.0,0.7488281250000001,0.581591796875,2720.0,-0.8,1.8,0.877197265625,0.842529296875,,,,,-3.0119020466193356,False,"diagnostic time, not official t=1.0; relative error improvement -3.012 < 0.100"
time_window,MPF23_postselected,MPF_postselected,"2,3",8192,16384,2,13841.0,0.8326416015625,0.8647464349484324,0.8553686599662262,0.009377774982206155,0.011247296668170625,5182,8.003813583985902,0.75,2026,low,Z0,0.7700804422901781,0.6348268772386105,0.0003,0.001,0.005,1.0,0.7753660870505908,0.6307347470168172,2591.0,-0.8,1.8,,,0.9037037037037037,0.8768509016273274,0.85693359375,0.8326416015625,0.2468153149126767,False,"diagnostic time, not official t=1.0"
time_window,baseline_ST2_k2_raw,none,2,4096,4096,1,4096.0,1.0,0.6845639601747561,0.75732421875,0.07276025857524393,0.010203735477701384,1067,6.440132499992615,1.0,2026,low,Z0,0.9912671465636668,0.6758311067384228,0.0003,0.001,0.005,1.0,0.94287109375,0.71484375,,,,,,,,,,0.0,False,baseline/control
time_window,baseline_ST2_k3_raw_control,none_control,3,4096,4096,1,4096.0,1.0,0.6845639601747561,0.666015625,0.01854833517475607,0.011655277976141862,1392,6.440132499992615,1.0,2026,low,Z0,0.9912671465636668,0.6758311067384228,0.0003,0.001,0.005,1.0,0.93896484375,0.62646484375,,,,,,,,,,0.7450760135002188,False,baseline/control
time_window,postselection_ST2_k2_weight1,postselection,2,4096,4096,1,3497.0,0.853759765625,0.6845639601747561,0.7815270231627109,0.09696306298795487,0.010549873547814361,1140,6.440132499992615,1.0,2026,low,Z0,0.9912671465636668,0.6758311067384228,0.0003,0.001,0.005,1.0,0.9839862739490992,0.7655132971118102,,,,,,,,,,-0.3326376910505613,False,relative error improvement -0.333 < 0.100
time_window,MPF23_raw,MPF,"2,3",4096,8192,2,8192.0,1.0,0.6845639601747561,0.59296875,0.09159521017475603,0.022511637314042328,10380,6.440132499992615,1.0,2026,low,Z0,0.9912671465636668,0.6758311067384228,0.0003,0.001,0.005,1.0,0.93583984375,0.55576171875,5190.0,-0.8,1.8,0.75732421875,0.666015625,,,,,-0.2588631756996055,False,relative error improvement -0.259 < 0.100
time_window,MPF23_postselected,MPF_postselected,"2,3",4096,8192,2,6880.0,0.825927734375,0.6845639601747561,0.6256799481266447,0.058884012048111334,0.023799728264870163,11602,6.440132499992615,1.0,2026,low,Z0,0.9912671465636668,0.6758311067384228,0.0003,0.001,0.005,1.0,0.9830149418220981,0.6086948899487429,5801.0,-0.8,1.8,,,0.7815270231627109,0.6949453148093409,0.853759765625,0.825927734375,0.190711891338081,True,ready
time_window,baseline_ST2_k2_raw,none,2,8192,8192,1,8192.0,1.0,0.6845639601747561,0.76171875,0.07715478982524393,0.00715843772763952,1050,8.052805791987339,1.0,2026,low,Z0,0.9912671465636668,0.6758311067384228,0.0003,0.001,0.005,1.0,0.9599609375,0.73388671875,,,,,,,,,,0.0,False,baseline/control
time_window,baseline_ST2_k3_raw_control,none_control,3,8192,8192,1,8192.0,1.0,0.6845639601747561,0.702880859375,0.01831689920024393,0.007858912895866519,1265,8.052805791987339,1.0,2026,low,Z0,0.9912671465636668,0.6758311067384228,0.0003,0.001,0.005,1.0,0.950927734375,0.669921875,,,,,,,,,,0.7625954365019746,False,baseline/control
time_window,postselection_ST2_k2_weight1,postselection,2,8192,8192,1,7073.0,0.8634033203125,0.6845639601747561,0.7828361374240068,0.09827217724925075,0.0073985679022722335,1122,8.052805791987339,1.0,2026,low,Z0,0.9912671465636668,0.6758311067384228,0.0003,0.001,0.005,1.0,0.9895376784956879,0.7723738159196946,,,,,,,,,,-0.27370157409329776,False,relative error improvement -0.274 < 0.100
time_window,MPF23_raw,MPF,"2,3",8192,16384,2,16384.0,1.0,0.6845639601747561,0.655810546875,0.028753413299756114,0.015261264895804764,9540,8.052805791987339,1.0,2026,low,Z0,0.9912671465636668,0.6758311067384228,0.0003,0.001,0.005,1.0,0.9437011718749999,0.6187499999999999,4770.0,-0.8,1.8,0.76171875,0.702880859375,,,,,0.6273282142964453,True,ready
time_window,MPF23_postselected,MPF_postselected,"2,3",8192,16384,2,13875.0,0.830322265625,0.6845639601747561,0.6868154770058107,0.002251516831054623,0.016058656203576802,10564,8.052805791987339,1.0,2026,low,Z0,0.9912671465636668,0.6758311067384228,0.0003,0.001,0.005,1.0,0.986670357056434,0.6734858340622447,5282.0,-0.8,1.8,,,0.7828361374240068,0.7294913260805646,0.8634033203125,0.830322265625,0.9708181846369575,True,ready
time_window,baseline_ST2_k2_raw,none,2,4096,4096,1,4096.0,1.0,0.9370271010898633,0.9072265625,0.029800538589863312,0.006572536304222344,443,6.309795166016556,1.25,2026,low,Z0,0.7849436925151991,0.7219707936050624,0.0003,0.001,0.005,1.0,0.875,0.7900390625,,,,,,,,,,0.0,False,"diagnostic time, not official t=1.0; baseline/control"
time_window,baseline_ST2_k3_raw_control,none_control,3,4096,4096,1,4096.0,1.0,0.9370271010898633,0.8935546875,0.04347241358986331,0.007014911928662326,504,6.309795166016556,1.25,2026,low,Z0,0.7849436925151991,0.7219707936050624,0.0003,0.001,0.005,1.0,0.81298828125,0.72314453125,,,,,,,,,,-0.45877945993400615,False,"diagnostic time, not official t=1.0; baseline/control"
time_window,postselection_ST2_k2_weight1,postselection,2,4096,4096,1,3505.0,0.855712890625,0.9370271010898633,0.938373751783167,0.0013466506933036415,0.005837912930087429,349,6.309795166016556,1.25,2026,low,Z0,0.7849436925151991,0.7219707936050624,0.0003,0.001,0.005,1.0,0.9075606276747503,0.8459343794579173,,,,,,,,,,0.9548111961385253,False,"diagnostic time, not official t=1.0"
time_window,MPF23_raw,MPF,"2,3",4096,8192,2,8192.0,1.0,0.9370271010898633,0.8826171875,0.05440991358986336,0.01367786514664206,3832,6.309795166016556,1.25,2026,low,Z0,0.7849436925151991,0.7219707936050624,0.0003,0.001,0.005,1.0,0.7633789062499999,0.66962890625,1916.0,-0.8,1.8,0.9072265625,0.8935546875,,,,,-0.8258030278812126,False,"diagnostic time, not official t=1.0; relative error improvement -0.826 < 0.100"
time_window,MPF23_postselected,MPF_postselected,"2,3",4096,8192,2,6876.0,0.822998046875,0.9370271010898633,0.9200811824951516,0.01694591859471173,0.012444141347427265,3172,6.309795166016556,1.25,2026,low,Z0,0.7849436925151991,0.7219707936050624,0.0003,0.001,0.005,1.0,0.7984249478750319,0.7185061303701835,1586.0,-0.8,1.8,,,0.938373751783167,0.928211213289825,0.855712890625,0.822998046875,0.4313552909920929,False,"diagnostic time, not official t=1.0"
time_window,baseline_ST2_k2_raw,none,2,8192,8192,1,8192.0,1.0,0.9370271010898633,0.912353515625,0.024673585464863312,0.004523310157516469,420,8.040122041013092,1.25,2026,low,Z0,0.7849436925151991,0.7219707936050624,0.0003,0.001,0.005,1.0,0.88525390625,0.805419921875,,,,,,,,,,0.0,False,"diagnostic time, not official t=1.0; baseline/control"
time_window,baseline_ST2_k3_raw_control,none_control,3,8192,8192,1,8192.0,1.0,0.9370271010898633,0.899169921875,0.03785717921486331,0.004834838723054025,479,8.040122041013092,1.25,2026,low,Z0,0.7849436925151991,0.7219707936050624,0.0003,0.001,0.005,1.0,0.810546875,0.724365234375,,,,,,,,,,-0.5343201444627592,False,"diagnostic time, not official t=1.0; baseline/control"
time_window,postselection_ST2_k2_weight1,postselection,2,8192,8192,1,7093.0,0.8658447265625,0.9370271010898633,0.9405047229663048,0.0034776218764415168,0.004034443313047891,334,8.040122041013092,1.25,2026,low,Z0,0.7849436925151991,0.7219707936050624,0.0003,0.001,0.005,1.0,0.9061046101790498,0.8466093331453546,,,,,,,,,,0.8590548632911961,False,"diagnostic time, not official t=1.0"
time_window,MPF23_raw,MPF,"2,3",8192,16384,2,16384.0,1.0,0.9370271010898633,0.888623046875,0.04840405421486327,0.009425060764177222,3640,8.040122041013092,1.25,2026,low,Z0,0.7849436925151991,0.7219707936050624,0.0003,0.001,0.005,1.0,0.75078125,0.659521484375,1820.0,-0.8,1.8,0.912353515625,0.899169921875,,,,,-0.9617762600329647,False,"diagnostic time, not official t=1.0; relative error improvement -0.962 < 0.100"
time_window,MPF23_postselected,MPF_postselected,"2,3",8192,16384,2,13902.0,0.8311767578125,0.9370271010898633,0.934980565877213,0.0020465352126503022,0.008252016759570418,2790,8.040122041013092,1.25,2026,low,Z0,0.7849436925151991,0.7219707936050624,0.0003,0.001,0.005,1.0,0.7753366085229372,0.7103171744001505,1395.0,-0.8,1.8,,,0.9405047229663048,0.9374357468056983,0.8658447265625,0.8311767578125,0.9170556214635002,False,"diagnostic time, not official t=1.0"
time_window,baseline_ST2_k2_raw,none,2,4096,4096,1,4096.0,1.0,0.9539526359368348,0.9609375,0.00698486406316523,0.004324460347636316,192,6.314329375018133,1.5,2026,low,Z0,0.8447650468333716,0.7987176827702065,0.0003,0.001,0.005,1.0,0.94482421875,0.91455078125,,,,,,,,,,0.0,False,"diagnostic time, not official t=1.0; baseline/control"
time_window,baseline_ST2_k3_raw_control,none_control,3,4096,4096,1,4096.0,1.0,0.9539526359368348,0.9384765625,0.01547607343683477,0.005395983334123139,299,6.314329375018133,1.5,2026,low,Z0,0.8447650468333716,0.7987176827702065,0.0003,0.001,0.005,1.0,0.87548828125,0.82080078125,,,,,,,,,,-1.2156585005638176,False,"diagnostic time, not official t=1.0; baseline/control"
time_window,postselection_ST2_k2_weight1,postselection,2,4096,4096,1,3491.0,0.852294921875,0.9539526359368348,0.9988541965052994,0.044901560568464616,0.0008099733037095042,7,6.314329375018133,1.5,2026,low,Z0,0.8447650468333716,0.7987176827702065,0.0003,0.001,0.005,1.0,0.9868232598109424,0.9856774563162418,,,,,,,,,,-5.428408650821648,False,"diagnostic time, not official t=1.0; relative error improvement -5.428 < 0.100"
time_window,MPF23_raw,MPF,"2,3",4096,8192,2,8192.0,1.0,0.9539526359368348,0.9205078124999999,0.03344482343683486,0.0103105050201925,2178,6.314329375018133,1.5,2026,low,Z0,0.8447650468333716,0.7987176827702065,0.0003,0.001,0.005,1.0,0.82001953125,0.74580078125,1089.0,-0.8,1.8,0.9609375,0.9384765625,,,,,-3.7881853010148845,False,"diagnostic time, not official t=1.0; relative error improvement -3.788 < 0.100"
time_window,MPF23_postselected,MPF_postselected,"2,3",4096,8192,2,6862.0,0.822998046875,0.9539526359368348,0.9507238216744316,0.003228814262403179,0.007298976895939428,1092,6.314329375018133,1.5,2026,low,Z0,0.8447650468333716,0.7987176827702065,0.0003,0.001,0.005,1.0,0.8535553346015576,0.804279156275989,546.0,-0.8,1.8,,,0.9988541965052994,0.9721150993770394,0.852294921875,0.822998046875,0.5377412884195739,False,"diagnostic time, not official t=1.0"
time_window,baseline_ST2_k2_raw,none,2,8192,8192,1,8192.0,1.0,0.9539526359368348,0.96923828125,0.01528564531316523,0.0027193146450193,152,8.009358875016915,1.5,2026,low,Z0,0.8447650468333716,0.7987176827702065,0.0003,0.001,0.005,1.0,0.9638671875,0.9384765625,,,,,,,,,,0.0,False,"diagnostic time, not official t=1.0; baseline/control"
time_window,baseline_ST2_k3_raw_control,none_control,3,8192,8192,1,8192.0,1.0,0.9539526359368348,0.935302734375,0.01864990156183477,0.003909511061759832,314,8.009358875016915,1.5,2026,low,Z0,0.8447650468333716,0.7987176827702065,0.0003,0.001,0.005,1.0,0.86181640625,0.810302734375,,,,,,,,,,-0.22009252339330224,False,"diagnostic time, not official t=1.0; baseline/control"
time_window,postselection_ST2_k2_weight1,postselection,2,8192,8192,1,7040.0,0.859375,0.9539526359368348,0.9985795454545454,0.044626909517710645,0.000635020959724039,9,8.009358875016915,1.5,2026,low,Z0,0.8447650468333716,0.7987176827702065,0.0003,0.001,0.005,1.0,0.990625,0.9892045454545455,,,,,,,,,,-1.9195306186566001,False,"diagnostic time, not official t=1.0; relative error improvement -1.920 < 0.100"
time_window,MPF23_raw,MPF,"2,3",8192,16384,2,16384.0,1.0,0.9539526359368348,0.908154296875,0.045798339061834725,0.007365707488956331,2224,8.009358875016915,1.5,2026,low,Z0,0.8447650468333716,0.7987176827702065,0.0003,0.001,0.005,1.0,0.78017578125,0.7077636718749999,1112.0,-0.8,1.8,0.96923828125,0.935302734375,,,,,-1.996166542107941,False,"diagnostic time, not official t=1.0; relative error improvement -1.996 < 0.100"
time_window,MPF23_postselected,MPF_postselected,"2,3",8192,16384,2,13822.0,0.827880859375,0.9539526359368348,0.9607942816546473,0.006841645717812539,0.004629510515369988,878,8.009358875016915,1.5,2026,low,Z0,0.8447650468333716,0.7987176827702065,0.0003,0.001,0.005,1.0,0.8190600117959304,0.7798542934505777,439.0,-0.8,1.8,,,0.9985795454545454,0.9775877322323798,0.859375,0.827880859375,0.5524136810946436,False,"diagnostic time, not official t=1.0"
time_window,baseline_ST2_k2_raw,none,2,4096,4096,1,4096.0,1.0,0.9271155626310368,0.83154296875,0.09557259388103678,0.008679069244441687,772,6.2792579579981975,2.0,2026,low,Z0,0.9098451346141808,0.8369606972452175,0.0003,0.001,0.005,1.0,0.8955078125,0.73779296875,,,,,,,,,,0.0,False,"diagnostic time, not official t=1.0; baseline/control"
time_window,baseline_ST2_k3_raw_control,none_control,3,4096,4096,1,4096.0,1.0,0.9271155626310368,0.9248046875,0.0023108751310367825,0.005944409835754667,362,6.2792579579981975,2.0,2026,low,Z0,0.9098451346141808,0.8369606972452175,0.0003,0.001,0.005,1.0,0.92333984375,0.85498046875,,,,,,,,,,0.9758207344051661,False,"diagnostic time, not official t=1.0; baseline/control"
time_window,postselection_ST2_k2_weight1,postselection,2,4096,4096,1,3482.0,0.85009765625,0.9271155626310368,0.8621481906950029,0.06496737193603386,0.008586159890550149,755,6.2792579579981975,2.0,2026,low,Z0,0.9098451346141808,0.8369606972452175,0.0003,0.001,0.005,1.0,0.9322228604250431,0.7943710511200459,,,,,,,,,,0.32023010679294245,False,"diagnostic time, not official t=1.0"
time_window,MPF23_raw,MPF,"2,3",4096,8192,2,8192.0,1.0,0.9271155626310368,0.9994140625000001,0.0722984998689633,0.012755291543709664,3334,6.2792579579981975,2.0,2026,low,Z0,0.9098451346141808,0.8369606972452175,0.0003,0.001,0.005,1.0,0.9456054687500001,0.9487304687500001,1667.0,-0.8,1.8,0.83154296875,0.9248046875,,,,,0.24352267807070002,False,"diagnostic time, not official t=1.0"
time_window,MPF23_postselected,MPF_postselected,"2,3",4096,8192,2,6864.0,0.82568359375,0.9271155626310368,1.0368337833399173,0.10971822070888049,0.011125156662473,2536,6.2792579579981975,2.0,2026,low,Z0,0.9098451346141808,0.8369606972452175,0.0003,0.001,0.005,1.0,0.9935475543565948,1.0303813376965119,1268.0,-0.8,1.8,,,0.8621481906950029,0.9591957421643997,0.85009765625,0.82568359375,-0.14800923835395072,False,"diagnostic time, not official t=1.0; relative error improvement -0.148 < 0.100"
time_window,baseline_ST2_k2_raw,none,2,8192,8192,1,8192.0,1.0,0.9271155626310368,0.837646484375,0.08946907825603678,0.006034855294015135,746,8.048564915981842,2.0,2026,low,Z0,0.9098451346141808,0.8369606972452175,0.0003,0.001,0.005,1.0,0.90576171875,0.750244140625,,,,,,,,,,0.0,False,"diagnostic time, not official t=1.0; baseline/control"
time_window,baseline_ST2_k3_raw_control,none_control,3,8192,8192,1,8192.0,1.0,0.9271155626310368,0.925048828125,0.0020667345060367825,0.004196769497704841,361,8.048564915981842,2.0,2026,low,Z0,0.9098451346141808,0.8369606972452175,0.0003,0.001,0.005,1.0,0.92333984375,0.858642578125,,,,,,,,,,0.9769000134312065,False,"diagnostic time, not official t=1.0; baseline/control"
time_window,postselection_ST2_k2_weight1,postselection,2,8192,8192,1,7000.0,0.8544921875,0.9271155626310368,0.8602857142857143,0.06682984834532246,0.006093421391678058,761,8.048564915981842,2.0,2026,low,Z0,0.9098451346141808,0.8369606972452175,0.0003,0.001,0.005,1.0,0.9337142857142857,0.794,,,,,,,,,,0.2530397132954343,False,"diagnostic time, not official t=1.0"
time_window,MPF23_raw,MPF,"2,3",8192,16384,2,16384.0,1.0,0.9271155626310368,0.9949707031249999,0.06785514049396313,0.008965164730848766,3294,8.048564915981842,2.0,2026,low,Z0,0.9098451346141808,0.8369606972452175,0.0003,0.001,0.005,1.0,0.9374023437500001,0.9453613281250001,1647.0,-0.8,1.8,0.837646484375,0.925048828125,,,,,0.24157997582382926,False,"diagnostic time, not official t=1.0"
time_window,MPF23_postselected,MPF_postselected,"2,3",8192,16384,2,13746.0,0.823486328125,0.9271155626310368,1.0493344288679007,0.12221886623686395,0.007516958155284343,2316,8.048564915981842,2.0,2026,low,Z0,0.9098451346141808,0.8369606972452175,0.0003,0.001,0.005,1.0,0.9820531786031934,1.031387607471094,1158.0,-0.8,1.8,,,0.8602857142857143,0.9653127779424845,0.8544921875,0.823486328125,-0.36604588556401535,False,"diagnostic time, not official t=1.0; relative error improvement -0.366 < 0.100"
time_window,baseline_ST2_k2_raw,none,2,4096,4096,1,4096.0,1.0,-0.17105499903038957,-0.1572265625,0.013828436530389565,0.015430664985212013,2439,6.299876707984367,0.25,2027,low,Z0,0.6127109639921351,-0.5583440350382545,0.0003,0.001,0.005,1.0,0.58154296875,-0.52783203125,,,,,,,,,,0.0,False,"diagnostic time, not official t=1.0; baseline/control"
time_window,baseline_ST2_k3_raw_control,none_control,3,4096,4096,1,4096.0,1.0,-0.17105499903038957,-0.1904296875,0.019374688469610435,0.015339075584110719,2410,6.299876707984367,0.25,2027,low,Z0,0.6127109639921351,-0.5583440350382545,0.0003,0.001,0.005,1.0,0.60498046875,-0.52978515625,,,,,,,,,,-0.40107585026205594,False,"diagnostic time, not official t=1.0; baseline/control"
time_window,postselection_ST2_k2_weight1,postselection,2,4096,4096,1,3494.0,0.85302734375,-0.17105499903038957,-0.1551230681167716,0.01593193091361797,0.01671280724726267,2861,6.299876707984367,0.25,2027,low,Z0,0.6127109639921351,-0.5583440350382545,0.0003,0.001,0.005,1.0,0.5987406983400114,-0.5563823697767601,,,,,,,,,,-0.15211368100838704,False,"diagnostic time, not official t=1.0; relative error improvement -0.152 < 0.100"
time_window,MPF23_raw,MPF,"2,3",4096,8192,2,8192.0,1.0,-0.17105499903038957,-0.2169921875,0.045937188469610424,0.030244307346641987,18734,6.299876707984367,0.25,2027,low,Z0,0.6127109639921351,-0.5583440350382545,0.0003,0.001,0.005,1.0,0.62373046875,-0.5313476562499999,9367.0,-0.8,1.8,-0.1572265625,-0.1904296875,,,,,-2.3219365304717,False,"diagnostic time, not official t=1.0; relative error improvement -2.322 < 0.100"
time_window,MPF23_postselected,MPF_postselected,"2,3",4096,8192,2,6857.0,0.821044921875,-0.17105499903038957,-0.2168471298063151,0.04579213077592553,0.03328097732109007,22686,6.299876707984367,0.25,2027,low,Z0,0.6127109639921351,-0.5583440350382545,0.0003,0.001,0.005,1.0,0.6444686366892756,-0.5723784931170396,11343.0,-0.8,1.8,,,-0.1551230681167716,-0.18941421349985132,0.85302734375,0.821044921875,-2.3114467188891603,False,"diagnostic time, not official t=1.0; relative error improvement -2.311 < 0.100; target-SE shot estimate 22686 > budget 20000"
time_window,baseline_ST2_k2_raw,none,2,8192,8192,1,8192.0,1.0,-0.17105499903038957,-0.173095703125,0.002040704094610435,0.010881765796530666,2426,8.040457750001224,0.25,2027,low,Z0,0.6127109639921351,-0.5583440350382545,0.0003,0.001,0.005,1.0,0.600830078125,-0.5224609375,,,,,,,,,,0.0,False,"diagnostic time, not official t=1.0; baseline/control"
time_window,baseline_ST2_k3_raw_control,none_control,3,8192,8192,1,8192.0,1.0,-0.17105499903038957,-0.1669921875,0.004062811530389565,0.01089340222678198,2431,8.040457750001224,0.25,2027,low,Z0,0.6127109639921351,-0.5583440350382545,0.0003,0.001,0.005,1.0,0.59228515625,-0.5126953125,,,,,,,,,,-0.9908871360230918,False,"diagnostic time, not official t=1.0; baseline/control"
time_window,postselection_ST2_k2_weight1,postselection,2,8192,8192,1,7056.0,0.861328125,-0.17105499903038957,-0.16156462585034015,0.009490373180049416,0.011748358739004842,2827,8.040457750001224,0.25,2027,low,Z0,0.6127109639921351,-0.5583440350382545,0.0003,0.001,0.005,1.0,0.6156462585034014,-0.5459183673469388,,,,,,,,,,-3.6505386082743683,False,"diagnostic time, not official t=1.0; relative error improvement -3.651 < 0.100"
time_window,MPF23_raw,MPF,"2,3",8192,16384,2,16384.0,1.0,-0.17105499903038957,-0.162109375,0.008945624030389565,0.02145373478687556,18854,8.040457750001224,0.25,2027,low,Z0,0.6127109639921351,-0.5583440350382545,0.0003,0.001,0.005,1.0,0.58544921875,-0.5048828125,9427.0,-0.8,1.8,-0.173095703125,-0.1669921875,,,,,-3.383596844841565,False,"diagnostic time, not official t=1.0; relative error improvement -3.384 < 0.100"
time_window,MPF23_postselected,MPF_postselected,"2,3",8192,16384,2,13884.0,0.83349609375,-0.17105499903038957,-0.15440383534784738,0.016651163682542186,0.023474840020902905,22572,8.040457750001224,0.25,2027,low,Z0,0.6127109639921351,-0.5583440350382545,0.0003,0.001,0.005,1.0,0.618379302511866,-0.5360245328359816,11286.0,-0.8,1.8,,,-0.16156462585034015,-0.15758640890451084,0.861328125,0.83349609375,-7.159518926099303,False,"diagnostic time, not official t=1.0; relative error improvement -7.160 < 0.100; target-SE shot estimate 22572 > budget 20000"
time_window,baseline_ST2_k2_raw,none,2,4096,4096,1,4096.0,1.0,0.8997458345693597,0.84130859375,0.05843724081935975,0.008446173928118153,731,6.3638977500086185,0.5,2027,low,Z0,0.334777045048253,0.23452287961761276,0.0003,0.001,0.005,1.0,0.375,0.24560546875,,,,,,,,,,0.0,False,"diagnostic time, not official t=1.0; baseline/control"
time_window,baseline_ST2_k3_raw_control,none_control,3,4096,4096,1,4096.0,1.0,0.8997458345693597,0.833984375,0.06576145956935975,0.008621688424719049,762,6.3638977500086185,0.5,2027,low,Z0,0.334777045048253,0.23452287961761276,0.0003,0.001,0.005,1.0,0.36376953125,0.23583984375,,,,,,,,,,-0.12533478048083252,False,"diagnostic time, not official t=1.0; baseline/control"
time_window,postselection_ST2_k2_weight1,postselection,2,4096,4096,1,3496.0,0.853515625,0.8997458345693597,0.8735697940503433,0.026176040519016452,0.0082314178588192,694,6.3638977500086185,0.5,2027,low,Z0,0.334777045048253,0.23452287961761276,0.0003,0.001,0.005,1.0,0.38672768878718533,0.2602974828375286,,,,,,,,,,0.5520657691568395,False,"diagnostic time, not official t=1.0"
time_window,MPF23_raw,MPF,"2,3",4096,8192,2,8192.0,1.0,0.8997458345693597,0.828125,0.07162083456935975,0.016926216445634922,5868,6.3638977500086185,0.5,2027,low,Z0,0.334777045048253,0.23452287961761276,0.0003,0.001,0.005,1.0,0.35478515624999996,0.22802734374999997,2934.0,-0.8,1.8,0.84130859375,0.833984375,,,,,-0.22560260486549855,False,"diagnostic time, not official t=1.0; relative error improvement -0.226 < 0.100"
time_window,MPF23_postselected,MPF_postselected,"2,3",4096,8192,2,6863.0,0.822021484375,0.8997458345693597,0.8691275327430932,0.03061830182626657,0.01659663786759308,5642,6.3638977500086185,0.5,2027,low,Z0,0.334777045048253,0.23452287961761276,0.0003,0.001,0.005,1.0,0.3850639434163462,0.2541914761594395,2821.0,-0.8,1.8,,,0.8735697940503433,0.8711018711018711,0.853515625,0.822021484375,0.4760481262126429,False,"diagnostic time, not official t=1.0"
time_window,baseline_ST2_k2_raw,none,2,8192,8192,1,8192.0,1.0,0.8997458345693597,0.852294921875,0.04745091269435975,0.005779068065300826,684,7.975210707983933,0.5,2027,low,Z0,0.334777045048253,0.23452287961761276,0.0003,0.001,0.005,1.0,0.37548828125,0.249755859375,,,,,,,,,,0.0,False,"diagnostic time, not official t=1.0; baseline/control"
time_window,baseline_ST2_k3_raw_control,none_control,3,8192,8192,1,8192.0,1.0,0.8997458345693597,0.8515625,0.04818333456935975,0.00579223311236245,688,7.975210707983933,0.5,2027,low,Z0,0.334777045048253,0.23452287961761276,0.0003,0.001,0.005,1.0,0.34521484375,0.2275390625,,,,,,,,,,-0.015435359056582684,False,"diagnostic time, not official t=1.0; baseline/control"
time_window,postselection_ST2_k2_weight1,postselection,2,8192,8192,1,7040.0,0.859375,0.8997458345693597,0.8806818181818182,0.019064016387541516,0.005645789047287594,653,7.975210707983933,0.5,2027,low,Z0,0.334777045048253,0.23452287961761276,0.0003,0.001,0.005,1.0,0.39943181818181817,0.28011363636363634,,,,,,,,,,0.5982370979808875,False,"diagnostic time, not official t=1.0"
time_window,MPF23_raw,MPF,"2,3",8192,16384,2,16384.0,1.0,0.8997458345693597,0.8509765625000001,0.04876927206935966,0.011405102650862666,5328,7.975210707983933,0.5,2027,low,Z0,0.334777045048253,0.23452287961761276,0.0003,0.001,0.005,1.0,0.32099609375000004,0.209765625,2664.0,-0.8,1.8,0.852294921875,0.8515625,,,,,-0.02778364630184696,False,"diagnostic time, not official t=1.0; relative error improvement -0.028 < 0.100"
time_window,MPF23_postselected,MPF_postselected,"2,3",8192,16384,2,13833.0,0.8292236328125,0.8997458345693597,0.8887711949466697,0.010974639622690074,0.011119567284251888,5066,7.975210707983933,0.5,2027,low,Z0,0.334777045048253,0.23452287961761276,0.0003,0.001,0.005,1.0,0.3489956907511743,0.23776688569784407,2533.0,-0.8,1.8,,,0.8806818181818182,0.8851759163845134,0.859375,0.8292236328125,0.7687159424439358,False,"diagnostic time, not official t=1.0"
time_window,baseline_ST2_k2_raw,none,2,4096,4096,1,4096.0,1.0,0.8647464349484324,0.87939453125,0.014648096301567604,0.0074389648374902405,567,6.319872624997515,0.75,2027,low,Z0,0.7700804422901781,0.6348268772386105,0.0003,0.001,0.005,1.0,0.787109375,0.68408203125,,,,,,,,,,0.0,False,"diagnostic time, not official t=1.0; baseline/control"
time_window,baseline_ST2_k3_raw_control,none_control,3,4096,4096,1,4096.0,1.0,0.8647464349484324,0.828125,0.036621434948432396,0.00875849175520122,786,6.319872624997515,0.75,2027,low,Z0,0.7700804422901781,0.6348268772386105,0.0003,0.001,0.005,1.0,0.75390625,0.607421875,,,,,,,,,,-1.5000815255777133,False,"diagnostic time, not official t=1.0; baseline/control"
time_window,postselection_ST2_k2_weight1,postselection,2,4096,4096,1,3499.0,0.854248046875,0.8647464349484324,0.9091168905401543,0.044370455591721925,0.007041835531455725,508,6.319872624997515,0.75,2027,low,Z0,0.7700804422901781,0.6348268772386105,0.0003,0.001,0.005,1.0,0.8205201486138897,0.729637039154044,,,,,,,,,,-2.029093656830581,False,"diagnostic time, not official t=1.0; relative error improvement -2.029 < 0.100"
time_window,MPF23_raw,MPF,"2,3",4096,8192,2,8192.0,1.0,0.8647464349484324,0.787109375,0.0776370599484324,0.016851132388720713,5816,6.319872624997515,0.75,2027,low,Z0,0.7700804422901781,0.6348268772386105,0.0003,0.001,0.005,1.0,0.7273437500000001,0.5460937500000002,2908.0,-0.8,1.8,0.87939453125,0.828125,,,,,-4.300146746039884,False,"diagnostic time, not official t=1.0; relative error improvement -4.300 < 0.100"
time_window,MPF23_postselected,MPF_postselected,"2,3",4096,8192,2,6869.0,0.82275390625,0.8647464349484324,0.8302139059655026,0.0345325289829298,0.016532683650997557,5598,6.319872624997515,0.75,2027,low,Z0,0.7700804422901781,0.6348268772386105,0.0003,0.001,0.005,1.0,0.7632871452038439,0.5935010511693465,2799.0,-0.8,1.8,,,0.9091168905401543,0.8652818991097923,0.854248046875,0.82275390625,-1.3574755566861076,False,"diagnostic time, not official t=1.0; relative error improvement -1.357 < 0.100"
time_window,baseline_ST2_k2_raw,none,2,8192,8192,1,8192.0,1.0,0.8647464349484324,0.87255859375,0.0078121588015676036,0.005397318087551515,597,8.100388582999585,0.75,2027,low,Z0,0.7700804422901781,0.6348268772386105,0.0003,0.001,0.005,1.0,0.78857421875,0.68310546875,,,,,,,,,,0.0,False,"diagnostic time, not official t=1.0; baseline/control"
time_window,baseline_ST2_k3_raw_control,none_control,3,8192,8192,1,8192.0,1.0,0.8647464349484324,0.845703125,0.019043309948432396,0.005896095606751918,712,8.100388582999585,0.75,2027,low,Z0,0.7700804422901781,0.6348268772386105,0.0003,0.001,0.005,1.0,0.75,0.62158203125,,,,,,,,,,-1.4376501338671108,False,"diagnostic time, not official t=1.0; baseline/control"
time_window,postselection_ST2_k2_weight1,postselection,2,8192,8192,1,7040.0,0.859375,0.8647464349484324,0.90625,0.041503565051567604,0.005038360482283083,520,8.100388582999585,0.75,2027,low,Z0,0.7700804422901781,0.6348268772386105,0.0003,0.001,0.005,1.0,0.821590909090909,0.727840909090909,,,,,,,,,,-4.312688349760557,False,"diagnostic time, not official t=1.0; relative error improvement -4.313 < 0.100"
time_window,MPF23_raw,MPF,"2,3",8192,16384,2,16384.0,1.0,0.8647464349484324,0.8242187499999999,0.04052768494843251,0.011457706744950447,5378,8.100388582999585,0.75,2027,low,Z0,0.7700804422901781,0.6348268772386105,0.0003,0.001,0.005,1.0,0.7191406250000001,0.57236328125,2689.0,-0.8,1.8,0.87255859375,0.845703125,,,,,-4.1877702409608135,False,"diagnostic time, not official t=1.0; relative error improvement -4.188 < 0.100"
time_window,MPF23_postselected,MPF_postselected,"2,3",8192,16384,2,13823.0,0.8280029296875,0.8647464349484324,0.8648275099513489,8.10750029165419e-05,0.011012759485218836,4968,8.100388582999585,0.75,2027,low,Z0,0.7700804422901781,0.6348268772386105,0.0003,0.001,0.005,1.0,0.7600647340275823,0.6248922439789313,2484.0,-0.8,1.8,,,0.90625,0.8832375055285272,0.859375,0.8280029296875,0.9896219463818026,False,"diagnostic time, not official t=1.0"
time_window,baseline_ST2_k2_raw,none,2,4096,4096,1,4096.0,1.0,0.6845639601747561,0.7578125,0.07324853982524393,0.010194881035455362,1065,6.3545443329785485,1.0,2027,low,Z0,0.9912671465636668,0.6758311067384228,0.0003,0.001,0.005,1.0,0.94287109375,0.71533203125,,,,,,,,,,0.0,False,baseline/control
time_window,baseline_ST2_k3_raw_control,none_control,3,4096,4096,1,4096.0,1.0,0.6845639601747561,0.666015625,0.01854833517475607,0.011655277976141862,1392,6.3545443329785485,1.0,2027,low,Z0,0.9912671465636668,0.6758311067384228,0.0003,0.001,0.005,1.0,0.93896484375,0.62646484375,,,,,,,,,,0.7467753593585809,False,baseline/control
time_window,postselection_ST2_k2_weight1,postselection,2,4096,4096,1,3497.0,0.853759765625,0.6845639601747561,0.7820989419502431,0.09753498177548703,0.010537746808819245,1138,6.3545443329785485,1.0,2027,low,Z0,0.9912671465636668,0.6758311067384228,0.0003,0.001,0.005,1.0,0.9839862739490992,0.7660852158993423,,,,,,,,,,-0.3315621309064398,False,relative error improvement -0.332 < 0.100
time_window,MPF23_raw,MPF,"2,3",4096,8192,2,8192.0,1.0,0.6845639601747561,0.5925781250000001,0.091985835174756,0.022509069700923263,10378,6.3545443329785485,1.0,2027,low,Z0,0.9912671465636668,0.6758311067384228,0.0003,0.001,0.005,1.0,0.93583984375,0.55537109375,5189.0,-0.8,1.8,0.7578125,0.666015625,,,,,-0.25580435315455347,False,relative error improvement -0.256 < 0.100
time_window,MPF23_postselected,MPF_postselected,"2,3",4096,8192,2,6880.0,0.825927734375,0.6845639601747561,0.625222413096619,0.0593415470781371,0.023796289670410392,11598,6.3545443329785485,1.0,2027,low,Z0,0.9912671465636668,0.6758311067384228,0.0003,0.001,0.005,1.0,0.9830149418220981,0.6082373549187171,5799.0,-0.8,1.8,,,0.7820989419502431,0.6949453148093409,0.853759765625,0.825927734375,0.1898603409745242,True,ready
time_window,baseline_ST2_k2_raw,none,2,8192,8192,1,8192.0,1.0,0.6845639601747561,0.766845703125,0.08228174295024393,0.00709130316073304,1030,8.073421042005066,1.0,2027,low,Z0,0.9912671465636668,0.6758311067384228,0.0003,0.001,0.005,1.0,0.95361328125,0.733154296875,,,,,,,,,,0.0,False,baseline/control
time_window,baseline_ST2_k3_raw_control,none_control,3,8192,8192,1,8192.0,1.0,0.6845639601747561,0.699951171875,0.01538721170024393,0.007890766992772644,1276,8.073421042005066,1.0,2027,low,Z0,0.9912671465636668,0.6758311067384228,0.0003,0.001,0.005,1.0,0.946044921875,0.666015625,,,,,,,,,,0.8129936101432776,False,baseline/control
time_window,postselection_ST2_k2_weight1,postselection,2,8192,8192,1,7040.0,0.859375,0.6845639601747561,0.7917613636363636,0.10719740346160755,0.007280050799147326,1086,8.073421042005066,1.0,2027,low,Z0,0.9912671465636668,0.6758311067384228,0.0003,0.001,0.005,1.0,0.9889204545454545,0.7806818181818181,,,,,,,,,,-0.30280909978329235,False,relative error improvement -0.303 < 0.100
time_window,MPF23_raw,MPF,"2,3",8192,16384,2,16384.0,1.0,0.6845639601747561,0.646435546875,0.038128413299756025,0.015294424854503564,9582,8.073421042005066,1.0,2027,low,Z0,0.9912671465636668,0.6758311067384228,0.0003,0.001,0.005,1.0,0.939990234375,0.6123046875000001,4791.0,-0.8,1.8,0.766845703125,0.699951171875,,,,,0.5366115017421007,True,ready
time_window,MPF23_postselected,MPF_postselected,"2,3",8192,16384,2,13829.0,0.8287353515625,0.6845639601747561,0.6845758847868878,1.1924612131730683e-05,0.01597793968959686,10458,8.073421042005066,1.0,2027,low,Z0,0.9912671465636668,0.6758311067384228,0.0003,0.001,0.005,1.0,0.9892436628771141,0.6738195476640021,5229.0,-0.8,1.8,,,0.7917613636363636,0.7322138753866548,0.859375,0.8287353515625,0.9998550758442375,True,ready
time_window,baseline_ST2_k2_raw,none,2,4096,4096,1,4096.0,1.0,0.9370271010898633,0.90771484375,0.029312257339863312,0.006556056405698882,441,6.3561533330066595,1.25,2027,low,Z0,0.7849436925151991,0.7219707936050624,0.0003,0.001,0.005,1.0,0.875,0.79052734375,,,,,,,,,,0.0,False,"diagnostic time, not official t=1.0; baseline/control"
time_window,baseline_ST2_k3_raw_control,none_control,3,4096,4096,1,4096.0,1.0,0.9370271010898633,0.8935546875,0.04347241358986331,0.007014911928662326,504,6.3561533330066595,1.25,2027,low,Z0,0.7849436925151991,0.7219707936050624,0.0003,0.001,0.005,1.0,0.81298828125,0.72314453125,,,,,,,,,,-0.4830796920830401,False,"diagnostic time, not official t=1.0; baseline/control"
time_window,postselection_ST2_k2_weight1,postselection,2,4096,4096,1,3505.0,0.855712890625,0.9370271010898633,0.9389443651925821,0.001917264102718752,0.00581167792519186,346,6.3561533330066595,1.25,2027,low,Z0,0.7849436925151991,0.7219707936050624,0.0003,0.001,0.005,1.0,0.9075606276747503,0.8465049928673324,,,,,,,,,,0.9345917279420387,False,"diagnostic time, not official t=1.0"
time_window,MPF23_raw,MPF,"2,3",4096,8192,2,8192.0,1.0,0.9370271010898633,0.8822265625,0.054800538589863335,0.013672802416817549,3830,6.3561533330066595,1.25,2027,low,Z0,0.7849436925151991,0.7219707936050624,0.0003,0.001,0.005,1.0,0.7633789062499999,0.6692382812500001,1915.0,-0.8,1.8,0.90771484375,0.8935546875,,,,,-0.8695434457494728,False,"diagnostic time, not official t=1.0; relative error improvement -0.870 < 0.100"
time_window,MPF23_postselected,MPF_postselected,"2,3",4096,8192,2,6876.0,0.822998046875,0.9370271010898633,0.9196246917676194,0.017402409322243906,0.01243627969080594,3168,6.3561533330066595,1.25,2027,low,Z0,0.7849436925151991,0.7219707936050624,0.0003,0.001,0.005,1.0,0.7984249478750319,0.7180496396426514,1584.0,-0.8,1.8,,,0.9389443651925821,0.928211213289825,0.855712890625,0.822998046875,0.4063094793256528,False,"diagnostic time, not official t=1.0"
time_window,baseline_ST2_k2_raw,none,2,8192,8192,1,8192.0,1.0,0.9370271010898633,0.9130859375,0.023941163589863312,0.00450523337640215,416,8.120313166989945,1.25,2027,low,Z0,0.7849436925151991,0.7219707936050624,0.0003,0.001,0.005,1.0,0.88525390625,0.80859375,,,,,,,,,,0.0,False,"diagnostic time, not official t=1.0; baseline/control"
time_window,baseline_ST2_k3_raw_control,none_control,3,8192,8192,1,8192.0,1.0,0.9370271010898633,0.906494140625,0.030532960464863312,0.0046648982842616895,446,8.120313166989945,1.25,2027,low,Z0,0.7849436925151991,0.7219707936050624,0.0003,0.001,0.005,1.0,0.80615234375,0.723876953125,,,,,,,,,,-0.2753331871384466,False,"diagnostic time, not official t=1.0; baseline/control"
time_window,postselection_ST2_k2_weight1,postselection,2,8192,8192,1,7058.0,0.861572265625,0.9370271010898633,0.9436100878435818,0.006582986753718489,0.003940619065935571,319,8.120313166989945,1.25,2027,low,Z0,0.7849436925151991,0.7219707936050624,0.0003,0.001,0.005,1.0,0.9138566166052706,0.8574667044488523,,,,,,,,,,0.7250348033833357,False,"diagnostic time, not official t=1.0"
time_window,MPF23_raw,MPF,"2,3",8192,16384,2,16384.0,1.0,0.9370271010898633,0.9012207031250001,0.03580639796486318,0.00913765265397342,3422,8.120313166989945,1.25,2027,low,Z0,0.7849436925151991,0.7219707936050624,0.0003,0.001,0.005,1.0,0.74287109375,0.6561035156249999,1711.0,-0.8,1.8,0.9130859375,0.906494140625,,,,,-0.49559973684919834,False,"diagnostic time, not official t=1.0; relative error improvement -0.496 < 0.100"
time_window,MPF23_postselected,MPF_postselected,"2,3",8192,16384,2,13829.0,0.8265380859375,0.9370271010898633,0.9387760856843725,0.0017489845945092286,0.008050144290742692,2656,8.120313166989945,1.25,2027,low,Z0,0.7849436925151991,0.7219707936050624,0.0003,0.001,0.005,1.0,0.7802128901451145,0.718988975829487,1328.0,-0.8,1.8,,,0.9436100878435818,0.9409245310884655,0.861572265625,0.8265380859375,0.9269465501146423,False,"diagnostic time, not official t=1.0"
time_window,baseline_ST2_k2_raw,none,2,4096,4096,1,4096.0,1.0,0.9539526359368348,0.9609375,0.00698486406316523,0.004324460347636316,192,6.32766895898385,1.5,2027,low,Z0,0.8447650468333716,0.7987176827702065,0.0003,0.001,0.005,1.0,0.94482421875,0.91455078125,,,,,,,,,,0.0,False,"diagnostic time, not official t=1.0; baseline/control"
time_window,baseline_ST2_k3_raw_control,none_control,3,4096,4096,1,4096.0,1.0,0.9539526359368348,0.9384765625,0.01547607343683477,0.005395983334123139,299,6.32766895898385,1.5,2027,low,Z0,0.8447650468333716,0.7987176827702065,0.0003,0.001,0.005,1.0,0.87548828125,0.82080078125,,,,,,,,,,-1.2156585005638176,False,"diagnostic time, not official t=1.0; baseline/control"
time_window,postselection_ST2_k2_weight1,postselection,2,4096,4096,1,3491.0,0.852294921875,0.9539526359368348,0.9988541965052994,0.044901560568464616,0.0008099733037095042,7,6.32766895898385,1.5,2027,low,Z0,0.8447650468333716,0.7987176827702065,0.0003,0.001,0.005,1.0,0.9868232598109424,0.9856774563162418,,,,,,,,,,-5.428408650821648,False,"diagnostic time, not official t=1.0; relative error improvement -5.428 < 0.100"
time_window,MPF23_raw,MPF,"2,3",4096,8192,2,8192.0,1.0,0.9539526359368348,0.9205078124999999,0.03344482343683486,0.0103105050201925,2178,6.32766895898385,1.5,2027,low,Z0,0.8447650468333716,0.7987176827702065,0.0003,0.001,0.005,1.0,0.82001953125,0.74580078125,1089.0,-0.8,1.8,0.9609375,0.9384765625,,,,,-3.7881853010148845,False,"diagnostic time, not official t=1.0; relative error improvement -3.788 < 0.100"
time_window,MPF23_postselected,MPF_postselected,"2,3",4096,8192,2,6862.0,0.822998046875,0.9539526359368348,0.9507238216744316,0.003228814262403179,0.007298976895939428,1092,6.32766895898385,1.5,2027,low,Z0,0.8447650468333716,0.7987176827702065,0.0003,0.001,0.005,1.0,0.8535553346015576,0.804279156275989,546.0,-0.8,1.8,,,0.9988541965052994,0.9721150993770394,0.852294921875,0.822998046875,0.5377412884195739,False,"diagnostic time, not official t=1.0"
time_window,baseline_ST2_k2_raw,none,2,8192,8192,1,8192.0,1.0,0.9539526359368348,0.969482421875,0.01552978593816523,0.0027086701089653227,151,8.032874208001886,1.5,2027,low,Z0,0.8447650468333716,0.7987176827702065,0.0003,0.001,0.005,1.0,0.958251953125,0.93359375,,,,,,,,,,0.0,False,"diagnostic time, not official t=1.0; baseline/control"
time_window,baseline_ST2_k3_raw_control,none_control,3,8192,8192,1,8192.0,1.0,0.9539526359368348,0.940673828125,0.01327880781183477,0.003748905261440999,288,8.032874208001886,1.5,2027,low,Z0,0.8447650468333716,0.7987176827702065,0.0003,0.001,0.005,1.0,0.8642578125,0.815673828125,,,,,,,,,,0.14494585664561987,False,"diagnostic time, not official t=1.0; baseline/control"
time_window,postselection_ST2_k2_weight1,postselection,2,8192,8192,1,7051.0,0.8607177734375,0.9539526359368348,0.9980144660331868,0.044061830096352006,0.000750088690306826,12,8.032874208001886,1.5,2027,low,Z0,0.8447650468333716,0.7987176827702065,0.0003,0.001,0.005,1.0,0.9900723301659339,0.9880867961991207,,,,,,,,,,-1.8372464547671479,False,"diagnostic time, not official t=1.0; relative error improvement -1.837 < 0.100"
time_window,MPF23_raw,MPF,"2,3",8192,16384,2,16384.0,1.0,0.9539526359368348,0.9176269531250001,0.03632568281183468,0.007087419399322424,2058,8.032874208001886,1.5,2027,low,Z0,0.8447650468333716,0.7987176827702065,0.0003,0.001,0.005,1.0,0.7890625,0.721337890625,1029.0,-0.8,1.8,0.969482421875,0.940673828125,,,,,-1.3390974580378785,False,"diagnostic time, not official t=1.0; relative error improvement -1.339 < 0.100"
time_window,MPF23_postselected,MPF_postselected,"2,3",8192,16384,2,13874.0,0.8328857421875,0.9539526359368348,0.9625440185555405,0.008591382618705734,0.00455384941591987,850,8.032874208001886,1.5,2027,low,Z0,0.8447650468333716,0.7987176827702065,0.0003,0.001,0.005,1.0,0.8311870427996872,0.7937310613552278,425.0,-0.8,1.8,,,0.9980144660331868,0.9783086618789388,0.8607177734375,0.8328857421875,0.44678035789328047,False,"diagnostic time, not official t=1.0"
time_window,baseline_ST2_k2_raw,none,2,4096,4096,1,4096.0,1.0,0.9271155626310368,0.83203125,0.09508431263103678,0.00866763690108679,770,6.325385500007542,2.0,2027,low,Z0,0.9098451346141808,0.8369606972452175,0.0003,0.001,0.005,1.0,0.8955078125,0.73828125,,,,,,,,,,0.0,False,"diagnostic time, not official t=1.0; baseline/control"
time_window,baseline_ST2_k3_raw_control,none_control,3,4096,4096,1,4096.0,1.0,0.9271155626310368,0.9248046875,0.0023108751310367825,0.005944409835754667,362,6.325385500007542,2.0,2027,low,Z0,0.9098451346141808,0.8369606972452175,0.0003,0.001,0.005,1.0,0.92333984375,0.85498046875,,,,,,,,,,0.9756965679501323,False,"diagnostic time, not official t=1.0; baseline/control"
time_window,postselection_ST2_k2_weight1,postselection,2,4096,4096,1,3482.0,0.85009765625,0.9271155626310368,0.8627225732337737,0.06439298939726312,0.008569574729097832,753,6.325385500007542,2.0,2027,low,Z0,0.9098451346141808,0.8369606972452175,0.0003,0.001,0.005,1.0,0.9322228604250431,0.7949454336588168,,,,,,,,,,0.3227800925781274,False,"diagnostic time, not official t=1.0"
time_window,MPF23_raw,MPF,"2,3",4096,8192,2,8192.0,1.0,0.9271155626310368,0.9990234375000001,0.07190787486896333,0.012750315357847533,3330,6.325385500007542,2.0,2027,low,Z0,0.9098451346141808,0.8369606972452175,0.0003,0.001,0.005,1.0,0.9456054687500001,0.94833984375,1665.0,-0.8,1.8,0.83203125,0.9248046875,,,,,0.24374617768976076,False,"diagnostic time, not official t=1.0"
time_window,MPF23_postselected,MPF_postselected,"2,3",4096,8192,2,6864.0,0.82568359375,0.9271155626310368,1.0363742773089006,0.10925871467786386,0.011116969513420796,2532,6.325385500007542,2.0,2027,low,Z0,0.9098451346141808,0.8369606972452175,0.0003,0.001,0.005,1.0,0.9935475543565948,1.0299218316654952,1266.0,-0.8,1.8,,,0.8627225732337737,0.9591957421643997,0.85009765625,0.82568359375,-0.14907193052790035,False,"diagnostic time, not official t=1.0; relative error improvement -0.149 < 0.100"
time_window,baseline_ST2_k2_raw,none,2,8192,8192,1,8192.0,1.0,0.9271155626310368,0.8427734375,0.08434212513103678,0.005947082450939754,725,8.07242154199048,2.0,2027,low,Z0,0.9098451346141808,0.8369606972452175,0.0003,0.001,0.005,1.0,0.904052734375,0.755126953125,,,,,,,,,,0.0,False,"diagnostic time, not official t=1.0; baseline/control"
time_window,baseline_ST2_k3_raw_control,none_control,3,8192,8192,1,8192.0,1.0,0.9271155626310368,0.9296875,0.0025719373689632175,0.0040697224311937626,340,8.07242154199048,2.0,2027,low,Z0,0.9098451346141808,0.8369606972452175,0.0003,0.001,0.005,1.0,0.921875,0.859375,,,,,,,,,,0.9695058979724857,False,"diagnostic time, not official t=1.0; baseline/control"
time_window,postselection_ST2_k2_weight1,postselection,2,8192,8192,1,7028.0,0.85791015625,0.9271155626310368,0.8702333523050655,0.056882210325971294,0.005876429972086023,708,8.07242154199048,2.0,2027,low,Z0,0.9098451346141808,0.8369606972452175,0.0003,0.001,0.005,1.0,0.9351166761525327,0.8053500284575982,,,,,,,,,,0.32557769634572087,False,"diagnostic time, not official t=1.0"
time_window,MPF23_raw,MPF,"2,3",8192,16384,2,16384.0,1.0,0.9271155626310368,0.99921875,0.07210318736896326,0.008734892166194852,3126,8.07242154199048,2.0,2027,low,Z0,0.9098451346141808,0.8369606972452175,0.0003,0.001,0.005,1.0,0.9361328125,0.9427734375,1563.0,-0.8,1.8,0.8427734375,0.9296875,,,,,0.14511061635047365,False,"diagnostic time, not official t=1.0"
time_window,MPF23_postselected,MPF_postselected,"2,3",8192,16384,2,13816.0,0.82861328125,0.9271155626310368,1.0454750741960184,0.11835951156498159,0.007248374235478916,2152,8.07242154199048,2.0,2027,low,Z0,0.9098451346141808,0.8369606972452175,0.0003,0.001,0.005,1.0,0.9808400709813326,1.0263151451773511,1076.0,-0.8,1.8,,,0.8702333523050655,0.9675898644667059,0.85791015625,0.82861328125,-0.4033261716027933,False,"diagnostic time, not official t=1.0; relative error improvement -0.403 < 0.100"
time_window,baseline_ST2_k2_raw,none,2,4096,4096,1,4096.0,1.0,-0.17105499903038957,-0.15771484375,0.013340155280389565,0.01542944840052809,2438,6.290274250000948,0.25,2028,low,Z0,0.6127109639921351,-0.5583440350382545,0.0003,0.001,0.005,1.0,0.58203125,-0.52783203125,,,,,,,,,,0.0,False,"diagnostic time, not official t=1.0; baseline/control"
time_window,baseline_ST2_k3_raw_control,none_control,3,4096,4096,1,4096.0,1.0,-0.17105499903038957,-0.1904296875,0.019374688469610435,0.015339075584110719,2410,6.290274250000948,0.25,2028,low,Z0,0.6127109639921351,-0.5583440350382545,0.0003,0.001,0.005,1.0,0.60498046875,-0.52978515625,,,,,,,,,,-0.4523585417399014,False,"diagnostic time, not official t=1.0; baseline/control"
time_window,postselection_ST2_k2_weight1,postselection,2,4096,4096,1,3494.0,0.85302734375,-0.17105499903038957,-0.15569547796222094,0.015359521068168625,0.016711283785657303,2860,6.290274250000948,0.25,2028,low,Z0,0.6127109639921351,-0.5583440350382545,0.0003,0.001,0.005,1.0,0.5993131081854608,-0.5563823697767601,,,,,,,,,,-0.15137498367410976,False,"diagnostic time, not official t=1.0; relative error improvement -0.151 < 0.100"
time_window,MPF23_raw,MPF,"2,3",4096,8192,2,8192.0,1.0,-0.17105499903038957,-0.21660156249999998,0.04554656346961042,0.030243910110230744,18734,6.290274250000948,0.25,2028,low,Z0,0.6127109639921351,-0.5583440350382545,0.0003,0.001,0.005,1.0,0.6233398437500002,-0.5313476562499999,9367.0,-0.8,1.8,-0.15771484375,-0.1904296875,,,,,-2.4142453751318214,False,"diagnostic time, not official t=1.0; relative error improvement -2.414 < 0.100"
time_window,MPF23_postselected,MPF_postselected,"2,3",4096,8192,2,6857.0,0.821044921875,-0.17105499903038957,-0.21638920192995562,0.04533420289956605,0.03328048771341109,22684,6.290274250000948,0.25,2028,low,Z0,0.6127109639921351,-0.5583440350382545,0.0003,0.001,0.005,1.0,0.6440107088129161,-0.5723784931170396,11342.0,-0.8,1.8,,,-0.15569547796222094,-0.18941421349985132,0.85302734375,0.821044921875,-2.3983264772194004,False,"diagnostic time, not official t=1.0; relative error improvement -2.398 < 0.100; target-SE shot estimate 22684 > budget 20000"
time_window,baseline_ST2_k2_raw,none,2,8192,8192,1,8192.0,1.0,-0.17105499903038957,-0.183837890625,0.012782891594610435,0.01086023844347533,2416,8.050462082988815,0.25,2028,low,Z0,0.6127109639921351,-0.5583440350382545,0.0003,0.001,0.005,1.0,0.605712890625,-0.53857421875,,,,,,,,,,0.0,False,"diagnostic time, not official t=1.0; baseline/control"
time_window,baseline_ST2_k3_raw_control,none_control,3,8192,8192,1,8192.0,1.0,-0.17105499903038957,-0.189697265625,0.018642266594610435,0.010847930949519666,2411,8.050462082988815,0.25,2028,low,Z0,0.6127109639921351,-0.5583440350382545,0.0003,0.001,0.005,1.0,0.610107421875,-0.5302734375,,,,,,,,,,-0.4583763350125295,False,"diagnostic time, not official t=1.0; baseline/control"
time_window,postselection_ST2_k2_weight1,postselection,2,8192,8192,1,7102.0,0.866943359375,-0.17105499903038957,-0.18304702900591382,0.01199202997552426,0.011665656891670534,2788,8.050462082988815,0.25,2028,low,Z0,0.6127109639921351,-0.5583440350382545,0.0003,0.001,0.005,1.0,0.6248943959448042,-0.5581526330611095,,,,,,,,,,0.06186875741163453,False,"diagnostic time, not official t=1.0; relative error improvement 0.062 < 0.100"
time_window,MPF23_raw,MPF,"2,3",8192,16384,2,16384.0,1.0,-0.17105499903038957,-0.19438476562500004,0.023329766594610474,0.021371946604383525,18710,8.050462082988815,0.25,2028,low,Z0,0.6127109639921351,-0.5583440350382545,0.0003,0.001,0.005,1.0,0.6136230468749999,-0.5236328124999999,9355.0,-0.8,1.8,-0.183837890625,-0.189697265625,,,,,-0.8250774030225562,False,"diagnostic time, not official t=1.0; relative error improvement -0.825 < 0.100"
time_window,MPF23_postselected,MPF_postselected,"2,3",8192,16384,2,13940.0,0.834716796875,-0.17105499903038957,-0.18997653298128828,0.01892153395089871,0.023331694558369892,22298,8.050462082988815,0.25,2028,low,Z0,0.6127109639921351,-0.5583440350382545,0.0003,0.001,0.005,1.0,0.634626747063987,-0.5553497859173013,11149.0,-0.8,1.8,,,-0.18304702900591382,-0.1868967534366774,0.866943359375,0.834716796875,-0.48022329774559547,False,"diagnostic time, not official t=1.0; relative error improvement -0.480 < 0.100; target-SE shot estimate 22298 > budget 20000"
time_window,baseline_ST2_k2_raw,none,2,4096,4096,1,4096.0,1.0,0.8997458345693597,0.84130859375,0.05843724081935975,0.008446173928118153,731,6.389715917001013,0.5,2028,low,Z0,0.334777045048253,0.23452287961761276,0.0003,0.001,0.005,1.0,0.375,0.24560546875,,,,,,,,,,0.0,False,"diagnostic time, not official t=1.0; baseline/control"
time_window,baseline_ST2_k3_raw_control,none_control,3,4096,4096,1,4096.0,1.0,0.8997458345693597,0.83447265625,0.06527317831935975,0.008610146091419883,760,6.389715917001013,0.5,2028,low,Z0,0.334777045048253,0.23452287961761276,0.0003,0.001,0.005,1.0,0.36328125,0.23583984375,,,,,,,,,,-0.11697912844877703,False,"diagnostic time, not official t=1.0; baseline/control"
time_window,postselection_ST2_k2_weight1,postselection,2,4096,4096,1,3496.0,0.853515625,0.8997458345693597,0.8735697940503433,0.026176040519016452,0.0082314178588192,694,6.389715917001013,0.5,2028,low,Z0,0.334777045048253,0.23452287961761276,0.0003,0.001,0.005,1.0,0.38672768878718533,0.2602974828375286,,,,,,,,,,0.5520657691568395,False,"diagnostic time, not official t=1.0"
time_window,MPF23_raw,MPF,"2,3",4096,8192,2,8192.0,1.0,0.8997458345693597,0.8290039062500001,0.07074192831935966,0.016907169529341577,5856,6.389715917001013,0.5,2028,low,Z0,0.334777045048253,0.23452287961761276,0.0003,0.001,0.005,1.0,0.35390625,0.22802734374999997,2928.0,-0.8,1.8,0.84130859375,0.83447265625,,,,,-0.21056243120779713,False,"diagnostic time, not official t=1.0; relative error improvement -0.211 < 0.100"
time_window,MPF23_postselected,MPF_postselected,"2,3",4096,8192,2,6863.0,0.822021484375,0.8997458345693597,0.8701967338122945,0.029549100757065294,0.016566599325902195,5622,6.389715917001013,0.5,2028,low,Z0,0.334777045048253,0.23452287961761276,0.0003,0.001,0.005,1.0,0.38399474234714503,0.2541914761594395,2811.0,-0.8,1.8,,,0.8735697940503433,0.8716958716958717,0.853515625,0.822021484375,0.49434469624589233,False,"diagnostic time, not official t=1.0"
time_window,baseline_ST2_k2_raw,none,2,8192,8192,1,8192.0,1.0,0.8997458345693597,0.8544921875,0.04525364706935975,0.005739323281211212,675,8.169617707986617,0.5,2028,low,Z0,0.334777045048253,0.23452287961761276,0.0003,0.001,0.005,1.0,0.364501953125,0.245361328125,,,,,,,,,,0.0,False,"diagnostic time, not official t=1.0; baseline/control"
time_window,baseline_ST2_k3_raw_control,none_control,3,8192,8192,1,8192.0,1.0,0.8997458345693597,0.85205078125,0.04769505331935975,0.005783461002158176,686,8.169617707986617,0.5,2028,low,Z0,0.334777045048253,0.23452287961761276,0.0003,0.001,0.005,1.0,0.32958984375,0.21240234375,,,,,,,,,,-0.05394938105779816,False,"diagnostic time, not official t=1.0; baseline/control"
time_window,postselection_ST2_k2_weight1,postselection,2,8192,8192,1,7071.0,0.8631591796875,0.8997458345693597,0.881770612360345,0.017975222209014707,0.005609260924088362,645,8.169617707986617,0.5,2028,low,Z0,0.334777045048253,0.23452287961761276,0.0003,0.001,0.005,1.0,0.38283128270400224,0.26460189506434734,,,,,,,,,,0.6027895346984015,False,"diagnostic time, not official t=1.0"
time_window,MPF23_raw,MPF,"2,3",8192,16384,2,16384.0,1.0,0.8997458345693597,0.85009765625,0.04964817831935975,0.01137780193510555,5304,8.169617707986617,0.5,2028,low,Z0,0.334777045048253,0.23452287961761276,0.0003,0.001,0.005,1.0,0.30166015625,0.18603515625,2652.0,-0.8,1.8,0.8544921875,0.85205078125,,,,,-0.09710888590403668,False,"diagnostic time, not official t=1.0; relative error improvement -0.097 < 0.100"
time_window,MPF23_postselected,MPF_postselected,"2,3",8192,16384,2,13866.0,0.8294677734375,0.8997458345693597,0.892199404151459,0.007546430417900707,0.01101509609547906,4970,8.169617707986617,0.5,2028,low,Z0,0.334777045048253,0.23452287961761276,0.0003,0.001,0.005,1.0,0.3175760334394472,0.20977543759090622,2485.0,-0.8,1.8,,,0.881770612360345,0.8875643855776306,0.8631591796875,0.8294677734375,0.833241497501088,False,"diagnostic time, not official t=1.0"
time_window,baseline_ST2_k2_raw,none,2,4096,4096,1,4096.0,1.0,0.8647464349484324,0.87939453125,0.014648096301567604,0.0074389648374902405,567,6.305995417002123,0.75,2028,low,Z0,0.7700804422901781,0.6348268772386105,0.0003,0.001,0.005,1.0,0.78662109375,0.68359375,,,,,,,,,,0.0,False,"diagnostic time, not official t=1.0; baseline/control"
time_window,baseline_ST2_k3_raw_control,none_control,3,4096,4096,1,4096.0,1.0,0.8647464349484324,0.82861328125,0.036133153698432396,0.008747209796983742,784,6.305995417002123,0.75,2028,low,Z0,0.7700804422901781,0.6348268772386105,0.0003,0.001,0.005,1.0,0.75390625,0.60791015625,,,,,,,,,,-1.4667474158103067,False,"diagnostic time, not official t=1.0; baseline/control"
time_window,postselection_ST2_k2_weight1,postselection,2,4096,4096,1,3499.0,0.854248046875,0.8647464349484324,0.9091168905401543,0.044370455591721925,0.007041835531455725,508,6.305995417002123,0.75,2028,low,Z0,0.7700804422901781,0.6348268772386105,0.0003,0.001,0.005,1.0,0.8199485567304944,0.7290654472706487,,,,,,,,,,-2.029093656830581,False,"diagnostic time, not official t=1.0; relative error improvement -2.029 < 0.100"
time_window,MPF23_raw,MPF,"2,3",4096,8192,2,8192.0,1.0,0.8647464349484324,0.7879882812499999,0.07675815369843253,0.016832134960821785,5804,6.305995417002123,0.75,2028,low,Z0,0.7700804422901781,0.6348268772386105,0.0003,0.001,0.005,1.0,0.727734375,0.54736328125,2902.0,-0.8,1.8,0.87939453125,0.82861328125,,,,,-4.240145348458561,False,"diagnostic time, not official t=1.0; relative error improvement -4.240 < 0.100"
time_window,MPF23_postselected,MPF_postselected,"2,3",4096,8192,2,6869.0,0.82275390625,0.8647464349484324,0.831282155223663,0.0334642797247694,0.016502783645124152,5578,6.305995417002123,0.75,2028,low,Z0,0.7700804422901781,0.6348268772386105,0.0003,0.001,0.005,1.0,0.7637444187105601,0.5950265739342229,2789.0,-0.8,1.8,,,0.9091168905401543,0.8658753709198813,0.854248046875,0.82275390625,-1.2845480419997055,False,"diagnostic time, not official t=1.0; relative error improvement -1.285 < 0.100"
time_window,baseline_ST2_k2_raw,none,2,8192,8192,1,8192.0,1.0,0.8647464349484324,0.877197265625,0.012450830676567604,0.005304738783579692,577,7.974655832978897,0.75,2028,low,Z0,0.7700804422901781,0.6348268772386105,0.0003,0.001,0.005,1.0,0.771728515625,0.6689453125,,,,,,,,,,0.0,False,"diagnostic time, not official t=1.0; baseline/control"
time_window,baseline_ST2_k3_raw_control,none_control,3,8192,8192,1,8192.0,1.0,0.8647464349484324,0.851806640625,0.012939794323432396,0.005787849347700218,687,7.974655832978897,0.75,2028,low,Z0,0.7700804422901781,0.6348268772386105,0.0003,0.001,0.005,1.0,0.744384765625,0.615234375,,,,,,,,,,-0.03927156826451907,False,"diagnostic time, not official t=1.0; baseline/control"
time_window,postselection_ST2_k2_weight1,postselection,2,8192,8192,1,7064.0,0.8623046875,0.8647464349484324,0.9113816534541337,0.04663521850570129,0.0048967753757817025,492,7.974655832978897,0.75,2028,low,Z0,0.7700804422901781,0.6348268772386105,0.0003,0.001,0.005,1.0,0.8012457531143827,0.7126274065685164,,,,,,,,,,-2.7455507762601354,False,"diagnostic time, not official t=1.0; relative error improvement -2.746 < 0.100"
time_window,MPF23_raw,MPF,"2,3",8192,16384,2,16384.0,1.0,0.8647464349484324,0.8314941406249999,0.03325229432343246,0.011249318668786682,5184,7.974655832978897,0.75,2028,low,Z0,0.7700804422901781,0.6348268772386105,0.0003,0.001,0.005,1.0,0.7225097656249999,0.572265625,2592.0,-0.8,1.8,0.877197265625,0.851806640625,,,,,-1.6706888228761396,False,"diagnostic time, not official t=1.0; relative error improvement -1.671 < 0.100"
time_window,MPF23_postselected,MPF_postselected,"2,3",8192,16384,2,13944.0,0.83984375,0.8647464349484324,0.8668249097948327,0.0020784748464003355,0.010773759733236216,4756,7.974655832978897,0.75,2028,low,Z0,0.7700804422901781,0.6348268772386105,0.0003,0.001,0.005,1.0,0.7566196765782612,0.623444586373094,2378.0,-0.8,1.8,,,0.9113816534541337,0.8866279069767442,0.8623046875,0.83984375,0.8330653672520008,False,"diagnostic time, not official t=1.0"
time_window,baseline_ST2_k2_raw,none,2,4096,4096,1,4096.0,1.0,0.6845639601747561,0.7578125,0.07324853982524393,0.010194881035455362,1065,6.345524708012817,1.0,2028,low,Z0,0.9912671465636668,0.6758311067384228,0.0003,0.001,0.005,1.0,0.94287109375,0.71533203125,,,,,,,,,,0.0,False,baseline/control
time_window,baseline_ST2_k3_raw_control,none_control,3,4096,4096,1,4096.0,1.0,0.6845639601747561,0.66650390625,0.01806005392475607,0.011648461529082057,1390,6.345524708012817,1.0,2028,low,Z0,0.9912671465636668,0.6758311067384228,0.0003,0.001,0.005,1.0,0.93896484375,0.626953125,,,,,,,,,,0.753441447872631,False,baseline/control
time_window,postselection_ST2_k2_weight1,postselection,2,4096,4096,1,3497.0,0.853759765625,0.6845639601747561,0.7820989419502431,0.09753498177548703,0.010537746808819245,1138,6.345524708012817,1.0,2028,low,Z0,0.9912671465636668,0.6758311067384228,0.0003,0.001,0.005,1.0,0.9839862739490992,0.7660852158993423,,,,,,,,,,-0.3315621309064398,False,relative error improvement -0.332 < 0.100
time_window,MPF23_raw,MPF,"2,3",4096,8192,2,8192.0,1.0,0.6845639601747561,0.5934570312499999,0.09110692892475614,0.022497634297666304,10366,6.345524708012817,1.0,2028,low,Z0,0.9912671465636668,0.6758311067384228,0.0003,0.001,0.005,1.0,0.93583984375,0.5562500000000001,5183.0,-0.8,1.8,0.7578125,0.66650390625,,,,,-0.2438053938292651,False,relative error improvement -0.244 < 0.100
time_window,MPF23_postselected,MPF_postselected,"2,3",4096,8192,2,6880.0,0.825927734375,0.6845639601747561,0.6262865573472841,0.05827740282747196,0.023779741571239996,11582,6.345524708012817,1.0,2028,low,Z0,0.9912671465636668,0.6758311067384228,0.0003,0.001,0.005,1.0,0.9830149418220981,0.6093014991693823,5791.0,-0.8,1.8,,,0.7820989419502431,0.6955365060597103,0.853759765625,0.825927734375,0.2043881971366262,True,ready
time_window,baseline_ST2_k2_raw,none,2,8192,8192,1,8192.0,1.0,0.6845639601747561,0.754638671875,0.07007471170024393,0.0072493978308547785,1077,8.08261375001166,1.0,2028,low,Z0,0.9912671465636668,0.6758311067384228,0.0003,0.001,0.005,1.0,0.955810546875,0.72509765625,,,,,,,,,,0.0,False,baseline/control
time_window,baseline_ST2_k3_raw_control,none_control,3,8192,8192,1,8192.0,1.0,0.6845639601747561,0.6806640625,0.00389989767475607,0.008094115233833691,1342,8.08261375001166,1.0,2028,low,Z0,0.9912671465636668,0.6758311067384228,0.0003,0.001,0.005,1.0,0.947265625,0.650390625,,,,,,,,,,0.9443465755315766,False,baseline/control
time_window,postselection_ST2_k2_weight1,postselection,2,8192,8192,1,7061.0,0.8619384765625,0.6845639601747561,0.7787848746636453,0.09422091448888925,0.007465106660139819,1142,8.08261375001166,1.0,2028,low,Z0,0.9912671465636668,0.6758311067384228,0.0003,0.001,0.005,1.0,0.9883869140348392,0.7671717886984847,,,,,,,,,,-0.3445779825956996,False,relative error improvement -0.345 < 0.100
time_window,MPF23_raw,MPF,"2,3",8192,16384,2,16384.0,1.0,0.6845639601747561,0.6214843750000001,0.06307958517475598,0.015681264129482547,10074,8.08261375001166,1.0,2028,low,Z0,0.9912671465636668,0.6758311067384228,0.0003,0.001,0.005,1.0,0.9404296875,0.590625,5037.0,-0.8,1.8,0.754638671875,0.6806640625,,,,,0.09982383595683918,False,relative error improvement 0.100 < 0.100
time_window,MPF23_postselected,MPF_postselected,"2,3",8192,16384,2,13881.0,0.83251953125,0.6845639601747561,0.6670600768086731,0.017503883366082995,0.016331041051185748,10926,8.08261375001166,1.0,2028,low,Z0,0.9912671465636668,0.6758311067384228,0.0003,0.001,0.005,1.0,0.9892318177457357,0.6562918945544087,5463.0,-0.8,1.8,,,0.7787848746636453,0.7167155425219941,0.8619384765625,0.83251953125,0.750211125506178,True,ready
time_window,baseline_ST2_k2_raw,none,2,4096,4096,1,4096.0,1.0,0.9370271010898633,0.90771484375,0.029312257339863312,0.006556056405698882,441,6.320865000016056,1.25,2028,low,Z0,0.7849436925151991,0.7219707936050624,0.0003,0.001,0.005,1.0,0.87451171875,0.7900390625,,,,,,,,,,0.0,False,"diagnostic time, not official t=1.0; baseline/control"
time_window,baseline_ST2_k3_raw_control,none_control,3,4096,4096,1,4096.0,1.0,0.9370271010898633,0.89404296875,0.04298413233986331,0.006999706502438856,502,6.320865000016056,1.25,2028,low,Z0,0.7849436925151991,0.7219707936050624,0.0003,0.001,0.005,1.0,0.81298828125,0.7236328125,,,,,,,,,,-0.4664217716663835,False,"diagnostic time, not official t=1.0; baseline/control"
time_window,postselection_ST2_k2_weight1,postselection,2,4096,4096,1,3505.0,0.855712890625,0.9370271010898633,0.9389443651925821,0.001917264102718752,0.00581167792519186,346,6.320865000016056,1.25,2028,low,Z0,0.7849436925151991,0.7219707936050624,0.0003,0.001,0.005,1.0,0.9069900142653352,0.8459343794579173,,,,,,,,,,0.9345917279420387,False,"diagnostic time, not official t=1.0"
time_window,MPF23_raw,MPF,"2,3",4096,8192,2,8192.0,1.0,0.9370271010898633,0.8831054687500001,0.053921632339863246,0.013647530458303955,3816,6.320865000016056,1.25,2028,low,Z0,0.7849436925151991,0.7219707936050624,0.0003,0.001,0.005,1.0,0.7637695312499999,0.6705078124999999,1908.0,-0.8,1.8,0.90771484375,0.89404296875,,,,,-0.839559188999488,False,"diagnostic time, not official t=1.0; relative error improvement -0.840 < 0.100"
time_window,MPF23_postselected,MPF_postselected,"2,3",4096,8192,2,6876.0,0.822998046875,0.9370271010898633,0.9206926241319029,0.01633447695796042,0.012393631765325923,3146,6.320865000016056,1.25,2028,low,Z0,0.7849436925151991,0.7219707936050624,0.0003,0.001,0.005,1.0,0.798881438602564,0.7195740627344672,1573.0,-0.8,1.8,,,0.9389443651925821,0.9288045090477604,0.855712890625,0.822998046875,0.44274244154692627,False,"diagnostic time, not official t=1.0"
time_window,baseline_ST2_k2_raw,none,2,8192,8192,1,8192.0,1.0,0.9370271010898633,0.91796875,0.019058351089863312,0.004382434726692503,394,8.17668049997883,1.25,2028,low,Z0,0.7849436925151991,0.7219707936050624,0.0003,0.001,0.005,1.0,0.88037109375,0.80712890625,,,,,,,,,,0.0,False,"diagnostic time, not official t=1.0; baseline/control"
time_window,baseline_ST2_k3_raw_control,none_control,3,8192,8192,1,8192.0,1.0,0.9370271010898633,0.8994140625,0.03761303858986331,0.004829292235742105,478,8.17668049997883,1.25,2028,low,Z0,0.7849436925151991,0.7219707936050624,0.0003,0.001,0.005,1.0,0.7880859375,0.70703125,,,,,,,,,,-0.973572551608035,False,"diagnostic time, not official t=1.0; baseline/control"
time_window,postselection_ST2_k2_weight1,postselection,2,8192,8192,1,7093.0,0.8658447265625,0.9370271010898633,0.9458621175807134,0.008835016490850056,0.0038538222867959405,305,8.17668049997883,1.25,2028,low,Z0,0.7849436925151991,0.7219707936050624,0.0003,0.001,0.005,1.0,0.9058226420414494,0.8516847596221627,,,,,,,,,,0.536422828544218,False,"diagnostic time, not official t=1.0"
time_window,MPF23_raw,MPF,"2,3",8192,16384,2,16384.0,1.0,0.9370271010898633,0.8845703125,0.05245678858986336,0.009373108106692559,3600,8.17668049997883,1.25,2028,low,Z0,0.7849436925151991,0.7219707936050624,0.0003,0.001,0.005,1.0,0.7142578125000001,0.626953125,1800.0,-0.8,1.8,0.91796875,0.8994140625,,,,,-1.7524305928944655,False,"diagnostic time, not official t=1.0; relative error improvement -1.752 < 0.100"
time_window,MPF23_postselected,MPF_postselected,"2,3",8192,16384,2,13914.0,0.8326416015625,0.9370271010898633,0.938809499602047,0.0017823985121836472,0.007940898869356205,2584,8.17668049997883,1.25,2028,low,Z0,0.7849436925151991,0.7219707936050624,0.0003,0.001,0.005,1.0,0.7607839036663566,0.6995934032684039,1292.0,-0.8,1.8,,,0.9458621175807134,0.9419439964814543,0.8658447265625,0.8326416015625,0.9064767721100666,False,"diagnostic time, not official t=1.0"
time_window,baseline_ST2_k2_raw,none,2,4096,4096,1,4096.0,1.0,0.9539526359368348,0.9609375,0.00698486406316523,0.004324460347636316,192,6.325010208005551,1.5,2028,low,Z0,0.8447650468333716,0.7987176827702065,0.0003,0.001,0.005,1.0,0.94482421875,0.91455078125,,,,,,,,,,0.0,False,"diagnostic time, not official t=1.0; baseline/control"
time_window,baseline_ST2_k3_raw_control,none_control,3,4096,4096,1,4096.0,1.0,0.9539526359368348,0.93896484375,0.01498779218683477,0.005375204897110656,296,6.325010208005551,1.5,2028,low,Z0,0.8447650468333716,0.7987176827702065,0.0003,0.001,0.005,1.0,0.87548828125,0.8212890625,,,,,,,,,,-1.1457528809863433,False,"diagnostic time, not official t=1.0; baseline/control"
time_window,postselection_ST2_k2_weight1,postselection,2,4096,4096,1,3491.0,0.852294921875,0.9539526359368348,0.9988541965052994,0.044901560568464616,0.0008099733037095042,7,6.325010208005551,1.5,2028,low,Z0,0.8447650468333716,0.7987176827702065,0.0003,0.001,0.005,1.0,0.9868232598109424,0.9856774563162418,,,,,,,,,,-5.428408650821648,False,"diagnostic time, not official t=1.0; relative error improvement -5.428 < 0.100"
time_window,MPF23_raw,MPF,"2,3",4096,8192,2,8192.0,1.0,0.9539526359368348,0.92138671875,0.03256591718683477,0.010275279771046964,2164,6.325010208005551,1.5,2028,low,Z0,0.8447650468333716,0.7987176827702065,0.0003,0.001,0.005,1.0,0.82001953125,0.7466796874999999,1082.0,-0.8,1.8,0.9609375,0.93896484375,,,,,-3.662355185775418,False,"diagnostic time, not official t=1.0; relative error improvement -3.662 < 0.100"
time_window,MPF23_postselected,MPF_postselected,"2,3",4096,8192,2,6862.0,0.822998046875,0.9539526359368348,0.9517917540387151,0.002160881898119693,0.007222606733751016,1070,6.325010208005551,1.5,2028,low,Z0,0.8447650468333716,0.7987176827702065,0.0003,0.001,0.005,1.0,0.8535553346015576,0.8053470886402727,535.0,-0.8,1.8,,,0.9988541965052994,0.9727083951349748,0.852294921875,0.822998046875,0.6906336503361417,False,"diagnostic time, not official t=1.0"
time_window,baseline_ST2_k2_raw,none,2,8192,8192,1,8192.0,1.0,0.9539526359368348,0.96533203125,0.01137939531316523,0.0028839464538671787,171,8.124007458012784,1.5,2028,low,Z0,0.8447650468333716,0.7987176827702065,0.0003,0.001,0.005,1.0,0.958740234375,0.927978515625,,,,,,,,,,0.0,False,"diagnostic time, not official t=1.0; baseline/control"
time_window,baseline_ST2_k3_raw_control,none_control,3,8192,8192,1,8192.0,1.0,0.9539526359368348,0.935302734375,0.01864990156183477,0.003909511061759832,314,8.124007458012784,1.5,2028,low,Z0,0.8447650468333716,0.7987176827702065,0.0003,0.001,0.005,1.0,0.866943359375,0.81494140625,,,,,,,,,,-0.6389185056483652,False,"diagnostic time, not official t=1.0; baseline/control"
time_window,postselection_ST2_k2_weight1,postselection,2,8192,8192,1,7024.0,0.857421875,0.9539526359368348,0.9982915717539863,0.04433893581715154,0.0006971649558379803,10,8.124007458012784,1.5,2028,low,Z0,0.8447650468333716,0.7987176827702065,0.0003,0.001,0.005,1.0,0.9891799544419134,0.9874715261958997,,,,,,,,,,-2.8964228411903603,False,"diagnostic time, not official t=1.0; relative error improvement -2.896 < 0.100"
time_window,MPF23_raw,MPF,"2,3",8192,16384,2,16384.0,1.0,0.9539526359368348,0.911279296875,0.04267333906183479,0.007405675581563617,2248,8.124007458012784,1.5,2028,low,Z0,0.8447650468333716,0.7987176827702065,0.0003,0.001,0.005,1.0,0.793505859375,0.7245117187500001,1124.0,-0.8,1.8,0.96533203125,0.935302734375,,,,,-2.7500533101670595,False,"diagnostic time, not official t=1.0; relative error improvement -2.750 < 0.100"
time_window,MPF23_postselected,MPF_postselected,"2,3",8192,16384,2,13889.0,0.8380126953125,0.9539526359368348,0.9609880098946988,0.007035373957864022,0.00460957009047402,872,8.124007458012784,1.5,2028,low,Z0,0.8447650468333716,0.7987176827702065,0.0003,0.001,0.005,1.0,0.8377019213699944,0.798689931264693,436.0,-0.8,1.8,,,0.9982915717539863,0.9775673707210488,0.857421875,0.8380126953125,0.38174448077003303,False,"diagnostic time, not official t=1.0"
time_window,baseline_ST2_k2_raw,none,2,4096,4096,1,4096.0,1.0,0.9271155626310368,0.83203125,0.09508431263103678,0.00866763690108679,770,6.349402208987158,2.0,2028,low,Z0,0.9098451346141808,0.8369606972452175,0.0003,0.001,0.005,1.0,0.89501953125,0.73779296875,,,,,,,,,,0.0,False,"diagnostic time, not official t=1.0; baseline/control"
time_window,baseline_ST2_k3_raw_control,none_control,3,4096,4096,1,4096.0,1.0,0.9271155626310368,0.92529296875,0.0018225938810367825,0.00592582985481491,360,6.349402208987158,2.0,2028,low,Z0,0.9098451346141808,0.8369606972452175,0.0003,0.001,0.005,1.0,0.92333984375,0.85546875,,,,,,,,,,0.9808318130446066,False,"diagnostic time, not official t=1.0; baseline/control"
time_window,postselection_ST2_k2_weight1,postselection,2,4096,4096,1,3482.0,0.85009765625,0.9271155626310368,0.8627225732337737,0.06439298939726312,0.008569574729097832,753,6.349402208987158,2.0,2028,low,Z0,0.9098451346141808,0.8369606972452175,0.0003,0.001,0.005,1.0,0.9316484778862723,0.7943710511200459,,,,,,,,,,0.3227800925781274,False,"diagnostic time, not official t=1.0"
time_window,MPF23_raw,MPF,"2,3",4096,8192,2,8192.0,1.0,0.9271155626310368,0.99990234375,0.0727867811189632,0.012722262515937603,3316,6.349402208987158,2.0,2028,low,Z0,0.9098451346141808,0.8369606972452175,0.0003,0.001,0.005,1.0,0.94599609375,0.949609375,1658.0,-0.8,1.8,0.83203125,0.92529296875,,,,,0.23450273651970827,False,"diagnostic time, not official t=1.0"
time_window,MPF23_postselected,MPF_postselected,"2,3",4096,8192,2,6864.0,0.82568359375,0.9271155626310368,1.0374387362089597,0.11032317357792287,0.011067964472958203,2510,6.349402208987158,2.0,2028,low,Z0,0.9098451346141808,0.8369606972452175,0.0003,0.001,0.005,1.0,0.9940070603876116,1.031445796596571,1255.0,-0.8,1.8,,,0.8627225732337737,0.9597871082199881,0.85009765625,0.82568359375,-0.16026682557004596,False,"diagnostic time, not official t=1.0; relative error improvement -0.160 < 0.100"
time_window,baseline_ST2_k2_raw,none,2,8192,8192,1,8192.0,1.0,0.9271155626310368,0.839599609375,0.08751595325603678,0.00600163242703408,738,8.098328291991493,2.0,2028,low,Z0,0.9098451346141808,0.8369606972452175,0.0003,0.001,0.005,1.0,0.8974609375,0.746337890625,,,,,,,,,,0.0,False,"diagnostic time, not official t=1.0; baseline/control"
time_window,baseline_ST2_k3_raw_control,none_control,3,8192,8192,1,8192.0,1.0,0.9271155626310368,0.927001953125,0.00011360950603678255,0.004143828049180635,352,8.098328291991493,2.0,2028,low,Z0,0.9098451346141808,0.8369606972452175,0.0003,0.001,0.005,1.0,0.9326171875,0.867919921875,,,,,,,,,,0.998701842329199,False,"diagnostic time, not official t=1.0; baseline/control"
time_window,postselection_ST2_k2_weight1,postselection,2,8192,8192,1,7069.0,0.8629150390625,0.9271155626310368,0.8656104116565285,0.06150515097450826,0.005955446113569528,727,8.098328291991493,2.0,2028,low,Z0,0.9098451346141808,0.8369606972452175,0.0003,0.001,0.005,1.0,0.9278540104682416,0.7934644221247701,,,,,,,,,,0.29721212320491197,False,"diagnostic time, not official t=1.0"
time_window,MPF23_raw,MPF,"2,3",8192,16384,2,16384.0,1.0,0.9271155626310368,0.996923828125,0.06980826549396324,0.008870602350737864,3224,8.098328291991493,2.0,2028,low,Z0,0.9098451346141808,0.8369606972452175,0.0003,0.001,0.005,1.0,0.9607421875,0.965185546875,1612.0,-0.8,1.8,0.839599609375,0.927001953125,,,,,0.20233668380744146,False,"diagnostic time, not official t=1.0"
time_window,MPF23_postselected,MPF_postselected,"2,3",8192,16384,2,13936.0,0.8382568359375,0.9271155626310368,1.0472233351570839,0.1201077725260471,0.0073331945328489155,2204,8.098328291991493,2.0,2028,low,Z0,0.9098451346141808,0.8369606972452175,0.0003,0.001,0.005,1.0,0.9969042097119075,1.0441275448689913,1102.0,-0.8,1.8,,,0.8656104116565285,0.9665064802679482,0.8629150390625,0.8382568359375,-0.37241003562698616,False,"diagnostic time, not official t=1.0; relative error improvement -0.372 < 0.100"
time_window,baseline_ST2_k2_raw,none,2,4096,4096,1,4096.0,1.0,-0.17105499903038957,-0.15478515625,0.016269842780389565,0.015436689909513197,2441,6.357235000003129,0.25,2026,heron_prior,Z0,0.6127109639921351,-0.5583440350382545,0.0006,0.003,0.01,1.0,0.55517578125,-0.4970703125,,,,,,,,,,0.0,False,"diagnostic time, not official t=1.0; baseline/control"
time_window,baseline_ST2_k3_raw_control,none_control,3,4096,4096,1,4096.0,1.0,-0.17105499903038957,-0.1884765625,0.017421563469610435,0.01534496387596064,2412,6.357235000003129,0.25,2026,heron_prior,Z0,0.6127109639921351,-0.5583440350382545,0.0006,0.003,0.01,1.0,0.57421875,-0.4970703125,,,,,,,,,,-0.07078867969204143,False,"diagnostic time, not official t=1.0; baseline/control"
time_window,postselection_ST2_k2_weight1,postselection,2,4096,4096,1,2818.0,0.68798828125,-0.17105499903038957,-0.14052519517388218,0.030529803856507387,0.018650845412650333,3563,6.357235000003129,0.25,2026,heron_prior,Z0,0.6127109639921351,-0.5583440350382545,0.0006,0.003,0.01,1.0,0.595457771469127,-0.5450674237047551,,,,,,,,,,-0.8764658189141015,False,"diagnostic time, not official t=1.0; relative error improvement -0.876 < 0.100"
time_window,MPF23_raw,MPF,"2,3",4096,8192,2,8192.0,1.0,-0.17105499903038957,-0.21542968750000002,0.04437468846961046,0.030255950522511746,18748,6.357235000003129,0.25,2026,heron_prior,Z0,0.6127109639921351,-0.5583440350382545,0.0006,0.003,0.01,1.0,0.5894531250000001,-0.4970703125,9374.0,-0.8,1.8,-0.15478515625,-0.1884765625,,,,,-1.727419623445676,False,"diagnostic time, not official t=1.0; relative error improvement -1.727 < 0.100"
time_window,MPF23_postselected,MPF_postselected,"2,3",4096,8192,2,5375.0,0.624267578125,-0.17105499903038957,-0.22758766552690915,0.056532666496519585,0.038006909462600116,29584,6.357235000003129,0.25,2026,heron_prior,Z0,0.6127109639921351,-0.5583440350382545,0.0006,0.003,0.01,1.0,0.670368237263494,-0.5572194282634153,14792.0,-0.8,1.8,,,-0.14052519517388218,-0.18889323425889715,0.68798828125,0.624267578125,-2.4746903986472306,False,"diagnostic time, not official t=1.0; relative error improvement -2.475 < 0.100; target-SE shot estimate 29584 > budget 20000"
time_window,baseline_ST2_k2_raw,none,2,8192,8192,1,8192.0,1.0,-0.17105499903038957,-0.162353515625,0.008701483405389565,0.010901958637972707,2435,8.29984875000082,0.25,2026,heron_prior,Z0,0.6127109639921351,-0.5583440350382545,0.0006,0.003,0.01,1.0,0.56787109375,-0.497802734375,,,,,,,,,,0.0,False,"diagnostic time, not official t=1.0; baseline/control"
time_window,baseline_ST2_k3_raw_control,none_control,3,8192,8192,1,8192.0,1.0,-0.17105499903038957,-0.153076171875,0.017978827155389565,0.010918329659755364,2442,8.29984875000082,0.25,2026,heron_prior,Z0,0.6127109639921351,-0.5583440350382545,0.0006,0.003,0.01,1.0,0.5419921875,-0.481201171875,,,,,,,,,,-1.0661795601717468,False,"diagnostic time, not official t=1.0; baseline/control"
time_window,postselection_ST2_k2_weight1,postselection,2,8192,8192,1,5733.0,0.6998291015625,-0.17105499903038957,-0.15157858015000872,0.019476418880380847,0.013054541718770844,3491,8.29984875000082,0.25,2026,heron_prior,Z0,0.6127109639921351,-0.5583440350382545,0.0006,0.003,0.01,1.0,0.6089307517878947,-0.5426478283621141,,,,,,,,,,-1.2382871946083873,False,"diagnostic time, not official t=1.0; relative error improvement -1.238 < 0.100"
time_window,MPF23_raw,MPF,"2,3",8192,16384,2,16384.0,1.0,-0.17105499903038957,-0.14565429687500003,0.025400702155389532,0.02150129945988537,18938,8.29984875000082,0.25,2026,heron_prior,Z0,0.6127109639921351,-0.5583440350382545,0.0006,0.003,0.01,1.0,0.5212890625,-0.46791992187500003,9469.0,-0.8,1.8,-0.162353515625,-0.153076171875,,,,,-1.9191232083091403,False,"diagnostic time, not official t=1.0; relative error improvement -1.919 < 0.100"
time_window,MPF23_postselected,MPF_postselected,"2,3",8192,16384,2,10966.0,0.6387939453125,-0.17105499903038957,-0.1356834381922422,0.03537156083814735,0.0267507165571854,29312,8.29984875000082,0.25,2026,heron_prior,Z0,0.6127109639921351,-0.5583440350382545,0.0006,0.003,0.01,1.0,0.5939561056210889,-0.5417273325711534,14656.0,-0.8,1.8,,,-0.15157858015000872,-0.14274794572902733,0.6998291015625,0.6387939453125,-3.0650035390791817,False,"diagnostic time, not official t=1.0; relative error improvement -3.065 < 0.100; target-SE shot estimate 29312 > budget 20000"
time_window,baseline_ST2_k2_raw,none,2,4096,4096,1,4096.0,1.0,0.8997458345693597,0.78857421875,0.11117161581935975,0.00960843112136271,946,6.368284583993955,0.5,2026,heron_prior,Z0,0.334777045048253,0.23452287961761276,0.0006,0.003,0.01,1.0,0.36669921875,0.2177734375,,,,,,,,,,0.0,False,"diagnostic time, not official t=1.0; baseline/control"
time_window,baseline_ST2_k3_raw_control,none_control,3,4096,4096,1,4096.0,1.0,0.8997458345693597,0.7666015625,0.13314427206935975,0.010033173058130423,1031,6.368284583993955,0.5,2026,heron_prior,Z0,0.334777045048253,0.23452287961761276,0.0006,0.003,0.01,1.0,0.34716796875,0.19970703125,,,,,,,,,,-0.19764627947571503,False,"diagnostic time, not official t=1.0; baseline/control"
time_window,postselection_ST2_k2_weight1,postselection,2,4096,4096,1,2825.0,0.689697265625,0.8997458345693597,0.8683185840707964,0.03142725049856332,0.00933208067661183,892,6.368284583993955,0.5,2026,heron_prior,Z0,0.334777045048253,0.23452287961761276,0.0006,0.003,0.01,1.0,0.39469026548672564,0.26300884955752213,,,,,,,,,,0.7173086829139126,False,"diagnostic time, not official t=1.0"
time_window,MPF23_raw,MPF,"2,3",4096,8192,2,8192.0,1.0,0.8997458345693597,0.7490234375,0.15072239706935975,0.01962751198556707,7890,6.368284583993955,0.5,2026,heron_prior,Z0,0.334777045048253,0.23452287961761276,0.0006,0.003,0.01,1.0,0.33154296874999994,0.18525390625000002,3945.0,-0.8,1.8,0.78857421875,0.7666015625,,,,,-0.35576330305628706,False,"diagnostic time, not official t=1.0; relative error improvement -0.356 < 0.100"
time_window,MPF23_postselected,MPF_postselected,"2,3",4096,8192,2,5402.0,0.629150390625,0.8997458345693597,0.8315383807061102,0.06820745386324956,0.020227328731944626,8380,6.368284583993955,0.5,2026,heron_prior,Z0,0.334777045048253,0.23452287961761276,0.0006,0.003,0.01,1.0,0.41975419040456585,0.25129257111067616,4190.0,-0.8,1.8,,,0.8683185840707964,0.8478851377570819,0.689697265625,0.629150390625,0.3864670099418334,False,"diagnostic time, not official t=1.0"
time_window,baseline_ST2_k2_raw,none,2,8192,8192,1,8192.0,1.0,0.8997458345693597,0.797119140625,0.10262669394435975,0.006671354228516238,912,8.211452958988957,0.5,2026,heron_prior,Z0,0.334777045048253,0.23452287961761276,0.0006,0.003,0.01,1.0,0.37548828125,0.232666015625,,,,,,,,,,0.0,False,"diagnostic time, not official t=1.0; baseline/control"
time_window,baseline_ST2_k3_raw_control,none_control,3,8192,8192,1,8192.0,1.0,0.8997458345693597,0.7841796875,0.11556614706935975,0.006855994840145082,963,8.211452958988957,0.5,2026,heron_prior,Z0,0.334777045048253,0.23452287961761276,0.0006,0.003,0.01,1.0,0.343994140625,0.204833984375,,,,,,,,,,-0.12608272397447856,False,"diagnostic time, not official t=1.0; baseline/control"
time_window,postselection_ST2_k2_weight1,postselection,2,8192,8192,1,5733.0,0.6998291015625,0.8997458345693597,0.86150357578929,0.038242258780069704,0.006705949009626056,921,8.211452958988957,0.5,2026,heron_prior,Z0,0.334777045048253,0.23452287961761276,0.0006,0.003,0.01,1.0,0.4139194139194139,0.275422989708704,,,,,,,,,,0.6273653831155938,False,"diagnostic time, not official t=1.0"
time_window,MPF23_raw,MPF,"2,3",8192,16384,2,16384.0,1.0,0.8997458345693597,0.7738281250000001,0.12591770956935966,0.013445429499979894,7406,8.211452958988957,0.5,2026,heron_prior,Z0,0.334777045048253,0.23452287961761276,0.0006,0.003,0.01,1.0,0.31879882812500004,0.182568359375,3703.0,-0.8,1.8,0.797119140625,0.7841796875,,,,,-0.22694890315406052,False,"diagnostic time, not official t=1.0; relative error improvement -0.227 < 0.100"
time_window,MPF23_postselected,MPF_postselected,"2,3",8192,16384,2,10968.0,0.6390380859375,0.8997458345693597,0.8666710648700006,0.033074769699359186,0.01361163462002132,7590,8.211452958988957,0.5,2026,heron_prior,Z0,0.334777045048253,0.23452287961761276,0.0006,0.003,0.01,1.0,0.35826274966676114,0.22493381453676173,3795.0,-0.8,1.8,,,0.86150357578929,0.8643744030563515,0.6998291015625,0.6390380859375,0.6777176733639003,False,"diagnostic time, not official t=1.0"
time_window,baseline_ST2_k2_raw,none,2,4096,4096,1,4096.0,1.0,0.8647464349484324,0.82958984375,0.035156591198432396,0.008724582098847146,780,6.6471048340026755,0.75,2026,heron_prior,Z0,0.7700804422901781,0.6348268772386105,0.0006,0.003,0.01,1.0,0.74169921875,0.623046875,,,,,,,,,,0.0,False,"diagnostic time, not official t=1.0; baseline/control"
time_window,baseline_ST2_k3_raw_control,none_control,3,4096,4096,1,4096.0,1.0,0.8647464349484324,0.7705078125,0.0942386224484324,0.009959852402618697,1016,6.6471048340026755,0.75,2026,heron_prior,Z0,0.7700804422901781,0.6348268772386105,0.0006,0.003,0.01,1.0,0.69873046875,0.53271484375,,,,,,,,,,-1.6805392455863133,False,"diagnostic time, not official t=1.0; baseline/control"
time_window,postselection_ST2_k2_weight1,postselection,2,4096,4096,1,2827.0,0.690185546875,0.8647464349484324,0.9101521047046339,0.04540566975620153,0.007791570874328224,622,6.6471048340026755,0.75,2026,heron_prior,Z0,0.7700804422901781,0.6348268772386105,0.0006,0.003,0.01,1.0,0.8132295719844358,0.7233816766890697,,,,,,,,,,-0.29152651632010695,False,"diagnostic time, not official t=1.0; relative error improvement -0.292 < 0.100"
time_window,MPF23_raw,MPF,"2,3",4096,8192,2,8192.0,1.0,0.8647464349484324,0.7232421875,0.14150424744843237,0.01923848723286765,7582,6.6471048340026755,0.75,2026,heron_prior,Z0,0.7700804422901781,0.6348268772386105,0.0006,0.003,0.01,1.0,0.6643554687500001,0.46044921874999994,3791.0,-0.8,1.8,0.82958984375,0.7705078125,,,,,-3.0249706420553633,False,"diagnostic time, not official t=1.0; relative error improvement -3.025 < 0.100"
time_window,MPF23_postselected,MPF_postselected,"2,3",4096,8192,2,5392.0,0.626220703125,0.8647464349484324,0.8052116495696262,0.05953478537880619,0.01963157825714828,7894,6.6471048340026755,0.75,2026,heron_prior,Z0,0.7700804422901781,0.6348268772386105,0.0006,0.003,0.01,1.0,0.7718724827633286,0.5770841323329546,3947.0,-0.8,1.8,,,0.9101521047046339,0.8518518518518519,0.690185546875,0.626220703125,-0.6934174602644865,False,"diagnostic time, not official t=1.0; relative error improvement -0.693 < 0.100"
time_window,baseline_ST2_k2_raw,none,2,8192,8192,1,8192.0,1.0,0.8647464349484324,0.82666015625,0.038086278698432396,0.006217032053738945,792,8.49219954200089,0.75,2026,heron_prior,Z0,0.7700804422901781,0.6348268772386105,0.0006,0.003,0.01,1.0,0.749267578125,0.617431640625,,,,,,,,,,0.0,False,"diagnostic time, not official t=1.0; baseline/control"
time_window,baseline_ST2_k3_raw_control,none_control,3,8192,8192,1,8192.0,1.0,0.8647464349484324,0.7744140625,0.0903323724484324,0.006990182671751424,1001,8.49219954200089,0.75,2026,heron_prior,Z0,0.7700804422901781,0.6348268772386105,0.0006,0.003,0.01,1.0,0.710205078125,0.550048828125,,,,,,,,,,-1.3717825824802992,False,"diagnostic time, not official t=1.0; baseline/control"
time_window,postselection_ST2_k2_weight1,postselection,2,8192,8192,1,5711.0,0.6971435546875,0.8647464349484324,0.897040798459114,0.0322943635106816,0.005848100648429181,701,8.49219954200089,0.75,2026,heron_prior,Z0,0.7700804422901781,0.6348268772386105,0.0006,0.003,0.01,1.0,0.8136928734022063,0.7107336718613203,,,,,,,,,,0.15207353896691375,False,"diagnostic time, not official t=1.0"
time_window,MPF23_raw,MPF,"2,3",8192,16384,2,16384.0,1.0,0.8647464349484324,0.7326171875,0.13212924744843235,0.013529669260490063,7498,8.49219954200089,0.75,2026,heron_prior,Z0,0.7700804422901781,0.6348268772386105,0.0006,0.003,0.01,1.0,0.6789550781249999,0.496142578125,3749.0,-0.8,1.8,0.82666015625,0.7744140625,,,,,-2.4692086484645372,False,"diagnostic time, not official t=1.0; relative error improvement -2.469 < 0.100"
time_window,MPF23_postselected,MPF_postselected,"2,3",8192,16384,2,10906.0,0.6341552734375,0.8647464349484324,0.8432913265840082,0.021455108364424214,0.013287561170824197,7232,8.49219954200089,0.75,2026,heron_prior,Z0,0.7700804422901781,0.6348268772386105,0.0006,0.003,0.01,1.0,0.7651380978133648,0.608429424397373,3616.0,-0.8,1.8,,,0.897040798459114,0.8671799807507219,0.6971435546875,0.6341552734375,0.4366709193537648,False,"diagnostic time, not official t=1.0"
time_window,baseline_ST2_k2_raw,none,2,4096,4096,1,4096.0,1.0,0.6845639601747561,0.72265625,0.03809228982524393,0.010800118727826144,1195,6.422988417005399,1.0,2026,heron_prior,Z0,0.9912671465636668,0.6758311067384228,0.0006,0.003,0.01,1.0,0.88720703125,0.64697265625,,,,,,,,,,0.0,False,baseline/control
time_window,baseline_ST2_k3_raw_control,none_control,3,4096,4096,1,4096.0,1.0,0.6845639601747561,0.623046875,0.06151708517475607,0.012221632807630669,1530,6.422988417005399,1.0,2026,heron_prior,Z0,0.9912671465636668,0.6758311067384228,0.0006,0.003,0.01,1.0,0.87109375,0.546875,,,,,,,,,,-0.6149484700704032,False,baseline/control
time_window,postselection_ST2_k2_weight1,postselection,2,4096,4096,1,2825.0,0.689697265625,0.6845639601747561,0.7911504424778761,0.10658648230312007,0.011507303988584175,1356,6.422988417005399,1.0,2026,heron_prior,Z0,0.9912671465636668,0.6758311067384228,0.0006,0.003,0.01,1.0,0.9752212389380531,0.7663716814159292,,,,,,,,,,-1.7981117121629357,False,relative error improvement -1.798 < 0.100
time_window,MPF23_raw,MPF,"2,3",4096,8192,2,8192.0,1.0,0.6845639601747561,0.5433593750000001,0.14120458517475598,0.0236348167074011,11442,6.422988417005399,1.0,2026,heron_prior,Z0,0.9912671465636668,0.6758311067384228,0.0006,0.003,0.01,1.0,0.8582031250000001,0.466796875,5721.0,-0.8,1.8,0.72265625,0.623046875,,,,,-2.706907246126723,False,relative error improvement -2.707 < 0.100
time_window,MPF23_postselected,MPF_postselected,"2,3",4096,8192,2,5379.0,0.62353515625,0.6845639601747561,0.6074868504029771,0.07707710977177895,0.02740281615520289,15380,6.422988417005399,1.0,2026,heron_prior,Z0,0.9912671465636668,0.6758311067384228,0.0006,0.003,0.01,1.0,0.9747172923264564,0.5822041427294337,7690.0,-0.8,1.8,,,0.7911504424778761,0.6891151135473766,0.689697265625,0.62353515625,-1.0234307290369193,False,relative error improvement -1.023 < 0.100
time_window,baseline_ST2_k2_raw,none,2,8192,8192,1,8192.0,1.0,0.6845639601747561,0.724853515625,0.04028955545024393,0.007611375033022618,1187,8.12181108398363,1.0,2026,heron_prior,Z0,0.9912671465636668,0.6758311067384228,0.0006,0.003,0.01,1.0,0.916748046875,0.6669921875,,,,,,,,,,0.0,False,baseline/control
time_window,baseline_ST2_k3_raw_control,none_control,3,8192,8192,1,8192.0,1.0,0.6845639601747561,0.656005859375,0.02855810079975607,0.008338952217172233,1425,8.12181108398363,1.0,2026,heron_prior,Z0,0.9912671465636668,0.6758311067384228,0.0006,0.003,0.01,1.0,0.88427734375,0.591552734375,,,,,,,,,,0.2911785578020527,False,baseline/control
time_window,postselection_ST2_k2_weight1,postselection,2,8192,8192,1,5730.0,0.699462890625,0.6845639601747561,0.774869109947644,0.09030514977288795,0.008350709936785772,1429,8.12181108398363,1.0,2026,heron_prior,Z0,0.9912671465636668,0.6758311067384228,0.0006,0.003,0.01,1.0,0.9888307155322862,0.7636998254799302,,,,,,,,,,-1.2414034794802187,False,relative error improvement -1.241 < 0.100
time_window,MPF23_raw,MPF,"2,3",8192,16384,2,16384.0,1.0,0.6845639601747561,0.600927734375,0.08363622579975605,0.016198168450532843,10748,8.12181108398363,1.0,2026,heron_prior,Z0,0.9912671465636668,0.6758311067384228,0.0006,0.003,0.01,1.0,0.8583007812500001,0.5312011718750002,5374.0,-0.8,1.8,0.724853515625,0.656005859375,,,,,-1.0758785959563046,False,relative error improvement -1.076 < 0.100
time_window,MPF23_postselected,MPF_postselected,"2,3",8192,16384,2,10963.0,0.6387939453125,0.6845639601747561,0.6840985970027105,0.0004653631720455964,0.01840760170333872,13880,8.12181108398363,1.0,2026,heron_prior,Z0,0.9912671465636668,0.6758311067384228,0.0006,0.003,0.01,1.0,0.9738503903106512,0.6579489873133614,6940.0,-0.8,1.8,,,0.774869109947644,0.7244410472004587,0.699462890625,0.6387939453125,0.9884495332141279,True,ready
time_window,baseline_ST2_k2_raw,none,2,4096,4096,1,4096.0,1.0,0.9370271010898633,0.86181640625,0.07521069483986331,0.007925317945094915,644,6.347197041002801,1.25,2026,heron_prior,Z0,0.7849436925151991,0.7219707936050624,0.0006,0.003,0.01,1.0,0.8310546875,0.72119140625,,,,,,,,,,0.0,False,"diagnostic time, not official t=1.0; baseline/control"
time_window,baseline_ST2_k3_raw_control,none_control,3,4096,4096,1,4096.0,1.0,0.9370271010898633,0.8232421875,0.11378491358986331,0.008870161267870004,806,6.347197041002801,1.25,2026,heron_prior,Z0,0.7849436925151991,0.7219707936050624,0.0006,0.003,0.01,1.0,0.75537109375,0.62744140625,,,,,,,,,,-0.5128820951878086,False,"diagnostic time, not official t=1.0; baseline/control"
time_window,postselection_ST2_k2_weight1,postselection,2,4096,4096,1,2825.0,0.689697265625,0.9370271010898633,0.9369911504424778,3.595064738548537e-05,0.006572874911262849,443,6.347197041002801,1.25,2026,heron_prior,Z0,0.7849436925151991,0.7219707936050624,0.0006,0.003,0.01,1.0,0.8987610619469026,0.8357522123893806,,,,,,,,,,0.9995220008608878,False,"diagnostic time, not official t=1.0"
time_window,MPF23_raw,MPF,"2,3",4096,8192,2,8192.0,1.0,0.9370271010898633,0.7923828125000001,0.14464428858986322,0.017179093418283997,6046,6.347197041002801,1.25,2026,heron_prior,Z0,0.7849436925151991,0.7219707936050624,0.0006,0.003,0.01,1.0,0.6948242187499999,0.5524414062499999,3023.0,-0.8,1.8,0.86181640625,0.8232421875,,,,,-0.9231877713380543,False,"diagnostic time, not official t=1.0; relative error improvement -0.923 < 0.100"
time_window,MPF23_postselected,MPF_postselected,"2,3",4096,8192,2,5375.0,0.62255859375,0.9370271010898633,0.9106423737636647,0.026384727326198565,0.01474123933161972,4452,6.347197041002801,1.25,2026,heron_prior,Z0,0.7849436925151991,0.7219707936050624,0.0006,0.003,0.01,1.0,0.8141676210307132,0.724809994794378,2226.0,-0.8,1.8,,,0.9369911504424778,0.9223529411764706,0.689697265625,0.62255859375,0.6491891561116906,False,"diagnostic time, not official t=1.0"
time_window,baseline_ST2_k2_raw,none,2,8192,8192,1,8192.0,1.0,0.9370271010898633,0.87060546875,0.06642163233986331,0.005435682591646877,606,8.144594624987803,1.25,2026,heron_prior,Z0,0.7849436925151991,0.7219707936050624,0.0006,0.003,0.01,1.0,0.851318359375,0.744384765625,,,,,,,,,,0.0,False,"diagnostic time, not official t=1.0; baseline/control"
time_window,baseline_ST2_k3_raw_control,none_control,3,8192,8192,1,8192.0,1.0,0.9370271010898633,0.83447265625,0.10255444483986331,0.006088292688249847,760,8.144594624987803,1.25,2026,heron_prior,Z0,0.7849436925151991,0.7219707936050624,0.0006,0.003,0.01,1.0,0.76611328125,0.63623046875,,,,,,,,,,-0.5439916368678988,False,"diagnostic time, not official t=1.0; baseline/control"
time_window,postselection_ST2_k2_weight1,postselection,2,8192,8192,1,5765.0,0.7037353515625,0.9370271010898633,0.9368603642671293,0.00016673682273404822,0.004605751859735165,435,8.144594624987803,1.25,2026,heron_prior,Z0,0.7849436925151991,0.7219707936050624,0.0006,0.003,0.01,1.0,0.9039028620988725,0.8407632263660018,,,,,,,,,,0.9974897210914526,False,"diagnostic time, not official t=1.0"
time_window,MPF23_raw,MPF,"2,3",8192,16384,2,16384.0,1.0,0.9370271010898633,0.8055664062500001,0.13146069483986322,0.011790162442096628,5694,8.144594624987803,1.25,2026,heron_prior,Z0,0.7849436925151991,0.7219707936050624,0.0006,0.003,0.01,1.0,0.69794921875,0.54970703125,2847.0,-0.8,1.8,0.87060546875,0.83447265625,,,,,-0.9791849463622163,False,"diagnostic time, not official t=1.0; relative error improvement -0.979 < 0.100"
time_window,MPF23_postselected,MPF_postselected,"2,3",8192,16384,2,11000.0,0.6390380859375,0.9370271010898633,0.9267294736292765,0.010297627460586822,0.009786311634733652,3924,8.144594624987803,1.25,2026,heron_prior,Z0,0.7849436925151991,0.7219707936050624,0.0006,0.003,0.01,1.0,0.7722358765100137,0.6989653501392902,1962.0,-0.8,1.8,,,0.9368603642671293,0.9312320916905444,0.7037353515625,0.6390380859375,0.8449657574222752,False,"diagnostic time, not official t=1.0"
time_window,baseline_ST2_k2_raw,none,2,4096,4096,1,4096.0,1.0,0.9539526359368348,0.92041015625,0.03354247968683477,0.006108658531195271,383,6.421459916018648,1.5,2026,heron_prior,Z0,0.8447650468333716,0.7987176827702065,0.0006,0.003,0.01,1.0,0.89599609375,0.833984375,,,,,,,,,,0.0,False,"diagnostic time, not official t=1.0; baseline/control"
time_window,baseline_ST2_k3_raw_control,none_control,3,4096,4096,1,4096.0,1.0,0.9539526359368348,0.86572265625,0.08822997968683477,0.007820687622987425,627,6.421459916018648,1.5,2026,heron_prior,Z0,0.8447650468333716,0.7987176827702065,0.0006,0.003,0.01,1.0,0.80908203125,0.712890625,,,,,,,,,,-1.6303952632775844,False,"diagnostic time, not official t=1.0; baseline/control"
time_window,postselection_ST2_k2_weight1,postselection,2,4096,4096,1,2796.0,0.6826171875,0.9539526359368348,0.9928469241773963,0.038894288240561514,0.0022579524977139305,53,6.421459916018648,1.5,2026,heron_prior,Z0,0.8447650468333716,0.7987176827702065,0.0006,0.003,0.01,1.0,0.9842632331902719,0.977110157367668,,,,,,,,,,-0.15955315777763737,False,"diagnostic time, not official t=1.0; relative error improvement -0.160 < 0.100"
time_window,MPF23_raw,MPF,"2,3",4096,8192,2,8192.0,1.0,0.9539526359368348,0.82197265625,0.13197997968683473,0.01490136489240655,4548,6.421459916018648,1.5,2026,heron_prior,Z0,0.8447650468333716,0.7987176827702065,0.0006,0.003,0.01,1.0,0.73955078125,0.616015625,2274.0,-0.8,1.8,0.92041015625,0.86572265625,,,,,-2.9347114738996507,False,"diagnostic time, not official t=1.0; relative error improvement -2.935 < 0.100"
time_window,MPF23_postselected,MPF_postselected,"2,3",4096,8192,2,5337.0,0.620361328125,0.9539526359368348,0.9405512682141632,0.013401367722671531,0.009691424584761103,1924,6.421459916018648,1.5,2026,heron_prior,Z0,0.8447650468333716,0.7987176827702065,0.0006,0.003,0.01,1.0,0.8524949624442405,0.793046230658404,962.0,-0.8,1.8,,,0.9928469241773963,0.9637937819756002,0.6826171875,0.620361328125,0.6004658019385641,False,"diagnostic time, not official t=1.0"
time_window,baseline_ST2_k2_raw,none,2,8192,8192,1,8192.0,1.0,0.9539526359368348,0.92626953125,0.02768310468683477,0.004163773082664806,356,8.181708542018896,1.5,2026,heron_prior,Z0,0.8447650468333716,0.7987176827702065,0.0006,0.003,0.01,1.0,0.918212890625,0.854248046875,,,,,,,,,,0.0,False,"diagnostic time, not official t=1.0; baseline/control"
time_window,baseline_ST2_k3_raw_control,none_control,3,8192,8192,1,8192.0,1.0,0.9539526359368348,0.876953125,0.07699951093683477,0.005309663955230355,578,8.181708542018896,1.5,2026,heron_prior,Z0,0.8447650468333716,0.7987176827702065,0.0006,0.003,0.01,1.0,0.798828125,0.71435546875,,,,,,,,,,-1.7814622603892172,False,"diagnostic time, not official t=1.0; baseline/control"
time_window,postselection_ST2_k2_weight1,postselection,2,8192,8192,1,5731.0,0.6995849609375,0.9539526359368348,0.9951142906997034,0.041161654762868594,0.0013041648681646001,35,8.181708542018896,1.5,2026,heron_prior,Z0,0.8447650468333716,0.7987176827702065,0.0006,0.003,0.01,1.0,0.9891816436922003,0.9842959343919037,,,,,,,,,,-0.4868872270112032,False,"diagnostic time, not official t=1.0; relative error improvement -0.487 < 0.100"
time_window,MPF23_raw,MPF,"2,3",8192,16384,2,16384.0,1.0,0.9539526359368348,0.8375,0.11645263593683475,0.010121239325809963,4196,8.181708542018896,1.5,2026,heron_prior,Z0,0.8447650468333716,0.7987176827702065,0.0006,0.003,0.01,1.0,0.7033203125,0.60244140625,2098.0,-0.8,1.8,0.92626953125,0.876953125,,,,,-3.20663206870059,False,"diagnostic time, not official t=1.0; relative error improvement -3.207 < 0.100"
time_window,MPF23_postselected,MPF_postselected,"2,3",8192,16384,2,10914.0,0.6326904296875,0.9539526359368348,0.9511206067996816,0.0028320291371531914,0.006100515057693191,1526,8.181708542018896,1.5,2026,heron_prior,Z0,0.8447650468333716,0.7987176827702065,0.0006,0.003,0.01,1.0,0.8155618816505231,0.7666824884502047,763.0,-0.8,1.8,,,0.9951142906997034,0.9706733551996913,0.6995849609375,0.6326904296875,0.8976982831517443,False,"diagnostic time, not official t=1.0"
time_window,baseline_ST2_k2_raw,none,2,4096,4096,1,4096.0,1.0,0.9271155626310368,0.7890625,0.13805306263103678,0.009598639469297723,944,6.423013166990131,2.0,2026,heron_prior,Z0,0.9098451346141808,0.8369606972452175,0.0006,0.003,0.01,1.0,0.85009765625,0.67333984375,,,,,,,,,,0.0,False,"diagnostic time, not official t=1.0; baseline/control"
time_window,baseline_ST2_k3_raw_control,none_control,3,4096,4096,1,4096.0,1.0,0.9271155626310368,0.85986328125,0.06725228138103678,0.007976943360734552,652,6.423013166990131,2.0,2026,heron_prior,Z0,0.9098451346141808,0.8369606972452175,0.0006,0.003,0.01,1.0,0.865234375,0.76220703125,,,,,,,,,,0.5128519418596565,False,"diagnostic time, not official t=1.0; baseline/control"
time_window,postselection_ST2_k2_weight1,postselection,2,4096,4096,1,2797.0,0.682861328125,0.9271155626310368,0.8605648909545942,0.06655067167644257,0.009630797423469577,950,6.423013166990131,2.0,2026,heron_prior,Z0,0.9098451346141808,0.8369606972452175,0.0006,0.003,0.01,1.0,0.921344297461566,0.7819091884161602,,,,,,,,,,0.5179341159977946,False,"diagnostic time, not official t=1.0"
time_window,MPF23_raw,MPF,"2,3",4096,8192,2,8192.0,1.0,0.9271155626310368,0.91650390625,0.010611656381036783,0.01628287902110028,5430,6.423013166990131,2.0,2026,heron_prior,Z0,0.9098451346141808,0.8369606972452175,0.0006,0.003,0.01,1.0,0.8773437499999999,0.8333007812500001,2715.0,-0.8,1.8,0.7890625,0.85986328125,,,,,0.9231334953473818,False,"diagnostic time, not official t=1.0"
time_window,MPF23_postselected,MPF_postselected,"2,3",4096,8192,2,5369.0,0.6279296875,0.9271155626310368,1.024767371839746,0.0976518092087093,0.013337894328108935,3644,6.423013166990131,2.0,2026,heron_prior,Z0,0.9098451346141808,0.8369606972452175,0.0006,0.003,0.01,1.0,1.002737936836346,1.0275053086760921,1822.0,-0.8,1.8,,,0.8605648909545942,0.9517884914463453,0.682861328125,0.6279296875,0.29265017850639524,False,"diagnostic time, not official t=1.0"
time_window,baseline_ST2_k2_raw,none,2,8192,8192,1,8192.0,1.0,0.9271155626310368,0.79638671875,0.13072884388103678,0.006682023478586768,915,8.193137541995384,2.0,2026,heron_prior,Z0,0.9098451346141808,0.8369606972452175,0.0006,0.003,0.01,1.0,0.857421875,0.685546875,,,,,,,,,,0.0,False,"diagnostic time, not official t=1.0; baseline/control"
time_window,baseline_ST2_k3_raw_control,none_control,3,8192,8192,1,8192.0,1.0,0.9271155626310368,0.872314453125,0.05480110950603678,0.005402133264487218,598,8.193137541995384,2.0,2026,heron_prior,Z0,0.9098451346141808,0.8369606972452175,0.0006,0.003,0.01,1.0,0.87060546875,0.775634765625,,,,,,,,,,0.5808032268999045,False,"diagnostic time, not official t=1.0; baseline/control"
time_window,postselection_ST2_k2_weight1,postselection,2,8192,8192,1,5659.0,0.6907958984375,0.9271155626310368,0.8561583318607527,0.07095723077028404,0.006868786508129312,967,8.193137541995384,2.0,2026,heron_prior,Z0,0.9098451346141808,0.8369606972452175,0.0006,0.003,0.01,1.0,0.9310832302526948,0.7872415621134476,,,,,,,,,,0.45721824913517095,False,"diagnostic time, not official t=1.0"
time_window,MPF23_raw,MPF,"2,3",8192,16384,2,16384.0,1.0,0.9271155626310368,0.933056640625,0.005941077993963262,0.011096337328476964,5044,8.193137541995384,2.0,2026,heron_prior,Z0,0.9098451346141808,0.8369606972452175,0.0006,0.003,0.01,1.0,0.88115234375,0.8477050781250001,2522.0,-0.8,1.8,0.79638671875,0.872314453125,,,,,0.9545541915801715,False,"diagnostic time, not official t=1.0"
time_window,MPF23_postselected,MPF_postselected,"2,3",8192,16384,2,10918.0,0.6419677734375,0.9271155626310368,1.0418274702786539,0.11471190764761707,0.008905895792514358,3250,8.193137541995384,2.0,2026,heron_prior,Z0,0.9098451346141808,0.8369606972452175,0.0006,0.003,0.01,1.0,0.9791493884162127,1.0209768586948667,1625.0,-0.8,1.8,,,0.8561583318607527,0.9593078532040312,0.6907958984375,0.6419677734375,0.12252029282837625,False,"diagnostic time, not official t=1.0"
time_window,baseline_ST2_k2_raw,none,2,4096,4096,1,4096.0,1.0,-0.17105499903038957,-0.15478515625,0.016269842780389565,0.015436689909513197,2441,6.414797541976441,0.25,2027,heron_prior,Z0,0.6127109639921351,-0.5583440350382545,0.0006,0.003,0.01,1.0,0.55517578125,-0.4970703125,,,,,,,,,,0.0,False,"diagnostic time, not official t=1.0; baseline/control"
time_window,baseline_ST2_k3_raw_control,none_control,3,4096,4096,1,4096.0,1.0,-0.17105499903038957,-0.18896484375,0.017909844719610435,0.015343497705303407,2411,6.414797541976441,0.25,2027,heron_prior,Z0,0.6127109639921351,-0.5583440350382545,0.0006,0.003,0.01,1.0,0.57470703125,-0.4970703125,,,,,,,,,,-0.1008001098325058,False,"diagnostic time, not official t=1.0; baseline/control"
time_window,postselection_ST2_k2_weight1,postselection,2,4096,4096,1,2818.0,0.68798828125,-0.17105499903038957,-0.14052519517388218,0.030529803856507387,0.018650845412650333,3563,6.414797541976441,0.25,2027,heron_prior,Z0,0.6127109639921351,-0.5583440350382545,0.0006,0.003,0.01,1.0,0.595457771469127,-0.5450674237047551,,,,,,,,,,-0.8764658189141015,False,"diagnostic time, not official t=1.0; relative error improvement -0.876 < 0.100"
time_window,MPF23_raw,MPF,"2,3",4096,8192,2,8192.0,1.0,-0.17105499903038957,-0.21630859375,0.045253594719610435,0.030253541276514515,18746,6.414797541976441,0.25,2027,heron_prior,Z0,0.6127109639921351,-0.5583440350382545,0.0006,0.003,0.01,1.0,0.59033203125,-0.4970703125,9373.0,-0.8,1.8,-0.15478515625,-0.18896484375,,,,,-1.7814401976985104,False,"diagnostic time, not official t=1.0; relative error improvement -1.781 < 0.100"
time_window,MPF23_postselected,MPF_postselected,"2,3",4096,8192,2,5375.0,0.624267578125,-0.17105499903038957,-0.22899556540958413,0.057940566379194564,0.03800197325029398,29578,6.414797541976441,0.25,2027,heron_prior,Z0,0.6127109639921351,-0.5583440350382545,0.0006,0.003,0.01,1.0,0.671776137146169,-0.5572194282634153,14789.0,-0.8,1.8,,,-0.14052519517388218,-0.18967540086038326,0.68798828125,0.624267578125,-2.561224724865303,False,"diagnostic time, not official t=1.0; relative error improvement -2.561 < 0.100; target-SE shot estimate 29578 > budget 20000"
time_window,baseline_ST2_k2_raw,none,2,8192,8192,1,8192.0,1.0,-0.17105499903038957,-0.1669921875,0.004062811530389565,0.01089340222678198,2431,8.209751207992667,0.25,2027,heron_prior,Z0,0.6127109639921351,-0.5583440350382545,0.0006,0.003,0.01,1.0,0.56884765625,-0.4970703125,,,,,,,,,,0.0,False,"diagnostic time, not official t=1.0; baseline/control"
time_window,baseline_ST2_k3_raw_control,none_control,3,8192,8192,1,8192.0,1.0,-0.17105499903038957,-0.17333984375,0.002284844719610435,0.010881291387822041,2425,8.209751207992667,0.25,2027,heron_prior,Z0,0.6127109639921351,-0.5583440350382545,0.0006,0.003,0.01,1.0,0.569580078125,-0.491455078125,,,,,,,,,,0.43761981019302876,False,"diagnostic time, not official t=1.0; baseline/control"
time_window,postselection_ST2_k2_weight1,postselection,2,8192,8192,1,5688.0,0.6943359375,-0.17105499903038957,-0.15119549929676512,0.01985949973362444,0.013106857704290556,3519,8.209751207992667,0.25,2027,heron_prior,Z0,0.6127109639921351,-0.5583440350382545,0.0006,0.003,0.01,1.0,0.6054852320675106,-0.5457102672292545,,,,,,,,,,-3.8881173997554845,False,"diagnostic time, not official t=1.0; relative error improvement -3.888 < 0.100"
time_window,MPF23_raw,MPF,"2,3",8192,16384,2,16384.0,1.0,-0.17105499903038957,-0.17841796875,0.007362969719610424,0.021437595086010224,18826,8.209751207992667,0.25,2027,heron_prior,Z0,0.6127109639921351,-0.5583440350382545,0.0006,0.003,0.01,1.0,0.5701660156250001,-0.486962890625,9413.0,-0.8,1.8,-0.1669921875,-0.17333984375,,,,,-0.8122843416525455,False,"diagnostic time, not official t=1.0; relative error improvement -0.812 < 0.100"
time_window,MPF23_postselected,MPF_postselected,"2,3",8192,16384,2,10882.0,0.634033203125,-0.17105499903038957,-0.15212792863343888,0.018927070396950685,0.026821338257466586,29466,8.209751207992667,0.25,2027,heron_prior,Z0,0.6127109639921351,-0.5583440350382545,0.0006,0.003,0.01,1.0,0.6100284489243513,-0.5420994797090877,14733.0,-0.8,1.8,,,-0.15119549929676512,-0.15171351559491722,0.6943359375,0.634033203125,-3.658613931603136,False,"diagnostic time, not official t=1.0; relative error improvement -3.659 < 0.100; target-SE shot estimate 29466 > budget 20000"
time_window,baseline_ST2_k2_raw,none,2,4096,4096,1,4096.0,1.0,0.8997458345693597,0.7890625,0.11068333456935975,0.009598639469297723,944,6.44757220800966,0.5,2027,heron_prior,Z0,0.334777045048253,0.23452287961761276,0.0006,0.003,0.01,1.0,0.36669921875,0.21826171875,,,,,,,,,,0.0,False,"diagnostic time, not official t=1.0; baseline/control"
time_window,baseline_ST2_k3_raw_control,none_control,3,4096,4096,1,4096.0,1.0,0.8997458345693597,0.7666015625,0.13314427206935975,0.010033173058130423,1031,6.44757220800966,0.5,2027,heron_prior,Z0,0.334777045048253,0.23452287961761276,0.0006,0.003,0.01,1.0,0.34765625,0.2001953125,,,,,,,,,,-0.20292971464394077,False,"diagnostic time, not official t=1.0; baseline/control"
time_window,postselection_ST2_k2_weight1,postselection,2,4096,4096,1,2825.0,0.689697265625,0.8997458345693597,0.8690265486725663,0.030719285896793402,0.009308723812083221,888,6.44757220800966,0.5,2027,heron_prior,Z0,0.334777045048253,0.23452287961761276,0.0006,0.003,0.01,1.0,0.39469026548672564,0.26371681415929205,,,,,,,,,,0.7224578929039841,False,"diagnostic time, not official t=1.0"
time_window,MPF23_raw,MPF,"2,3",4096,8192,2,8192.0,1.0,0.8997458345693597,0.7486328124999999,0.15111302206935984,0.019624445536474033,7888,6.44757220800966,0.5,2027,heron_prior,Z0,0.334777045048253,0.23452287961761276,0.0006,0.003,0.01,1.0,0.33242187500000003,0.1857421875,3944.0,-0.8,1.8,0.7890625,0.7666015625,,,,,-0.36527348635909423,False,"diagnostic time, not official t=1.0; relative error improvement -0.365 < 0.100"
time_window,MPF23_postselected,MPF_postselected,"2,3",4096,8192,2,5402.0,0.629150390625,0.8997458345693597,0.8309720090246943,0.06877382554466549,0.020220439598417704,8374,6.44757220800966,0.5,2027,heron_prior,Z0,0.334777045048253,0.23452287961761276,0.0006,0.003,0.01,1.0,0.42115116362924576,0.25212317265394013,4187.0,-0.8,1.8,,,0.8690265486725663,0.8478851377570819,0.689697265625,0.629150390625,0.3786433539227322,False,"diagnostic time, not official t=1.0"
time_window,baseline_ST2_k2_raw,none,2,8192,8192,1,8192.0,1.0,0.8997458345693597,0.80078125,0.09896458456935975,0.006617601537080412,897,8.29850166599499,0.5,2027,heron_prior,Z0,0.334777045048253,0.23452287961761276,0.0006,0.003,0.01,1.0,0.376708984375,0.239990234375,,,,,,,,,,0.0,False,"diagnostic time, not official t=1.0; baseline/control"
time_window,baseline_ST2_k3_raw_control,none_control,3,8192,8192,1,8192.0,1.0,0.8997458345693597,0.780517578125,0.11922825644435975,0.006906818329255195,977,8.29850166599499,0.5,2027,heron_prior,Z0,0.334777045048253,0.23452287961761276,0.0006,0.003,0.01,1.0,0.32177734375,0.195556640625,,,,,,,,,,-0.20475680227605178,False,"diagnostic time, not official t=1.0; baseline/control"
time_window,postselection_ST2_k2_weight1,postselection,2,8192,8192,1,5733.0,0.6998291015625,0.8997458345693597,0.8677830106401535,0.03196282392920624,0.006563203516989756,883,8.29850166599499,0.5,2027,heron_prior,Z0,0.334777045048253,0.23452287961761276,0.0006,0.003,0.01,1.0,0.4100819815105529,0.2778649921507064,,,,,,,,,,0.6770276552133156,False,"diagnostic time, not official t=1.0"
time_window,MPF23_raw,MPF,"2,3",8192,16384,2,16384.0,1.0,0.8997458345693597,0.7643066406250001,0.13543919394435966,0.013512538911333105,7480,8.29850166599499,0.5,2027,heron_prior,Z0,0.334777045048253,0.23452287961761276,0.0006,0.003,0.01,1.0,0.27783203125,0.16000976562499997,3740.0,-0.8,1.8,0.80078125,0.780517578125,,,,,-0.3685622440968923,False,"diagnostic time, not official t=1.0; relative error improvement -0.369 < 0.100"
time_window,MPF23_postselected,MPF_postselected,"2,3",8192,16384,2,10929.0,0.63427734375,0.8997458345693597,0.8715934529197478,0.02815238164961198,0.013388935397009733,7344,8.29850166599499,0.5,2027,heron_prior,Z0,0.334777045048253,0.23452287961761276,0.0006,0.003,0.01,1.0,0.3557681330363613,0.22736158595610925,3672.0,-0.8,1.8,,,0.8677830106401535,0.8698999230177059,0.6998291015625,0.63427734375,0.715530744941578,False,"diagnostic time, not official t=1.0"
time_window,baseline_ST2_k2_raw,none,2,4096,4096,1,4096.0,1.0,0.8647464349484324,0.830078125,0.034668309948432396,0.00871323619329117,778,6.557316499995068,0.75,2027,heron_prior,Z0,0.7700804422901781,0.6348268772386105,0.0006,0.003,0.01,1.0,0.74169921875,0.62353515625,,,,,,,,,,0.0,False,"diagnostic time, not official t=1.0; baseline/control"
time_window,baseline_ST2_k3_raw_control,none_control,3,4096,4096,1,4096.0,1.0,0.8647464349484324,0.7705078125,0.0942386224484324,0.009959852402618697,1016,6.557316499995068,0.75,2027,heron_prior,Z0,0.7700804422901781,0.6348268772386105,0.0006,0.003,0.01,1.0,0.69873046875,0.53271484375,,,,,,,,,,-1.7182929478999192,False,"diagnostic time, not official t=1.0; baseline/control"
time_window,postselection_ST2_k2_weight1,postselection,2,4096,4096,1,2827.0,0.690185546875,0.8647464349484324,0.9108595684471171,0.04611313349868473,0.007762271833314429,617,6.557316499995068,0.75,2027,heron_prior,Z0,0.7700804422901781,0.6348268772386105,0.0006,0.003,0.01,1.0,0.8132295719844358,0.7240891404315529,,,,,,,,,,-0.33012349224049325,False,"diagnostic time, not official t=1.0; relative error improvement -0.330 < 0.100"
time_window,MPF23_raw,MPF,"2,3",4096,8192,2,8192.0,1.0,0.8647464349484324,0.7228515625,0.14189487244843235,0.019235196084052976,7578,6.557316499995068,0.75,2027,heron_prior,Z0,0.7700804422901781,0.6348268772386105,0.0006,0.003,0.01,1.0,0.6643554687500001,0.46005859374999997,3789.0,-0.8,1.8,0.830078125,0.7705078125,,,,,-3.0929273062198535,False,"diagnostic time, not official t=1.0; relative error improvement -3.093 < 0.100"
time_window,MPF23_postselected,MPF_postselected,"2,3",4096,8192,2,5392.0,0.626220703125,0.8647464349484324,0.8046456785756397,0.06010075637279266,0.0196241486122143,7888,6.557316499995068,0.75,2027,heron_prior,Z0,0.7700804422901781,0.6348268772386105,0.0006,0.003,0.01,1.0,0.7718724827633286,0.5765181613389682,3944.0,-0.8,1.8,,,0.9108595684471171,0.8518518518518519,0.690185546875,0.626220703125,-0.7335934881795485,False,"diagnostic time, not official t=1.0; relative error improvement -0.734 < 0.100"
time_window,baseline_ST2_k2_raw,none,2,8192,8192,1,8192.0,1.0,0.8647464349484324,0.83349609375,0.031250341198432396,0.006104600333148515,764,8.429217583994614,0.75,2027,heron_prior,Z0,0.7700804422901781,0.6348268772386105,0.0006,0.003,0.01,1.0,0.74365234375,0.62255859375,,,,,,,,,,0.0,False,"diagnostic time, not official t=1.0; baseline/control"
time_window,baseline_ST2_k3_raw_control,none_control,3,8192,8192,1,8192.0,1.0,0.8647464349484324,0.79296875,0.0717776849484324,0.006731461100336352,929,8.429217583994614,0.75,2027,heron_prior,Z0,0.7700804422901781,0.6348268772386105,0.0006,0.003,0.01,1.0,0.705322265625,0.559326171875,,,,,,,,,,-1.2968608404196549,False,"diagnostic time, not official t=1.0; baseline/control"
time_window,postselection_ST2_k2_weight1,postselection,2,8192,8192,1,5715.0,0.6976318359375,0.8647464349484324,0.8978127734033245,0.03306633845489215,0.005825280890029199,695,8.429217583994614,0.75,2027,heron_prior,Z0,0.7700804422901781,0.6348268772386105,0.0006,0.003,0.01,1.0,0.8190726159230096,0.7168853893263342,,,,,,,,,,-0.058111277727452504,False,"diagnostic time, not official t=1.0; relative error improvement -0.058 < 0.100"
time_window,MPF23_raw,MPF,"2,3",8192,16384,2,16384.0,1.0,0.8647464349484324,0.7605468750000001,0.10419955994843233,0.013063807065036275,6992,8.429217583994614,0.75,2027,heron_prior,Z0,0.7700804422901781,0.6348268772386105,0.0006,0.003,0.01,1.0,0.6746582031249999,0.508740234375,3496.0,-0.8,1.8,0.83349609375,0.79296875,,,,,-2.3343495127553764,False,"diagnostic time, not official t=1.0; relative error improvement -2.334 < 0.100"
time_window,MPF23_postselected,MPF_postselected,"2,3",8192,16384,2,10958.0,0.6400146484375,0.8647464349484324,0.8579084690515154,0.0068379658969169865,0.012878558507049546,6794,8.429217583994614,0.75,2027,heron_prior,Z0,0.7700804422901781,0.6348268772386105,0.0006,0.003,0.01,1.0,0.7629757428519033,0.6208842119034185,3397.0,-0.8,1.8,,,0.8978127734033245,0.8756437154300972,0.6976318359375,0.6400146484375,0.7811874803702944,False,"diagnostic time, not official t=1.0"
time_window,baseline_ST2_k2_raw,none,2,4096,4096,1,4096.0,1.0,0.6845639601747561,0.72314453125,0.03858057107524393,0.010792136565628524,1193,6.85976862499956,1.0,2027,heron_prior,Z0,0.9912671465636668,0.6758311067384228,0.0006,0.003,0.01,1.0,0.88720703125,0.6474609375,,,,,,,,,,0.0,False,baseline/control
time_window,baseline_ST2_k3_raw_control,none_control,3,4096,4096,1,4096.0,1.0,0.6845639601747561,0.623046875,0.06151708517475607,0.012221632807630669,1530,6.85976862499956,1.0,2027,heron_prior,Z0,0.9912671465636668,0.6758311067384228,0.0006,0.003,0.01,1.0,0.87109375,0.546875,,,,,,,,,,-0.5945094502302445,False,baseline/control
time_window,postselection_ST2_k2_weight1,postselection,2,4096,4096,1,2825.0,0.689697265625,0.6845639601747561,0.791858407079646,0.10729444690488998,0.011490053615366418,1352,6.85976862499956,1.0,2027,heron_prior,Z0,0.9912671465636668,0.6758311067384228,0.0006,0.003,0.01,1.0,0.9752212389380531,0.7670796460176991,,,,,,,,,,-1.7810486966518186,False,relative error improvement -1.781 < 0.100
time_window,MPF23_raw,MPF,"2,3",4096,8192,2,8192.0,1.0,0.6845639601747561,0.5429687500000001,0.14159521017475596,0.02363248304657614,11438,6.85976862499956,1.0,2027,heron_prior,Z0,0.9912671465636668,0.6758311067384228,0.0006,0.003,0.01,1.0,0.8582031250000001,0.46640625,5719.0,-0.8,1.8,0.72314453125,0.623046875,,,,,-2.670117010414437,False,relative error improvement -2.670 < 0.100
time_window,MPF23_postselected,MPF_postselected,"2,3",4096,8192,2,5379.0,0.62353515625,0.6845639601747561,0.6069204787215612,0.07764348145319488,0.027398183095139115,15374,6.85976862499956,1.0,2027,heron_prior,Z0,0.9912671465636668,0.6758311067384228,0.0006,0.003,0.01,1.0,0.9747172923264564,0.5816377710480177,7687.0,-0.8,1.8,,,0.791858407079646,0.6891151135473766,0.689697265625,0.62353515625,-1.0125021296798928,False,relative error improvement -1.013 < 0.100
time_window,baseline_ST2_k2_raw,none,2,8192,8192,1,8192.0,1.0,0.6845639601747561,0.723876953125,0.03931299295024393,0.007622711592553552,1191,9.679889291001018,1.0,2027,heron_prior,Z0,0.9912671465636668,0.6758311067384228,0.0006,0.003,0.01,1.0,0.9033203125,0.663818359375,,,,,,,,,,0.0,False,baseline/control
time_window,baseline_ST2_k3_raw_control,none_control,3,8192,8192,1,8192.0,1.0,0.6845639601747561,0.660888671875,0.02367528829975607,0.008291754565401922,1409,9.679889291001018,1.0,2027,heron_prior,Z0,0.9912671465636668,0.6758311067384228,0.0006,0.003,0.01,1.0,0.872802734375,0.59375,,,,,,,,,,0.3977744627655176,False,baseline/control
time_window,postselection_ST2_k2_weight1,postselection,2,8192,8192,1,5718.0,0.697998046875,0.6845639601747561,0.7866386848548443,0.10207472468008827,0.008164961305798746,1366,9.679889291001018,1.0,2027,heron_prior,Z0,0.9912671465636668,0.6758311067384228,0.0006,0.003,0.01,1.0,0.9849597761455055,0.7715984610003498,,,,,,,,,,-1.5964628236084202,False,relative error improvement -1.596 < 0.100
time_window,MPF23_raw,MPF,"2,3",8192,16384,2,16384.0,1.0,0.6845639601747561,0.6104980468750001,0.07406591329975598,0.016122903470496816,10648,9.679889291001018,1.0,2027,heron_prior,Z0,0.9912671465636668,0.6758311067384228,0.0006,0.003,0.01,1.0,0.848388671875,0.5376953125,5324.0,-0.8,1.8,0.723876953125,0.660888671875,,,,,-0.884005967022066,False,relative error improvement -0.884 < 0.100
time_window,MPF23_postselected,MPF_postselected,"2,3",8192,16384,2,10944.0,0.637939453125,0.6845639601747561,0.6877958259393161,0.003231865764560027,0.018184986744480172,13546,9.679889291001018,1.0,2027,heron_prior,Z0,0.9912671465636668,0.6758311067384228,0.0006,0.003,0.01,1.0,0.9796556004383602,0.6674514263776765,6773.0,-0.8,1.8,,,0.7866386848548443,0.7317259854573287,0.697998046875,0.637939453125,0.9177914088441345,True,ready
time_window,baseline_ST2_k2_raw,none,2,4096,4096,1,4096.0,1.0,0.9370271010898633,0.8623046875,0.07472241358986331,0.007912340569019892,642,6.560399374982808,1.25,2027,heron_prior,Z0,0.7849436925151991,0.7219707936050624,0.0006,0.003,0.01,1.0,0.8310546875,0.7216796875,,,,,,,,,,0.0,False,"diagnostic time, not official t=1.0; baseline/control"
time_window,baseline_ST2_k3_raw_control,none_control,3,4096,4096,1,4096.0,1.0,0.9370271010898633,0.8232421875,0.11378491358986331,0.008870161267870004,806,6.560399374982808,1.25,2027,heron_prior,Z0,0.7849436925151991,0.7219707936050624,0.0006,0.003,0.01,1.0,0.75537109375,0.62744140625,,,,,,,,,,-0.5227681778911266,False,"diagnostic time, not official t=1.0; baseline/control"
time_window,postselection_ST2_k2_weight1,postselection,2,4096,4096,1,2825.0,0.689697265625,0.9370271010898633,0.9376991150442477,0.0006720139543844317,0.006537038642283103,438,6.560399374982808,1.25,2027,heron_prior,Z0,0.7849436925151991,0.7219707936050624,0.0006,0.003,0.01,1.0,0.8987610619469026,0.8364601769911505,,,,,,,,,,0.9910065277324555,False,"diagnostic time, not official t=1.0"
time_window,MPF23_raw,MPF,"2,3",4096,8192,2,8192.0,1.0,0.9370271010898633,0.7919921875,0.1450349135898633,0.017175264500836365,6042,6.560399374982808,1.25,2027,heron_prior,Z0,0.7849436925151991,0.7219707936050624,0.0006,0.003,0.01,1.0,0.6948242187499999,0.55205078125,3021.0,-0.8,1.8,0.8623046875,0.8232421875,,,,,-0.9409827202040278,False,"diagnostic time, not official t=1.0; relative error improvement -0.941 < 0.100"
time_window,MPF23_postselected,MPF_postselected,"2,3",4096,8192,2,5375.0,0.62255859375,0.9370271010898633,0.9100760020822488,0.0269510990076145,0.014731037247373733,4446,6.560399374982808,1.25,2027,heron_prior,Z0,0.7849436925151991,0.7219707936050624,0.0006,0.003,0.01,1.0,0.8141676210307132,0.7242436231129621,2223.0,-0.8,1.8,,,0.9376991150442477,0.9223529411764706,0.689697265625,0.62255859375,0.639317070838426,False,"diagnostic time, not official t=1.0"
time_window,baseline_ST2_k2_raw,none,2,8192,8192,1,8192.0,1.0,0.9370271010898633,0.8671875,0.06983960108986331,0.005501973188348114,620,8.235557292005979,1.25,2027,heron_prior,Z0,0.7849436925151991,0.7219707936050624,0.0006,0.003,0.01,1.0,0.84423828125,0.736328125,,,,,,,,,,0.0,False,"diagnostic time, not official t=1.0; baseline/control"
time_window,baseline_ST2_k3_raw_control,none_control,3,8192,8192,1,8192.0,1.0,0.9370271010898633,0.841796875,0.09523022608986331,0.005963942161727178,729,8.235557292005979,1.25,2027,heron_prior,Z0,0.7849436925151991,0.7219707936050624,0.0006,0.003,0.01,1.0,0.761474609375,0.653564453125,,,,,,,,,,-0.3635562718539819,False,"diagnostic time, not official t=1.0; baseline/control"
time_window,postselection_ST2_k2_weight1,postselection,2,8192,8192,1,5687.0,0.6942138671875,0.9370271010898633,0.9395111658167751,0.002484064726911761,0.004541947763435342,423,8.235557292005979,1.25,2027,heron_prior,Z0,0.7849436925151991,0.7219707936050624,0.0006,0.003,0.01,1.0,0.9078600316511342,0.8473711974679092,,,,,,,,,,0.9644318597450823,False,"diagnostic time, not official t=1.0"
time_window,MPF23_raw,MPF,"2,3",8192,16384,2,16384.0,1.0,0.9370271010898633,0.821484375,0.11554272608986327,0.011602421192539798,5514,8.235557292005979,1.25,2027,heron_prior,Z0,0.7849436925151991,0.7219707936050624,0.0006,0.003,0.01,1.0,0.6952636718749999,0.587353515625,2757.0,-0.8,1.8,0.8671875,0.841796875,,,,,-0.6544012893371669,False,"diagnostic time, not official t=1.0; relative error improvement -0.654 < 0.100"
time_window,MPF23_postselected,MPF_postselected,"2,3",8192,16384,2,10927.0,0.6396484375,0.9370271010898633,0.9343452658198623,0.0026818352700009873,0.009437832203038546,3650,8.235557292005979,1.25,2027,heron_prior,Z0,0.7849436925151991,0.7219707936050624,0.0006,0.003,0.01,1.0,0.7872234250607719,0.7215686908806345,1825.0,-0.8,1.8,,,0.9395111658167751,0.9366412213740458,0.6942138671875,0.6396484375,0.9616000774897004,False,"diagnostic time, not official t=1.0"
time_window,baseline_ST2_k2_raw,none,2,4096,4096,1,4096.0,1.0,0.9539526359368348,0.92041015625,0.03354247968683477,0.006108658531195271,383,6.532978834002279,1.5,2027,heron_prior,Z0,0.8447650468333716,0.7987176827702065,0.0006,0.003,0.01,1.0,0.89599609375,0.833984375,,,,,,,,,,0.0,False,"diagnostic time, not official t=1.0; baseline/control"
time_window,baseline_ST2_k3_raw_control,none_control,3,4096,4096,1,4096.0,1.0,0.9539526359368348,0.86572265625,0.08822997968683477,0.007820687622987425,627,6.532978834002279,1.5,2027,heron_prior,Z0,0.8447650468333716,0.7987176827702065,0.0006,0.003,0.01,1.0,0.80908203125,0.712890625,,,,,,,,,,-1.6303952632775844,False,"diagnostic time, not official t=1.0; baseline/control"
time_window,postselection_ST2_k2_weight1,postselection,2,4096,4096,1,2796.0,0.6826171875,0.9539526359368348,0.9928469241773963,0.038894288240561514,0.0022579524977139305,53,6.532978834002279,1.5,2027,heron_prior,Z0,0.8447650468333716,0.7987176827702065,0.0006,0.003,0.01,1.0,0.9842632331902719,0.977110157367668,,,,,,,,,,-0.15955315777763737,False,"diagnostic time, not official t=1.0; relative error improvement -0.160 < 0.100"
time_window,MPF23_raw,MPF,"2,3",4096,8192,2,8192.0,1.0,0.9539526359368348,0.82197265625,0.13197997968683473,0.01490136489240655,4548,6.532978834002279,1.5,2027,heron_prior,Z0,0.8447650468333716,0.7987176827702065,0.0006,0.003,0.01,1.0,0.73955078125,0.616015625,2274.0,-0.8,1.8,0.92041015625,0.86572265625,,,,,-2.9347114738996507,False,"diagnostic time, not official t=1.0; relative error improvement -2.935 < 0.100"
time_window,MPF23_postselected,MPF_postselected,"2,3",4096,8192,2,5337.0,0.620361328125,0.9539526359368348,0.9405512682141632,0.013401367722671531,0.009691424584761103,1924,6.532978834002279,1.5,2027,heron_prior,Z0,0.8447650468333716,0.7987176827702065,0.0006,0.003,0.01,1.0,0.8524949624442405,0.793046230658404,962.0,-0.8,1.8,,,0.9928469241773963,0.9637937819756002,0.6826171875,0.620361328125,0.6004658019385641,False,"diagnostic time, not official t=1.0"
time_window,baseline_ST2_k2_raw,none,2,8192,8192,1,8192.0,1.0,0.9539526359368348,0.923095703125,0.03085693281183477,0.00424894177531073,370,8.430388833017787,1.5,2027,heron_prior,Z0,0.8447650468333716,0.7987176827702065,0.0006,0.003,0.01,1.0,0.917236328125,0.85595703125,,,,,,,,,,0.0,False,"diagnostic time, not official t=1.0; baseline/control"
time_window,baseline_ST2_k3_raw_control,none_control,3,8192,8192,1,8192.0,1.0,0.9539526359368348,0.886474609375,0.06747802656183477,0.00511301436389825,536,8.430388833017787,1.5,2027,heron_prior,Z0,0.8447650468333716,0.7987176827702065,0.0006,0.003,0.01,1.0,0.814208984375,0.72998046875,,,,,,,,,,-1.1868027834559909,False,"diagnostic time, not official t=1.0; baseline/control"
time_window,postselection_ST2_k2_weight1,postselection,2,8192,8192,1,5670.0,0.692138671875,0.9539526359368348,0.9964726631393298,0.04252002720249504,0.0011144577865611393,26,8.430388833017787,1.5,2027,heron_prior,Z0,0.8447650468333716,0.7987176827702065,0.0006,0.003,0.01,1.0,0.9844797178130511,0.9809523809523809,,,,,,,,,,-0.37797322442193737,False,"diagnostic time, not official t=1.0; relative error improvement -0.378 < 0.100"
time_window,MPF23_raw,MPF,"2,3",8192,16384,2,16384.0,1.0,0.9539526359368348,0.857177734375,0.09677490156183477,0.009811080034490612,3944,8.430388833017787,1.5,2027,heron_prior,Z0,0.8447650468333716,0.7987176827702065,0.0006,0.003,0.01,1.0,0.7317871093749999,0.62919921875,1972.0,-0.8,1.8,0.923095703125,0.886474609375,,,,,-2.1362450102207835,False,"diagnostic time, not official t=1.0; relative error improvement -2.136 < 0.100"
time_window,MPF23_postselected,MPF_postselected,"2,3",8192,16384,2,10875.0,0.6353759765625,0.9539526359368348,0.9571734545029454,0.0032208185661106725,0.005653931336235035,1310,8.430388833017787,1.5,2027,heron_prior,Z0,0.8447650468333716,0.7987176827702065,0.0006,0.003,0.01,1.0,0.8235977819455246,0.78077123644847,655.0,-0.8,1.8,,,0.9964726631393298,0.9746397694524496,0.692138671875,0.6353759765625,0.8956209100317524,False,"diagnostic time, not official t=1.0"
time_window,baseline_ST2_k2_raw,none,2,4096,4096,1,4096.0,1.0,0.9271155626310368,0.78955078125,0.13756478138103678,0.009588831748123795,942,6.456215291982517,2.0,2027,heron_prior,Z0,0.9098451346141808,0.8369606972452175,0.0006,0.003,0.01,1.0,0.85009765625,0.673828125,,,,,,,,,,0.0,False,"diagnostic time, not official t=1.0; baseline/control"
time_window,baseline_ST2_k3_raw_control,none_control,3,4096,4096,1,4096.0,1.0,0.9271155626310368,0.85986328125,0.06725228138103678,0.007976943360734552,652,6.456215291982517,2.0,2027,heron_prior,Z0,0.9098451346141808,0.8369606972452175,0.0006,0.003,0.01,1.0,0.865234375,0.76220703125,,,,,,,,,,0.5111228273263009,False,"diagnostic time, not official t=1.0; baseline/control"
time_window,postselection_ST2_k2_weight1,postselection,2,4096,4096,1,2797.0,0.682861328125,0.9271155626310368,0.8612799427958527,0.06583561983518404,0.009607917054401865,946,6.456215291982517,2.0,2027,heron_prior,Z0,0.9098451346141808,0.8369606972452175,0.0006,0.003,0.01,1.0,0.921344297461566,0.7826242402574186,,,,,,,,,,0.5214209685484265,False,"diagnostic time, not official t=1.0"
time_window,MPF23_raw,MPF,"2,3",4096,8192,2,8192.0,1.0,0.9271155626310368,0.91611328125,0.01100228138103676,0.016279180279745,5428,6.456215291982517,2.0,2027,heron_prior,Z0,0.9098451346141808,0.8369606972452175,0.0006,0.003,0.01,1.0,0.8773437499999999,0.8329101562500001,2714.0,-0.8,1.8,0.78955078125,0.85986328125,,,,,0.9200210891873418,False,"diagnostic time, not official t=1.0"
time_window,MPF23_postselected,MPF_postselected,"2,3",4096,8192,2,5369.0,0.6279296875,0.9271155626310368,1.0241953303667393,0.09707976773570248,0.013327329223055517,3638,6.456215291982517,2.0,2027,heron_prior,Z0,0.9098451346141808,0.8369606972452175,0.0006,0.003,0.01,1.0,1.002737936836346,1.0269332672030855,1819.0,-0.8,1.8,,,0.8612799427958527,0.9517884914463453,0.682861328125,0.6279296875,0.2942978081955149,False,"diagnostic time, not official t=1.0"
time_window,baseline_ST2_k2_raw,none,2,8192,8192,1,8192.0,1.0,0.9271155626310368,0.80029296875,0.12682259388103678,0.006624808039757579,899,8.375549332995433,2.0,2027,heron_prior,Z0,0.9098451346141808,0.8369606972452175,0.0006,0.003,0.01,1.0,0.86279296875,0.69580078125,,,,,,,,,,0.0,False,"diagnostic time, not official t=1.0; baseline/control"
time_window,baseline_ST2_k3_raw_control,none_control,3,8192,8192,1,8192.0,1.0,0.9271155626310368,0.87255859375,0.05455696888103678,0.005397318087551515,597,8.375549332995433,2.0,2027,heron_prior,Z0,0.9098451346141808,0.8369606972452175,0.0006,0.003,0.01,1.0,0.875,0.77490234375,,,,,,,,,,0.5698166453509634,False,"diagnostic time, not official t=1.0; baseline/control"
time_window,postselection_ST2_k2_weight1,postselection,2,8192,8192,1,5671.0,0.6922607421875,0.9271155626310368,0.8652794921530594,0.061836070477977345,0.006656700073882542,908,8.375549332995433,2.0,2027,heron_prior,Z0,0.9098451346141808,0.8369606972452175,0.0006,0.003,0.01,1.0,0.9336977605360607,0.7989772526891201,,,,,,,,,,0.5124207084426822,False,"diagnostic time, not official t=1.0"
time_window,MPF23_raw,MPF,"2,3",8192,16384,2,16384.0,1.0,0.9271155626310368,0.9303710937499999,0.003255531118963151,0.011066749749792408,5018,8.375549332995433,2.0,2027,heron_prior,Z0,0.9098451346141808,0.8369606972452175,0.0006,0.003,0.01,1.0,0.8847656249999999,0.83818359375,2509.0,-0.8,1.8,0.80029296875,0.87255859375,,,,,0.9743300383682664,False,"diagnostic time, not official t=1.0"
time_window,MPF23_postselected,MPF_postselected,"2,3",8192,16384,2,10835.0,0.63037109375,0.9271155626310368,1.0401544078267393,0.11303884519570251,0.008638029398364895,3058,8.375549332995433,2.0,2027,heron_prior,Z0,0.9098451346141808,0.8369606972452175,0.0006,0.003,0.01,1.0,0.972871381036682,1.013025788863421,1529.0,-0.8,1.8,,,0.8652794921530594,0.9624322230828815,0.6922607421875,0.63037109375,0.10868527652307619,False,"diagnostic time, not official t=1.0"
time_window,baseline_ST2_k2_raw,none,2,4096,4096,1,4096.0,1.0,-0.17105499903038957,-0.1552734375,0.015781561530389565,0.015435492654845407,2440,6.659741500014206,0.25,2028,heron_prior,Z0,0.6127109639921351,-0.5583440350382545,0.0006,0.003,0.01,1.0,0.5556640625,-0.4970703125,,,,,,,,,,0.0,False,"diagnostic time, not official t=1.0; baseline/control"
time_window,baseline_ST2_k3_raw_control,none_control,3,4096,4096,1,4096.0,1.0,-0.17105499903038957,-0.18896484375,0.017909844719610435,0.015343497705303407,2411,6.659741500014206,0.25,2028,heron_prior,Z0,0.6127109639921351,-0.5583440350382545,0.0006,0.003,0.01,1.0,0.57470703125,-0.4970703125,,,,,,,,,,-0.1348588468335385,False,"diagnostic time, not official t=1.0; baseline/control"
time_window,postselection_ST2_k2_weight1,postselection,2,4096,4096,1,2818.0,0.68798828125,-0.17105499903038957,-0.14123491838183108,0.029820080648558484,0.01864894292798727,3562,6.659741500014206,0.25,2028,heron_prior,Z0,0.6127109639921351,-0.5583440350382545,0.0006,0.003,0.01,1.0,0.596167494677076,-0.5450674237047551,,,,,,,,,,-0.8895519680442154,False,"diagnostic time, not official t=1.0; relative error improvement -0.890 < 0.100"
time_window,MPF23_raw,MPF,"2,3",4096,8192,2,8192.0,1.0,-0.17105499903038957,-0.21591796875000002,0.04486296971961046,0.030253150318212685,18746,6.659741500014206,0.25,2028,heron_prior,Z0,0.6127109639921351,-0.5583440350382545,0.0006,0.003,0.01,1.0,0.5899414062499999,-0.4970703125,9373.0,-0.8,1.8,-0.1552734375,-0.18896484375,,,,,-1.8427459243003708,False,"diagnostic time, not official t=1.0; relative error improvement -1.843 < 0.100"
time_window,MPF23_postselected,MPF_postselected,"2,3",4096,8192,2,5374.0,0.6240234375,-0.17105499903038957,-0.2278571357170704,0.056802136686680826,0.03800966693514675,29590,6.659741500014206,0.25,2028,heron_prior,Z0,0.6127109639921351,-0.5583440350382545,0.0006,0.003,0.01,1.0,0.6709533282020013,-0.5569038075150692,14795.0,-0.8,1.8,,,-0.14123491838183108,-0.18935837245696402,0.68798828125,0.6240234375,-2.599272263223161,False,"diagnostic time, not official t=1.0; relative error improvement -2.599 < 0.100; target-SE shot estimate 29590 > budget 20000"
time_window,baseline_ST2_k2_raw,none,2,8192,8192,1,8192.0,1.0,-0.17105499903038957,-0.185546875,0.014491875969610435,0.010856690074882292,2414,8.361693750019185,0.25,2028,heron_prior,Z0,0.6127109639921351,-0.5583440350382545,0.0006,0.003,0.01,1.0,0.583984375,-0.501953125,,,,,,,,,,0.0,False,"diagnostic time, not official t=1.0; baseline/control"
time_window,baseline_ST2_k3_raw_control,none_control,3,8192,8192,1,8192.0,1.0,-0.17105499903038957,-0.175048828125,0.003993829094610435,0.010877951219144259,2424,8.361693750019185,0.25,2028,heron_prior,Z0,0.6127109639921351,-0.5583440350382545,0.0006,0.003,0.01,1.0,0.555908203125,-0.49072265625,,,,,,,,,,0.7244091032116531,False,"diagnostic time, not official t=1.0; baseline/control"
time_window,postselection_ST2_k2_weight1,postselection,2,8192,8192,1,5720.0,0.6982421875,-0.17105499903038957,-0.18566433566433566,0.01460933663394609,0.012992256666861556,3457,8.361693750019185,0.25,2028,heron_prior,Z0,0.6127109639921351,-0.5583440350382545,0.0006,0.003,0.01,1.0,0.6262237762237762,-0.5594405594405595,,,,,,,,,,-0.008105276679290629,False,"diagnostic time, not official t=1.0; relative error improvement -0.008 < 0.100"
time_window,MPF23_raw,MPF,"2,3",8192,16384,2,16384.0,1.0,-0.17105499903038957,-0.16665039062500003,0.004404608405389532,0.02142017661078023,18794,8.361693750019185,0.25,2028,heron_prior,Z0,0.6127109639921351,-0.5583440350382545,0.0006,0.003,0.01,1.0,0.533447265625,-0.48173828124999996,9397.0,-0.8,1.8,-0.185546875,-0.175048828125,,,,,0.6960636142190268,False,"diagnostic time, not official t=1.0"
time_window,MPF23_postselected,MPF_postselected,"2,3",8192,16384,2,10954.0,0.638916015625,-0.17105499903038957,-0.16923696861029686,0.0018180304200927089,0.026603912191756,28992,8.361693750019185,0.25,2028,heron_prior,Z0,0.6127109639921351,-0.5583440350382545,0.0006,0.003,0.01,1.0,0.6084592671371425,-0.5607777014731544,14496.0,-0.8,1.8,,,-0.18566433566433566,-0.1765380206343141,0.6982421875,0.638916015625,0.8745483038976367,False,"diagnostic time, not official t=1.0; target-SE shot estimate 28992 > budget 20000"
time_window,baseline_ST2_k2_raw,none,2,4096,4096,1,4096.0,1.0,0.8997458345693597,0.7890625,0.11068333456935975,0.009598639469297723,944,6.452468833012972,0.5,2028,heron_prior,Z0,0.334777045048253,0.23452287961761276,0.0006,0.003,0.01,1.0,0.36669921875,0.21826171875,,,,,,,,,,0.0,False,"diagnostic time, not official t=1.0; baseline/control"
time_window,baseline_ST2_k3_raw_control,none_control,3,4096,4096,1,4096.0,1.0,0.8997458345693597,0.76708984375,0.13265599081935975,0.01002405762909736,1029,6.452468833012972,0.5,2028,heron_prior,Z0,0.334777045048253,0.23452287961761276,0.0006,0.003,0.01,1.0,0.34716796875,0.2001953125,,,,,,,,,,-0.19851819910820295,False,"diagnostic time, not official t=1.0; baseline/control"
time_window,postselection_ST2_k2_weight1,postselection,2,4096,4096,1,2825.0,0.689697265625,0.8997458345693597,0.8690265486725663,0.030719285896793402,0.009308723812083221,888,6.452468833012972,0.5,2028,heron_prior,Z0,0.334777045048253,0.23452287961761276,0.0006,0.003,0.01,1.0,0.39469026548672564,0.26371681415929205,,,,,,,,,,0.7224578929039841,False,"diagnostic time, not official t=1.0"
time_window,MPF23_raw,MPF,"2,3",4096,8192,2,8192.0,1.0,0.8997458345693597,0.74951171875,0.15023411581935975,0.0196093470712858,7876,6.452468833012972,0.5,2028,heron_prior,Z0,0.334777045048253,0.23452287961761276,0.0006,0.003,0.01,1.0,0.33154296874999994,0.1857421875,3938.0,-0.8,1.8,0.7890625,0.76708984375,,,,,-0.3573327583947653,False,"diagnostic time, not official t=1.0; relative error improvement -0.357 < 0.100"
time_window,MPF23_postselected,MPF_postselected,"2,3",4096,8192,2,5401.0,0.62890625,0.8997458345693597,0.8322632331116363,0.06748260145772345,0.02018595327355361,8346,6.452468833012972,0.5,2028,heron_prior,Z0,0.334777045048253,0.23452287961761276,0.0006,0.003,0.01,1.0,0.42073847084043314,0.25300170395206945,4173.0,-0.8,1.8,,,0.8690265486725663,0.8486024844720497,0.689697265625,0.62890625,0.3903092844078035,False,"diagnostic time, not official t=1.0"
time_window,baseline_ST2_k2_raw,none,2,8192,8192,1,8192.0,1.0,0.8997458345693597,0.804931640625,0.09481419394435975,0.006555847203732314,881,8.15639616700355,0.5,2028,heron_prior,Z0,0.334777045048253,0.23452287961761276,0.0006,0.003,0.01,1.0,0.342041015625,0.21435546875,,,,,,,,,,0.0,False,"diagnostic time, not official t=1.0; baseline/control"
time_window,baseline_ST2_k3_raw_control,none_control,3,8192,8192,1,8192.0,1.0,0.8997458345693597,0.788330078125,0.11141575644435975,0.006797644424152807,947,8.15639616700355,0.5,2028,heron_prior,Z0,0.334777045048253,0.23452287961761276,0.0006,0.003,0.01,1.0,0.309814453125,0.181640625,,,,,,,,,,-0.17509575106172787,False,"diagnostic time, not official t=1.0; baseline/control"
time_window,postselection_ST2_k2_weight1,postselection,2,8192,8192,1,5721.0,0.6983642578125,0.8997458345693597,0.8713511623841985,0.02839467218516123,0.006487010562074061,862,8.15639616700355,0.5,2028,heron_prior,Z0,0.334777045048253,0.23452287961761276,0.0006,0.003,0.01,1.0,0.3801782905086523,0.2515294528928509,,,,,,,,,,0.7005229807488085,False,"diagnostic time, not official t=1.0"
time_window,MPF23_raw,MPF,"2,3",8192,16384,2,16384.0,1.0,0.8997458345693597,0.7750488281249999,0.12469700644435988,0.013312417763927682,7260,8.15639616700355,0.5,2028,heron_prior,Z0,0.334777045048253,0.23452287961761276,0.0006,0.003,0.01,1.0,0.2840332031250001,0.15546875,3630.0,-0.8,1.8,0.804931640625,0.788330078125,,,,,-0.31517235191111154,False,"diagnostic time, not official t=1.0; relative error improvement -0.315 < 0.100"
time_window,MPF23_postselected,MPF_postselected,"2,3",8192,16384,2,10940.0,0.6370849609375,0.8997458345693597,0.8718403193741129,0.027905515195246866,0.013270112362216587,7214,8.15639616700355,0.5,2028,heron_prior,Z0,0.334777045048253,0.23452287961761276,0.0006,0.003,0.01,1.0,0.32252914379541575,0.1943694631695284,3607.0,-0.8,1.8,,,0.8713511623841985,0.8716229162674842,0.6983642578125,0.6370849609375,0.7056820921599272,False,"diagnostic time, not official t=1.0"
time_window,baseline_ST2_k2_raw,none,2,4096,4096,1,4096.0,1.0,0.8647464349484324,0.830078125,0.034668309948432396,0.00871323619329117,778,6.477065165992826,0.75,2028,heron_prior,Z0,0.7700804422901781,0.6348268772386105,0.0006,0.003,0.01,1.0,0.7412109375,0.623046875,,,,,,,,,,0.0,False,"diagnostic time, not official t=1.0; baseline/control"
time_window,baseline_ST2_k3_raw_control,none_control,3,4096,4096,1,4096.0,1.0,0.8647464349484324,0.77099609375,0.0937503411984324,0.009950623010467516,1014,6.477065165992826,0.75,2028,heron_prior,Z0,0.7700804422901781,0.6348268772386105,0.0006,0.003,0.01,1.0,0.69873046875,0.533203125,,,,,,,,,,-1.70420857947451,False,"diagnostic time, not official t=1.0; baseline/control"
time_window,postselection_ST2_k2_weight1,postselection,2,4096,4096,1,2827.0,0.690185546875,0.8647464349484324,0.9108595684471171,0.04611313349868473,0.007762271833314429,617,6.477065165992826,0.75,2028,heron_prior,Z0,0.7700804422901781,0.6348268772386105,0.0006,0.003,0.01,1.0,0.8125221082419526,0.7233816766890697,,,,,,,,,,-0.33012349224049325,False,"diagnostic time, not official t=1.0; relative error improvement -0.330 < 0.100"
time_window,MPF23_raw,MPF,"2,3",4096,8192,2,8192.0,1.0,0.8647464349484324,0.7237304687500001,0.14101596619843226,0.019219713339561923,7566,6.477065165992826,0.75,2028,heron_prior,Z0,0.7700804422901781,0.6348268772386105,0.0006,0.003,0.01,1.0,0.66474609375,0.46132812500000003,3783.0,-0.8,1.8,0.830078125,0.77099609375,,,,,-3.0675754430541144,False,"diagnostic time, not official t=1.0; relative error improvement -3.068 < 0.100"
time_window,MPF23_postselected,MPF_postselected,"2,3",4096,8192,2,5391.0,0.6259765625,0.8647464349484324,0.8059457305777198,0.05880070437071261,0.019587924425180706,7858,6.477065165992826,0.75,2028,heron_prior,Z0,0.7700804422901781,0.6348268772386105,0.0006,0.003,0.01,1.0,0.7722912057621323,0.578236936339852,3929.0,-0.8,1.8,,,0.9108595684471171,0.8525741029641186,0.690185546875,0.6259765625,-0.6960937656948406,False,"diagnostic time, not official t=1.0; relative error improvement -0.696 < 0.100"
time_window,baseline_ST2_k2_raw,none,2,8192,8192,1,8192.0,1.0,0.8647464349484324,0.836181640625,0.028564794323432396,0.006059602479710988,753,8.125072333990829,0.75,2028,heron_prior,Z0,0.7700804422901781,0.6348268772386105,0.0006,0.003,0.01,1.0,0.734130859375,0.60546875,,,,,,,,,,0.0,False,"diagnostic time, not official t=1.0; baseline/control"
time_window,baseline_ST2_k3_raw_control,none_control,3,8192,8192,1,8192.0,1.0,0.8647464349484324,0.790771484375,0.0739749505734324,0.006762940246573998,937,8.125072333990829,0.75,2028,heron_prior,Z0,0.7700804422901781,0.6348268772386105,0.0006,0.003,0.01,1.0,0.69677734375,0.546630859375,,,,,,,,,,-1.589724600703634,False,"diagnostic time, not official t=1.0; baseline/control"
time_window,postselection_ST2_k2_weight1,postselection,2,8192,8192,1,5773.0,0.7047119140625,0.8647464349484324,0.9061146717477915,0.04136823679935908,0.0055676586091068314,635,8.125072333990829,0.75,2028,heron_prior,Z0,0.7700804422901781,0.6348268772386105,0.0006,0.003,0.01,1.0,0.7952537675385415,0.701368439286333,,,,,,,,,,-0.4482245638094341,False,"diagnostic time, not official t=1.0; relative error improvement -0.448 < 0.100"
time_window,MPF23_raw,MPF,"2,3",8192,16384,2,16384.0,1.0,0.8647464349484324,0.754443359375,0.11030307557343244,0.013103017573782114,7034,8.125072333990829,0.75,2028,heron_prior,Z0,0.7700804422901781,0.6348268772386105,0.0006,0.003,0.01,1.0,0.66689453125,0.49956054687500007,3517.0,-0.8,1.8,0.836181640625,0.790771484375,,,,,-2.861504281266543,False,"diagnostic time, not official t=1.0; relative error improvement -2.862 < 0.100"
time_window,MPF23_postselected,MPF_postselected,"2,3",8192,16384,2,11044.0,0.6434326171875,0.8647464349484324,0.8579198733018237,0.006826561646608664,0.012618477208856088,6522,8.125072333990829,0.75,2028,heron_prior,Z0,0.7700804422901781,0.6348268772386105,0.0006,0.003,0.01,1.0,0.7423968721387739,0.6003167454405979,3261.0,-0.8,1.8,,,0.9061146717477915,0.8793397837222539,0.7047119140625,0.6434326171875,0.7610148503324363,False,"diagnostic time, not official t=1.0"
time_window,baseline_ST2_k2_raw,none,2,4096,4096,1,4096.0,1.0,0.6845639601747561,0.72314453125,0.03858057107524393,0.010792136565628524,1193,6.408054624975193,1.0,2028,heron_prior,Z0,0.9912671465636668,0.6758311067384228,0.0006,0.003,0.01,1.0,0.88720703125,0.6474609375,,,,,,,,,,0.0,False,baseline/control
time_window,baseline_ST2_k3_raw_control,none_control,3,4096,4096,1,4096.0,1.0,0.6845639601747561,0.62353515625,0.06102880392475607,0.012215551740557698,1529,6.408054624975193,1.0,2028,heron_prior,Z0,0.9912671465636668,0.6758311067384228,0.0006,0.003,0.01,1.0,0.87109375,0.54736328125,,,,,,,,,,-0.5818533065705848,False,baseline/control
time_window,postselection_ST2_k2_weight1,postselection,2,4096,4096,1,2825.0,0.689697265625,0.6845639601747561,0.791858407079646,0.10729444690488998,0.011490053615366418,1352,6.408054624975193,1.0,2028,heron_prior,Z0,0.9912671465636668,0.6758311067384228,0.0006,0.003,0.01,1.0,0.9752212389380531,0.7670796460176991,,,,,,,,,,-1.7810486966518186,False,relative error improvement -1.781 < 0.100
time_window,MPF23_raw,MPF,"2,3",4096,8192,2,8192.0,1.0,0.6845639601747561,0.54384765625,0.1407163039247561,0.023622294077285923,11430,6.408054624975193,1.0,2028,heron_prior,Z0,0.9912671465636668,0.6758311067384228,0.0006,0.003,0.01,1.0,0.8582031250000001,0.46728515625,5715.0,-0.8,1.8,0.72314453125,0.62353515625,,,,,-2.647335951827053,False,relative error improvement -2.647 < 0.100
time_window,MPF23_postselected,MPF_postselected,"2,3",4096,8192,2,5378.0,0.623291015625,0.6845639601747561,0.6081113941952725,0.07645256597948358,0.027381811001280985,15356,6.408054624975193,1.0,2028,heron_prior,Z0,0.9912671465636668,0.6758311067384228,0.0006,0.003,0.01,1.0,0.9746996245957384,0.582811018791011,7678.0,-0.8,1.8,,,0.791858407079646,0.6897767332549941,0.689697265625,0.623291015625,-0.9816338599648423,False,relative error improvement -0.982 < 0.100
time_window,baseline_ST2_k2_raw,none,2,8192,8192,1,8192.0,1.0,0.6845639601747561,0.7119140625,0.02735010232524393,0.007759022970256753,1233,8.160136582999257,1.0,2028,heron_prior,Z0,0.9912671465636668,0.6758311067384228,0.0006,0.003,0.01,1.0,0.9052734375,0.65478515625,,,,,,,,,,0.0,False,baseline/control
time_window,baseline_ST2_k3_raw_control,none_control,3,8192,8192,1,8192.0,1.0,0.6845639601747561,0.63818359375,0.04638036642475607,0.008506099178008396,1482,8.160136582999257,1.0,2028,heron_prior,Z0,0.9912671465636668,0.6758311067384228,0.0006,0.003,0.01,1.0,0.876220703125,0.578857421875,,,,,,,,,,-0.6958022998673521,False,baseline/control
time_window,postselection_ST2_k2_weight1,postselection,2,8192,8192,1,5744.0,0.701171875,0.6845639601747561,0.7761142061281338,0.09155024595337768,0.008320348113562703,1418,8.160136582999257,1.0,2028,heron_prior,Z0,0.9912671465636668,0.6758311067384228,0.0006,0.003,0.01,1.0,0.9860724233983287,0.7621866295264624,,,,,,,,,,-2.347345646633195,False,relative error improvement -2.347 < 0.100
time_window,MPF23_raw,MPF,"2,3",8192,16384,2,16384.0,1.0,0.6845639601747561,0.5791992187499999,0.10536474142475616,0.016521368684903653,11182,8.160136582999257,1.0,2028,heron_prior,Z0,0.9912671465636668,0.6758311067384228,0.0006,0.003,0.01,1.0,0.8529785156249999,0.5181152343750001,5591.0,-0.8,1.8,0.7119140625,0.63818359375,,,,,-2.852444139761237,False,relative error improvement -2.852 < 0.100
time_window,MPF23_postselected,MPF_postselected,"2,3",8192,16384,2,10995.0,0.6409912109375,0.6845639601747561,0.6704055309268587,0.014158429247897342,0.018541380118477363,14082,8.160136582999257,1.0,2028,heron_prior,Z0,0.9912671465636668,0.6758311067384228,0.0006,0.003,0.01,1.0,0.9734349578724626,0.6438404887993213,7041.0,-0.8,1.8,,,0.7761142061281338,0.7173871643496477,0.701171875,0.6409912109375,0.4823262787273296,True,ready
time_window,baseline_ST2_k2_raw,none,2,4096,4096,1,4096.0,1.0,0.9370271010898633,0.8623046875,0.07472241358986331,0.007912340569019892,642,6.413209291989915,1.25,2028,heron_prior,Z0,0.7849436925151991,0.7219707936050624,0.0006,0.003,0.01,1.0,0.83056640625,0.72119140625,,,,,,,,,,0.0,False,"diagnostic time, not official t=1.0; baseline/control"
time_window,baseline_ST2_k3_raw_control,none_control,3,4096,4096,1,4096.0,1.0,0.9370271010898633,0.82373046875,0.11329663233986331,0.008859087225993436,804,6.413209291989915,1.25,2028,heron_prior,Z0,0.7849436925151991,0.7219707936050624,0.0006,0.003,0.01,1.0,0.75537109375,0.6279296875,,,,,,,,,,-0.5162335756674875,False,"diagnostic time, not official t=1.0; baseline/control"
time_window,postselection_ST2_k2_weight1,postselection,2,4096,4096,1,2825.0,0.689697265625,0.9370271010898633,0.9376991150442477,0.0006720139543844317,0.006537038642283103,438,6.413209291989915,1.25,2028,heron_prior,Z0,0.7849436925151991,0.7219707936050624,0.0006,0.003,0.01,1.0,0.8980530973451327,0.8357522123893806,,,,,,,,,,0.9910065277324555,False,"diagnostic time, not official t=1.0"
time_window,MPF23_raw,MPF,"2,3",4096,8192,2,8192.0,1.0,0.9370271010898633,0.7928710937499999,0.14415600733986345,0.0171567359100513,6030,6.413209291989915,1.25,2028,heron_prior,Z0,0.7849436925151991,0.7219707936050624,0.0006,0.003,0.01,1.0,0.6952148437499999,0.5533203125,3015.0,-0.8,1.8,0.8623046875,0.82373046875,,,,,-0.9292204362014793,False,"diagnostic time, not official t=1.0; relative error improvement -0.929 < 0.100"
time_window,MPF23_postselected,MPF_postselected,"2,3",4096,8192,2,5374.0,0.622314453125,0.9370271010898633,0.9114334894475363,0.025593611642326985,0.014673404499508266,4410,6.413209291989915,1.25,2028,heron_prior,Z0,0.7849436925151991,0.7219707936050624,0.0006,0.003,0.01,1.0,0.8146293149838388,0.726062804431375,2205.0,-0.8,1.8,,,0.9376991150442477,0.9231071008238525,0.689697265625,0.622314453125,0.6574841414678425,False,"diagnostic time, not official t=1.0"
time_window,baseline_ST2_k2_raw,none,2,8192,8192,1,8192.0,1.0,0.9370271010898633,0.875,0.06202710108986331,0.005348853100636388,586,8.157957041985355,1.25,2028,heron_prior,Z0,0.7849436925151991,0.7219707936050624,0.0006,0.003,0.01,1.0,0.839111328125,0.744384765625,,,,,,,,,,0.0,False,"diagnostic time, not official t=1.0; baseline/control"
time_window,baseline_ST2_k3_raw_control,none_control,3,8192,8192,1,8192.0,1.0,0.9370271010898633,0.844482421875,0.09254467921486331,0.005917415033337972,718,8.157957041985355,1.25,2028,heron_prior,Z0,0.7849436925151991,0.7219707936050624,0.0006,0.003,0.01,1.0,0.748779296875,0.638671875,,,,,,,,,,-0.49200394003238834,False,"diagnostic time, not official t=1.0; baseline/control"
time_window,postselection_ST2_k2_weight1,postselection,2,8192,8192,1,5766.0,0.703857421875,0.9370271010898633,0.9455428373222338,0.008515736232370452,0.004286576559872163,377,8.157957041985355,1.25,2028,heron_prior,Z0,0.7849436925151991,0.7219707936050624,0.0006,0.003,0.01,1.0,0.9007977800901839,0.8463406174124176,,,,,,,,,,0.8627094272867425,False,"diagnostic time, not official t=1.0"
time_window,MPF23_raw,MPF,"2,3",8192,16384,2,16384.0,1.0,0.9370271010898633,0.8200683593749999,0.11695874171486342,0.01147875172079911,5398,8.157957041985355,1.25,2028,heron_prior,Z0,0.7849436925151991,0.7219707936050624,0.0006,0.003,0.01,1.0,0.676513671875,0.5541015625,2699.0,-0.8,1.8,0.875,0.844482421875,,,,,-0.8856070920583008,False,"diagnostic time, not official t=1.0; relative error improvement -0.886 < 0.100"
time_window,MPF23_postselected,MPF_postselected,"2,3",8192,16384,2,11056.0,0.645751953125,0.9370271010898633,0.9353615713520429,0.0016655297378204148,0.009120453619800455,3408,8.157957041985355,1.25,2028,heron_prior,Z0,0.7849436925151991,0.7219707936050624,0.0006,0.003,0.01,1.0,0.7588324753607452,0.6941940467127878,1704.0,-0.8,1.8,,,0.9455428373222338,0.9398865784499055,0.703857421875,0.645751953125,0.9731483543716248,False,"diagnostic time, not official t=1.0"
time_window,baseline_ST2_k2_raw,none,2,4096,4096,1,4096.0,1.0,0.9539526359368348,0.92041015625,0.03354247968683477,0.006108658531195271,383,6.469618834002176,1.5,2028,heron_prior,Z0,0.8447650468333716,0.7987176827702065,0.0006,0.003,0.01,1.0,0.89599609375,0.833984375,,,,,,,,,,0.0,False,"diagnostic time, not official t=1.0; baseline/control"
time_window,baseline_ST2_k3_raw_control,none_control,3,4096,4096,1,4096.0,1.0,0.9539526359368348,0.8662109375,0.08774169843683477,0.007807476693726895,625,6.469618834002176,1.5,2028,heron_prior,Z0,0.8447650468333716,0.7987176827702065,0.0006,0.003,0.01,1.0,0.80908203125,0.71337890625,,,,,,,,,,-1.615838162712606,False,"diagnostic time, not official t=1.0; baseline/control"
time_window,postselection_ST2_k2_weight1,postselection,2,4096,4096,1,2796.0,0.6826171875,0.9539526359368348,0.9928469241773963,0.038894288240561514,0.0022579524977139305,53,6.469618834002176,1.5,2028,heron_prior,Z0,0.8447650468333716,0.7987176827702065,0.0006,0.003,0.01,1.0,0.9842632331902719,0.977110157367668,,,,,,,,,,-0.15955315777763737,False,"diagnostic time, not official t=1.0; relative error improvement -0.160 < 0.100"
time_window,MPF23_raw,MPF,"2,3",4096,8192,2,8192.0,1.0,0.9539526359368348,0.8228515625000001,0.13110107343683464,0.014878902409764099,4534,6.469618834002176,1.5,2028,heron_prior,Z0,0.8447650468333716,0.7987176827702065,0.0006,0.003,0.01,1.0,0.73955078125,0.61689453125,2267.0,-0.8,1.8,0.92041015625,0.8662109375,,,,,-2.9085086928826867,False,"diagnostic time, not official t=1.0; relative error improvement -2.909 < 0.100"
time_window,MPF23_postselected,MPF_postselected,"2,3",4096,8192,2,5336.0,0.6201171875,0.9539526359368348,0.9419429330990279,0.01200970283780689,0.009594666086986893,1886,6.469618834002176,1.5,2028,heron_prior,Z0,0.8447650468333716,0.7987176827702065,0.0006,0.003,0.01,1.0,0.852431933132822,0.7943748662318498,943.0,-0.8,1.8,,,0.9928469241773963,0.9645669291338582,0.6826171875,0.6201171875,0.6419554263747344,False,"diagnostic time, not official t=1.0"
time_window,baseline_ST2_k2_raw,none,2,8192,8192,1,8192.0,1.0,0.9539526359368348,0.92578125,0.02817138593683477,0.004177008153313371,358,8.146774124994408,1.5,2028,heron_prior,Z0,0.8447650468333716,0.7987176827702065,0.0006,0.003,0.01,1.0,0.917236328125,0.852783203125,,,,,,,,,,0.0,False,"diagnostic time, not official t=1.0; baseline/control"
time_window,baseline_ST2_k3_raw_control,none_control,3,8192,8192,1,8192.0,1.0,0.9539526359368348,0.87890625,0.07504638593683477,0.005270095048496071,569,8.146774124994408,1.5,2028,heron_prior,Z0,0.8447650468333716,0.7987176827702065,0.0006,0.003,0.01,1.0,0.81005859375,0.72412109375,,,,,,,,,,-1.663922396473572,False,"diagnostic time, not official t=1.0; baseline/control"
time_window,postselection_ST2_k2_weight1,postselection,2,8192,8192,1,5718.0,0.697998046875,0.9539526359368348,0.9958027282266527,0.04185009228981795,0.0012103759223664472,31,8.146774124994408,1.5,2028,heron_prior,Z0,0.8447650468333716,0.7987176827702065,0.0006,0.003,0.01,1.0,0.9846100034977264,0.9804127317243791,,,,,,,,,,-0.4855531915842998,False,"diagnostic time, not official t=1.0; relative error improvement -0.486 < 0.100"
time_window,MPF23_raw,MPF,"2,3",8192,16384,2,16384.0,1.0,0.9539526359368348,0.8414062499999999,0.11254638593683486,0.010057523355658389,4144,8.146774124994408,1.5,2028,heron_prior,Z0,0.8447650468333716,0.7987176827702065,0.0006,0.003,0.01,1.0,0.72431640625,0.62119140625,2072.0,-0.8,1.8,0.92578125,0.87890625,,,,,-2.995060313652433,False,"diagnostic time, not official t=1.0; relative error improvement -2.995 < 0.100"
time_window,MPF23_postselected,MPF_postselected,"2,3",8192,16384,2,10929.0,0.6361083984375,0.9539526359368348,0.9570711162096969,0.003118480272862101,0.0057011806150365435,1332,8.146774124994408,1.5,2028,heron_prior,Z0,0.8447650468333716,0.7987176827702065,0.0006,0.003,0.01,1.0,0.8257834997924924,0.7828546160021893,666.0,-0.8,1.8,,,0.9958027282266527,0.9742851659950106,0.697998046875,0.6361083984375,0.8893032710618397,False,"diagnostic time, not official t=1.0"
time_window,baseline_ST2_k2_raw,none,2,4096,4096,1,4096.0,1.0,0.9271155626310368,0.78955078125,0.13756478138103678,0.009588831748123795,942,6.467240250000032,2.0,2028,heron_prior,Z0,0.9098451346141808,0.8369606972452175,0.0006,0.003,0.01,1.0,0.849609375,0.67333984375,,,,,,,,,,0.0,False,"diagnostic time, not official t=1.0; baseline/control"
time_window,baseline_ST2_k3_raw_control,none_control,3,4096,4096,1,4096.0,1.0,0.9271155626310368,0.8603515625,0.06676400013103678,0.00796407934358824,650,6.467240250000032,2.0,2028,heron_prior,Z0,0.9098451346141808,0.8369606972452175,0.0006,0.003,0.01,1.0,0.865234375,0.7626953125,,,,,,,,,,0.5146722914049557,False,"diagnostic time, not official t=1.0; baseline/control"
time_window,postselection_ST2_k2_weight1,postselection,2,4096,4096,1,2797.0,0.682861328125,0.9271155626310368,0.8612799427958527,0.06583561983518404,0.009607917054401865,946,6.467240250000032,2.0,2028,heron_prior,Z0,0.9098451346141808,0.8369606972452175,0.0006,0.003,0.01,1.0,0.9206292456203075,0.7819091884161602,,,,,,,,,,0.5214209685484265,False,"diagnostic time, not official t=1.0"
time_window,MPF23_raw,MPF,"2,3",4096,8192,2,8192.0,1.0,0.9271155626310368,0.9169921874999999,0.010123375131036894,0.016258760656052123,5414,6.467240250000032,2.0,2028,heron_prior,Z0,0.9098451346141808,0.8369606972452175,0.0006,0.003,0.01,1.0,0.877734375,0.8341796874999999,2707.0,-0.8,1.8,0.78955078125,0.8603515625,,,,,0.9264101245289196,False,"diagnostic time, not official t=1.0"
time_window,MPF23_postselected,MPF_postselected,"2,3",4096,8192,2,5368.0,0.627685546875,0.9271155626310368,1.0255618100573667,0.0984462474263299,0.01326054073943601,3602,6.467240250000032,2.0,2028,heron_prior,Z0,0.9098451346141808,0.8369606972452175,0.0006,0.003,0.01,1.0,1.0032865684979198,1.0288483785552864,1801.0,-0.8,1.8,,,0.8612799427958527,0.9525476468300272,0.682861328125,0.627685546875,0.2843644540556755,False,"diagnostic time, not official t=1.0"
time_window,baseline_ST2_k2_raw,none,2,8192,8192,1,8192.0,1.0,0.9271155626310368,0.7880859375,0.13902962513103678,0.006801099218180141,948,8.131155250011943,2.0,2028,heron_prior,Z0,0.9098451346141808,0.8369606972452175,0.0006,0.003,0.01,1.0,0.847412109375,0.671142578125,,,,,,,,,,0.0,False,"diagnostic time, not official t=1.0; baseline/control"
time_window,baseline_ST2_k3_raw_control,none_control,3,8192,8192,1,8192.0,1.0,0.9271155626310368,0.86572265625,0.06139290638103678,0.00553006125175611,627,8.131155250011943,2.0,2028,heron_prior,Z0,0.9098451346141808,0.8369606972452175,0.0006,0.003,0.01,1.0,0.871826171875,0.768798828125,,,,,,,,,,0.5584185289777386,False,"diagnostic time, not official t=1.0; baseline/control"
time_window,postselection_ST2_k2_weight1,postselection,2,8192,8192,1,5682.0,0.693603515625,0.9271155626310368,0.8609644491376276,0.06615111349340919,0.006748097588968809,933,8.131155250011943,2.0,2028,heron_prior,Z0,0.9098451346141808,0.8369606972452175,0.0006,0.003,0.01,1.0,0.9246744104188666,0.7856388595564942,,,,,,,,,,0.5241941173972013,False,"diagnostic time, not official t=1.0"
time_window,MPF23_raw,MPF,"2,3",8192,16384,2,16384.0,1.0,0.9271155626310368,0.92783203125,0.0007164686189632397,0.011344050392184639,5272,8.131155250011943,2.0,2028,heron_prior,Z0,0.9098451346141808,0.8369606972452175,0.0006,0.003,0.01,1.0,0.891357421875,0.8469238281249999,2636.0,-0.8,1.8,0.7880859375,0.86572265625,,,,,0.9948466478400704,False,"diagnostic time, not official t=1.0"
time_window,MPF23_postselected,MPF_postselected,"2,3",8192,16384,2,10947.0,0.6427001953125,0.9271155626310368,1.0469549364163937,0.11983937378535692,0.008503330494507827,2962,8.131155250011943,2.0,2028,heron_prior,Z0,0.9098451346141808,0.8369606972452175,0.0006,0.003,0.01,1.0,0.9905168819213169,1.0374718183377107,1481.0,-0.8,1.8,,,0.8609644491376276,0.9642924976258309,0.693603515625,0.6427001953125,0.13802994381659928,False,"diagnostic time, not official t=1.0"
time_window,baseline_ST2_k2_raw,none,2,4096,4096,1,4096.0,1.0,-0.17105499903038957,-0.15380859375,0.017246405280389565,0.015439072829864531,2441,6.443990750005469,0.25,2026,high,Z0,0.6127109639921351,-0.5583440350382545,0.001,0.006,0.02,1.0,0.5126953125,-0.43115234375,,,,,,,,,,0.0,False,"diagnostic time, not official t=1.0; baseline/control"
time_window,baseline_ST2_k3_raw_control,none_control,3,4096,4096,1,4096.0,1.0,-0.17105499903038957,-0.185546875,0.014491875969610435,0.01535367834637991,2414,6.443990750005469,0.25,2026,high,Z0,0.6127109639921351,-0.5583440350382545,0.001,0.006,0.02,1.0,0.5390625,-0.4326171875,,,,,,,,,,0.15971614176962623,False,"diagnostic time, not official t=1.0; baseline/control"
time_window,postselection_ST2_k2_weight1,postselection,2,4096,4096,1,2044.0,0.4990234375,-0.17105499903038957,-0.13013698630136986,0.04091801272901971,0.021930600876235877,4925,6.443990750005469,0.25,2026,high,Z0,0.6127109639921351,-0.5583440350382545,0.001,0.006,0.02,1.0,0.598825831702544,-0.5313111545988258,,,,,,,,,,-1.3725531241891031,False,"diagnostic time, not official t=1.0; relative error improvement -1.373 < 0.100"
time_window,MPF23_raw,MPF,"2,3",4096,8192,2,8192.0,1.0,-0.17105499903038957,-0.2109375,0.039882500969610435,0.03027104891306246,18768,6.443990750005469,0.25,2026,high,Z0,0.6127109639921351,-0.5583440350382545,0.001,0.006,0.02,1.0,0.56015625,-0.43378906249999993,9384.0,-0.8,1.8,-0.15380859375,-0.185546875,,,,,-1.3125109448146728,False,"diagnostic time, not official t=1.0; relative error improvement -1.313 < 0.100"
time_window,MPF23_postselected,MPF_postselected,"2,3",4096,8192,2,3767.0,0.420654296875,-0.17105499903038957,-0.14348182128972248,0.027573177740667087,0.04639689147691391,44088,6.443990750005469,0.25,2026,high,Z0,0.6127109639921351,-0.5583440350382545,0.001,0.006,0.02,1.0,0.679499984666984,-0.4639818366227385,22044.0,-0.8,1.8,,,-0.13013698630136986,-0.1375507835171213,0.4990234375,0.420654296875,-0.5987782550848335,False,"diagnostic time, not official t=1.0; relative error improvement -0.599 < 0.100; target-SE shot estimate 44088 > budget 20000"
time_window,baseline_ST2_k2_raw,none,2,8192,8192,1,8192.0,1.0,-0.17105499903038957,-0.173583984375,0.002528985344610435,0.010880816289733064,2425,8.147170125012053,0.25,2026,high,Z0,0.6127109639921351,-0.5583440350382545,0.001,0.006,0.02,1.0,0.543701171875,-0.44775390625,,,,,,,,,,0.0,False,"diagnostic time, not official t=1.0; baseline/control"
time_window,baseline_ST2_k3_raw_control,none_control,3,8192,8192,1,8192.0,1.0,-0.17105499903038957,-0.177490234375,0.006435235344610435,0.010873120890440484,2422,8.147170125012053,0.25,2026,high,Z0,0.6127109639921351,-0.5583440350382545,0.001,0.006,0.02,1.0,0.53173828125,-0.433837890625,,,,,,,,,,-1.5445917898752075,False,"diagnostic time, not official t=1.0; baseline/control"
time_window,postselection_ST2_k2_weight1,postselection,2,8192,8192,1,4167.0,0.5086669921875,-0.17105499903038957,-0.11783057355411566,0.0532244254762739,0.015383396813214465,4847,8.147170125012053,0.25,2026,high,Z0,0.6127109639921351,-0.5583440350382545,0.001,0.006,0.02,1.0,0.6145908327333813,-0.5032397408207343,,,,,,,,,,-20.04576271653824,False,"diagnostic time, not official t=1.0; relative error improvement -20.046 < 0.100"
time_window,MPF23_raw,MPF,"2,3",8192,16384,2,16384.0,1.0,-0.17105499903038957,-0.18061523437500002,0.009560235344610452,0.021420065359231303,18794,8.147170125012053,0.25,2026,high,Z0,0.6127109639921351,-0.5583440350382545,0.001,0.006,0.02,1.0,0.52216796875,-0.42270507812499997,9397.0,-0.8,1.8,-0.173583984375,-0.177490234375,,,,,-2.78026522177538,False,"diagnostic time, not official t=1.0; relative error improvement -2.780 < 0.100"
time_window,MPF23_postselected,MPF_postselected,"2,3",8192,16384,2,7657.0,0.426025390625,-0.17105499903038957,-0.10688167296186504,0.06417332606852452,0.032683772737062085,43756,8.147170125012053,0.25,2026,high,Z0,0.6127109639921351,-0.5583440350382545,0.001,0.006,0.02,1.0,0.6264935229250428,-0.4803881500368223,21878.0,-0.8,1.8,,,-0.11783057355411566,-0.11174785100286533,0.5086669921875,0.426025390625,-24.375127699053465,False,"diagnostic time, not official t=1.0; relative error improvement -24.375 < 0.100; target-SE shot estimate 43756 > budget 20000"
time_window,baseline_ST2_k2_raw,none,2,4096,4096,1,4096.0,1.0,0.8997458345693597,0.71484375,0.18490208456935975,0.010926315856445344,1223,6.489148916007252,0.5,2026,high,Z0,0.334777045048253,0.23452287961761276,0.001,0.006,0.02,1.0,0.33642578125,0.18212890625,,,,,,,,,,0.0,False,"diagnostic time, not official t=1.0; baseline/control"
time_window,baseline_ST2_k3_raw_control,none_control,3,4096,4096,1,4096.0,1.0,0.8997458345693597,0.67138671875,0.22835911581935975,0.0115797999156063,1374,6.489148916007252,0.5,2026,high,Z0,0.334777045048253,0.23452287961761276,0.001,0.006,0.02,1.0,0.3232421875,0.14697265625,,,,,,,,,,-0.23502726511284175,False,"diagnostic time, not official t=1.0; baseline/control"
time_window,postselection_ST2_k2_weight1,postselection,2,4096,4096,1,2065.0,0.504150390625,0.8997458345693597,0.8624697336561743,0.03727610091318545,0.011137397649601546,1271,6.489148916007252,0.5,2026,high,Z0,0.334777045048253,0.23452287961761276,0.001,0.006,0.02,1.0,0.4062953995157385,0.2687651331719128,,,,,,,,,,0.7984008617317531,False,"diagnostic time, not official t=1.0"
time_window,MPF23_raw,MPF,"2,3",4096,8192,2,8192.0,1.0,0.8997458345693597,0.63662109375,0.26312474081935977,0.022602285817182717,10464,6.489148916007252,0.5,2026,high,Z0,0.334777045048253,0.23452287961761276,0.001,0.006,0.02,1.0,0.31269531250000004,0.11884765625000002,5232.0,-0.8,1.8,0.71484375,0.67138671875,,,,,-0.4230490772031153,False,"diagnostic time, not official t=1.0; relative error improvement -0.423 < 0.100"
time_window,MPF23_postselected,MPF_postselected,"2,3",4096,8192,2,3788.0,0.420654296875,0.8997458345693597,0.8133323964761052,0.08641343809325452,0.025459761795514967,13276,6.489148916007252,0.5,2026,high,Z0,0.334777045048253,0.23452287961761276,0.001,0.006,0.02,1.0,0.4344529433009321,0.24778533977703734,6638.0,-0.8,1.8,,,0.8624697336561743,0.8351712130005804,0.504150390625,0.420654296875,0.532652980659937,False,"diagnostic time, not official t=1.0"
time_window,baseline_ST2_k2_raw,none,2,8192,8192,1,8192.0,1.0,0.8997458345693597,0.72314453125,0.17660130331935975,0.007631192949047226,1193,8.170138624991523,0.5,2026,high,Z0,0.334777045048253,0.23452287961761276,0.001,0.006,0.02,1.0,0.360107421875,0.196533203125,,,,,,,,,,0.0,False,"diagnostic time, not official t=1.0; baseline/control"
time_window,baseline_ST2_k3_raw_control,none_control,3,8192,8192,1,8192.0,1.0,0.8997458345693597,0.676025390625,0.22372044394435975,0.008141432235875759,1358,8.170138624991523,0.5,2026,high,Z0,0.334777045048253,0.23452287961761276,0.001,0.006,0.02,1.0,0.339111328125,0.1640625,,,,,,,,,,-0.2668108317399638,False,"diagnostic time, not official t=1.0; baseline/control"
time_window,postselection_ST2_k2_weight1,postselection,2,8192,8192,1,4206.0,0.513427734375,0.8997458345693597,0.8530670470756063,0.046678787493753426,0.008045824138397878,1326,8.170138624991523,0.5,2026,high,Z0,0.334777045048253,0.23452287961761276,0.001,0.006,0.02,1.0,0.42653352353780316,0.2796005706134094,,,,,,,,,,0.7356826556973869,False,"diagnostic time, not official t=1.0"
time_window,MPF23_raw,MPF,"2,3",8192,16384,2,16384.0,1.0,0.8997458345693597,0.638330078125,0.26141575644435977,0.01587536219450671,10324,8.170138624991523,0.5,2026,high,Z0,0.334777045048253,0.23452287961761276,0.001,0.006,0.02,1.0,0.32231445312500007,0.13808593750000003,5162.0,-0.8,1.8,0.72314453125,0.676025390625,,,,,-0.48025949713193494,False,"diagnostic time, not official t=1.0; relative error improvement -0.480 < 0.100"
time_window,MPF23_postselected,MPF_postselected,"2,3",8192,16384,2,7758.0,0.43359375,0.8997458345693597,0.8418706866638392,0.05787514790552051,0.017304220061026446,12266,8.170138624991523,0.5,2026,high,Z0,0.334777045048253,0.23452287961761276,0.001,0.006,0.02,1.0,0.409786694683271,0.2516573813471103,6133.0,-0.8,1.8,,,0.8530670470756063,0.8468468468468469,0.513427734375,0.43359375,0.6722835742561816,False,"diagnostic time, not official t=1.0"
time_window,baseline_ST2_k2_raw,none,2,4096,4096,1,4096.0,1.0,0.8647464349484324,0.76171875,0.1030276849484324,0.01012355971983105,1050,6.59893262499827,0.75,2026,high,Z0,0.7700804422901781,0.6348268772386105,0.001,0.006,0.02,1.0,0.6748046875,0.53125,,,,,,,,,,0.0,False,"diagnostic time, not official t=1.0; baseline/control"
time_window,baseline_ST2_k3_raw_control,none_control,3,4096,4096,1,4096.0,1.0,0.8647464349484324,0.68408203125,0.1806644036984324,0.011396954415605304,1331,6.59893262499827,0.75,2026,high,Z0,0.7700804422901781,0.6348268772386105,0.001,0.006,0.02,1.0,0.6259765625,0.42138671875,,,,,,,,,,-0.753552006811168,False,"diagnostic time, not official t=1.0; baseline/control"
time_window,postselection_ST2_k2_weight1,postselection,2,4096,4096,1,2057.0,0.502197265625,0.8647464349484324,0.9047156052503647,0.039969170301932255,0.009393097146269406,904,6.59893262499827,0.75,2026,high,Z0,0.7700804422901781,0.6348268772386105,0.001,0.006,0.02,1.0,0.7997083130772971,0.7044239183276616,,,,,,,,,,0.6120540772906069,False,"diagnostic time, not official t=1.0"
time_window,MPF23_raw,MPF,"2,3",4096,8192,2,8192.0,1.0,0.8647464349484324,0.6219726562500001,0.2427737786984323,0.022055311875807133,9964,6.59893262499827,0.75,2026,high,Z0,0.7700804422901781,0.6348268772386105,0.001,0.006,0.02,1.0,0.5869140624999999,0.33349609375,4982.0,-0.8,1.8,0.76171875,0.68408203125,,,,,-1.3563936122601015,False,"diagnostic time, not official t=1.0; relative error improvement -1.356 < 0.100"
time_window,MPF23_postselected,MPF_postselected,"2,3",4096,8192,2,3795.0,0.42431640625,0.8647464349484324,0.8090238334061526,0.055722601542279815,0.023850750774129292,11652,6.59893262499827,0.75,2026,high,Z0,0.7700804422901781,0.6348268772386105,0.001,0.006,0.02,1.0,0.7853196556371266,0.5943434890432792,5826.0,-0.8,1.8,,,0.9047156052503647,0.8515535097813579,0.502197265625,0.42431640625,0.4591492415832677,False,"diagnostic time, not official t=1.0"
time_window,baseline_ST2_k2_raw,none,2,8192,8192,1,8192.0,1.0,0.8647464349484324,0.75390625,0.1108401849484324,0.007258694327239306,1080,8.112480834010057,0.75,2026,high,Z0,0.7700804422901781,0.6348268772386105,0.001,0.006,0.02,1.0,0.696044921875,0.538818359375,,,,,,,,,,0.0,False,"diagnostic time, not official t=1.0; baseline/control"
time_window,baseline_ST2_k3_raw_control,none_control,3,8192,8192,1,8192.0,1.0,0.8647464349484324,0.691650390625,0.1730960443234324,0.007979616802820734,1305,8.112480834010057,0.75,2026,high,Z0,0.7700804422901781,0.6348268772386105,0.001,0.006,0.02,1.0,0.622314453125,0.44384765625,,,,,,,,,,-0.5616722798140773,False,"diagnostic time, not official t=1.0; baseline/control"
time_window,postselection_ST2_k2_weight1,postselection,2,8192,8192,1,4155.0,0.5072021484375,0.8647464349484324,0.8921780986762936,0.02743166372786121,0.007007272142154369,1006,8.112480834010057,0.75,2026,high,Z0,0.7700804422901781,0.6348268772386105,0.001,0.006,0.02,1.0,0.8093862815884476,0.7015643802647413,,,,,,,,,,0.7525115666251947,False,"diagnostic time, not official t=1.0"
time_window,MPF23_raw,MPF,"2,3",8192,16384,2,16384.0,1.0,0.8647464349484324,0.6418457031250001,0.22290073182343229,0.015492753561958334,9832,8.112480834010057,0.75,2026,high,Z0,0.7700804422901781,0.6348268772386105,0.001,0.006,0.02,1.0,0.5633300781249999,0.36787109375,4916.0,-0.8,1.8,0.75390625,0.691650390625,,,,,-1.011010103665338,False,"diagnostic time, not official t=1.0; relative error improvement -1.011 < 0.100"
time_window,MPF23_postselected,MPF_postselected,"2,3",8192,16384,2,7651.0,0.4267578125,0.8647464349484324,0.8391179329582785,0.025628501990153874,0.016384320004139544,10996,8.112480834010057,0.75,2026,high,Z0,0.7700804422901781,0.6348268772386105,0.001,0.006,0.02,1.0,0.7580973820518963,0.5972153150101748,5498.0,-0.8,1.8,,,0.8921780986762936,0.8627002288329519,0.5072021484375,0.4267578125,0.7687796894052699,False,"diagnostic time, not official t=1.0"
time_window,baseline_ST2_k2_raw,none,2,4096,4096,1,4096.0,1.0,0.6845639601747561,0.6640625,0.02050146017475607,0.011682454167444898,1398,6.450451916985912,1.0,2026,high,Z0,0.9912671465636668,0.6758311067384228,0.001,0.006,0.02,1.0,0.81005859375,0.55322265625,,,,,,,,,,0.0,False,baseline/control
time_window,baseline_ST2_k3_raw_control,none_control,3,4096,4096,1,4096.0,1.0,0.6845639601747561,0.5546875,0.12987646017475607,0.013000918099188763,1731,6.450451916985912,1.0,2026,high,Z0,0.9912671465636668,0.6758311067384228,0.001,0.006,0.02,1.0,0.7744140625,0.4345703125,,,,,,,,,,-5.334985853089431,False,baseline/control
time_window,postselection_ST2_k2_weight1,postselection,2,4096,4096,1,2030.0,0.49560546875,0.6845639601747561,0.7763546798029557,0.09179071962819962,0.013989324063644396,2004,6.450451916985912,1.0,2026,high,Z0,0.9912671465636668,0.6758311067384228,0.001,0.006,0.02,1.0,0.9714285714285714,0.7477832512315271,,,,,,,,,,-3.477277171760853,False,relative error improvement -3.477 < 0.100
time_window,MPF23_raw,MPF,"2,3",4096,8192,2,8192.0,1.0,0.6845639601747561,0.4671875,0.2173764601747561,0.025198896286272653,13006,6.450451916985912,1.0,2026,high,Z0,0.9912671465636668,0.6758311067384228,0.001,0.006,0.02,1.0,0.7458984375000001,0.33964843749999996,6503.0,-0.8,1.8,0.6640625,0.5546875,,,,,-9.602974535560977,False,relative error improvement -9.603 < 0.100
time_window,MPF23_postselected,MPF_postselected,"2,3",4096,8192,2,3739.0,0.417236328125,0.6845639601747561,0.6565054896275009,0.028058470547255188,0.03264985151222668,21832,6.450451916985912,1.0,2026,high,Z0,0.9912671465636668,0.6758311067384228,0.001,0.006,0.02,1.0,0.9680882721725319,0.6245937618000328,10916.0,-0.8,1.8,,,0.7763546798029557,0.7097717963721475,0.49560546875,0.417236328125,-0.3686083970645292,False,relative error improvement -0.369 < 0.100; target-SE shot estimate 21832 > budget 20000
time_window,baseline_ST2_k2_raw,none,2,8192,8192,1,8192.0,1.0,0.6845639601747561,0.675537109375,0.00902685079975607,0.008146378229253856,1360,8.09839958298835,1.0,2026,high,Z0,0.9912671465636668,0.6758311067384228,0.001,0.006,0.02,1.0,0.840576171875,0.57666015625,,,,,,,,,,0.0,False,baseline/control
time_window,baseline_ST2_k3_raw_control,none_control,3,8192,8192,1,8192.0,1.0,0.6845639601747561,0.59521484375,0.08934911642475607,0.008878240562785035,1615,8.09839958298835,1.0,2026,high,Z0,0.9912671465636668,0.6758311067384228,0.001,0.006,0.02,1.0,0.7919921875,0.4873046875,,,,,,,,,,-8.898149244603724,False,baseline/control
time_window,postselection_ST2_k2_weight1,postselection,2,8192,8192,1,4202.0,0.512939453125,0.6845639601747561,0.7801047120418848,0.09554075186712874,0.00965167550923989,1908,8.09839958298835,1.0,2026,high,Z0,0.9912671465636668,0.6758311067384228,0.001,0.006,0.02,1.0,0.9762018086625417,0.7563065207044265,,,,,,,,,,-9.584062369759176,False,relative error improvement -9.584 < 0.100
time_window,MPF23_raw,MPF,"2,3",8192,16384,2,16384.0,1.0,0.6845639601747561,0.5309570312500002,0.15360692892475591,0.01725861089057886,12202,8.09839958298835,1.0,2026,high,Z0,0.9912671465636668,0.6758311067384228,0.001,0.006,0.02,1.0,0.7531249999999999,0.4158203125,6101.0,-0.8,1.8,0.675537109375,0.59521484375,,,,,-16.01666864028669,False,relative error improvement -16.017 < 0.100
time_window,MPF23_postselected,MPF_postselected,"2,3",8192,16384,2,7801.0,0.4393310546875,0.6845639601747561,0.6977834156957502,0.013219455520994128,0.021779900526450752,19430,8.09839958298835,1.0,2026,high,Z0,0.9912671465636668,0.6758311067384228,0.001,0.006,0.02,1.0,0.966023826757102,0.6638072424528522,9715.0,-0.8,1.8,,,0.7801047120418848,0.7343706585162545,0.512939453125,0.4393310546875,-0.4644592908693421,False,relative error improvement -0.464 < 0.100
time_window,baseline_ST2_k2_raw,none,2,4096,4096,1,4096.0,1.0,0.9370271010898633,0.79150390625,0.1455231948398633,0.0095494391808983,934,6.446232083020732,1.25,2026,high,Z0,0.7849436925151991,0.7219707936050624,0.001,0.006,0.02,1.0,0.76904296875,0.623046875,,,,,,,,,,0.0,False,"diagnostic time, not official t=1.0; baseline/control"
time_window,baseline_ST2_k3_raw_control,none_control,3,4096,4096,1,4096.0,1.0,0.9370271010898633,0.7236328125,0.2133942885898633,0.010784143097710157,1191,6.446232083020732,1.25,2026,high,Z0,0.7849436925151991,0.7219707936050624,0.001,0.006,0.02,1.0,0.697265625,0.50390625,,,,,,,,,,-0.46639364827501717,False,"diagnostic time, not official t=1.0; baseline/control"
time_window,postselection_ST2_k2_weight1,postselection,2,4096,4096,1,2042.0,0.49853515625,0.9370271010898633,0.930460333006856,0.006566768083007268,0.008108095877362257,674,6.446232083020732,1.25,2026,high,Z0,0.7849436925151991,0.7219707936050624,0.001,0.006,0.02,1.0,0.8971596474045054,0.8276199804113614,,,,,,,,,,0.9548747669384701,False,"diagnostic time, not official t=1.0"
time_window,MPF23_raw,MPF,"2,3",4096,8192,2,8192.0,1.0,0.9370271010898633,0.6693359374999999,0.26769116358986345,0.020860667054739997,8914,6.446232083020732,1.25,2026,high,Z0,0.7849436925151991,0.7219707936050624,0.001,0.006,0.02,1.0,0.63984375,0.40859375000000003,4457.0,-0.8,1.8,0.79150390625,0.7236328125,,,,,-0.8395085668950317,False,"diagnostic time, not official t=1.0; relative error improvement -0.840 < 0.100"
time_window,MPF23_postselected,MPF_postselected,"2,3",4096,8192,2,3770.0,0.421875,0.9370271010898633,0.9035484002611818,0.03347870082868154,0.018588427122781626,7078,6.446232083020732,1.25,2026,high,Z0,0.7849436925151991,0.7219707936050624,0.001,0.006,0.02,1.0,0.821855615409729,0.725404015670911,3539.0,-0.8,1.8,,,0.930460333006856,0.9155092592592593,0.49853515625,0.421875,0.7699425107762224,False,"diagnostic time, not official t=1.0"
time_window,baseline_ST2_k2_raw,none,2,8192,8192,1,8192.0,1.0,0.9370271010898633,0.806396484375,0.1306306167148633,0.006533835369609731,875,8.160355499974685,1.25,2026,high,Z0,0.7849436925151991,0.7219707936050624,0.001,0.006,0.02,1.0,0.78857421875,0.638427734375,,,,,,,,,,0.0,False,"diagnostic time, not official t=1.0; baseline/control"
time_window,baseline_ST2_k3_raw_control,none_control,3,8192,8192,1,8192.0,1.0,0.9370271010898633,0.744140625,0.1928864760898633,0.007380681159156062,1116,8.160355499974685,1.25,2026,high,Z0,0.7849436925151991,0.7219707936050624,0.001,0.006,0.02,1.0,0.6943359375,0.5283203125,,,,,,,,,,-0.47657938805334027,False,"diagnostic time, not official t=1.0; baseline/control"
time_window,postselection_ST2_k2_weight1,postselection,2,8192,8192,1,4151.0,0.5067138671875,0.9370271010898633,0.933028185979282,0.003998915110581258,0.005584557384215713,639,8.160355499974685,1.25,2026,high,Z0,0.7849436925151991,0.7219707936050624,0.001,0.006,0.02,1.0,0.899783184774753,0.8328113707540352,,,,,,,,,,0.9693876120993138,False,"diagnostic time, not official t=1.0"
time_window,MPF23_raw,MPF,"2,3",8192,16384,2,16384.0,1.0,0.9370271010898633,0.6943359375000001,0.2426911635898632,0.014276535824096031,8350,8.160355499974685,1.25,2026,high,Z0,0.7849436925151991,0.7219707936050624,0.001,0.006,0.02,1.0,0.6189453125,0.44023437500000007,4175.0,-0.8,1.8,0.806396484375,0.744140625,,,,,-0.8578428984960116,False,"diagnostic time, not official t=1.0; relative error improvement -0.858 < 0.100"
time_window,MPF23_postselected,MPF_postselected,"2,3",8192,16384,2,7724.0,0.4361572265625,0.9370271010898633,0.917557300083073,0.0194698010067903,0.012321920902493462,6220,8.160355499974685,1.25,2026,high,Z0,0.7849436925151991,0.7219707936050624,0.001,0.006,0.02,1.0,0.7839517897116837,0.7015090897947567,3110.0,-0.8,1.8,,,0.933028185979282,0.924433249370277,0.5067138671875,0.4361572265625,0.8509553005534038,False,"diagnostic time, not official t=1.0"
time_window,baseline_ST2_k2_raw,none,2,4096,4096,1,4096.0,1.0,0.9539526359368348,0.8505859375,0.10336669843683477,0.008216188451330987,692,6.495771208021324,1.5,2026,high,Z0,0.8447650468333716,0.7987176827702065,0.001,0.006,0.02,1.0,0.82470703125,0.72314453125,,,,,,,,,,0.0,False,"diagnostic time, not official t=1.0; baseline/control"
time_window,baseline_ST2_k3_raw_control,none_control,3,4096,4096,1,4096.0,1.0,0.9539526359368348,0.76806640625,0.18588622968683477,0.010005784406014408,1026,6.495771208021324,1.5,2026,high,Z0,0.8447650468333716,0.7987176827702065,0.001,0.006,0.02,1.0,0.73486328125,0.57421875,,,,,,,,,,-0.798318341379801,False,"diagnostic time, not official t=1.0; baseline/control"
time_window,postselection_ST2_k2_weight1,postselection,2,4096,4096,1,2051.0,0.500732421875,0.9539526359368348,0.984397854705022,0.030445218768187177,0.0038852923520906715,155,6.495771208021324,1.5,2026,high,Z0,0.8447650468333716,0.7987176827702065,0.001,0.006,0.02,1.0,0.9668454412481716,0.9512432959531936,,,,,,,,,,0.7054639528146329,False,"diagnostic time, not official t=1.0"
time_window,MPF23_raw,MPF,"2,3",4096,8192,2,8192.0,1.0,0.9539526359368348,0.70205078125,0.2519018546868348,0.019172339962180394,7530,6.495771208021324,1.5,2026,high,Z0,0.8447650468333716,0.7987176827702065,0.001,0.006,0.02,1.0,0.66298828125,0.4550781250000001,3765.0,-0.8,1.8,0.8505859375,0.76806640625,,,,,-1.436973014483642,False,"diagnostic time, not official t=1.0; relative error improvement -1.437 < 0.100"
time_window,MPF23_postselected,MPF_postselected,"2,3",4096,8192,2,3787.0,0.423828125,0.9539526359368348,0.931606140199116,0.02234649573771874,0.01317602634500182,3556,6.495771208021324,1.5,2026,high,Z0,0.8447650468333716,0.7987176827702065,0.001,0.006,0.02,1.0,0.8502563658954718,0.7818625060945879,1778.0,-0.8,1.8,,,0.984397854705022,0.9550691244239631,0.500732421875,0.423828125,0.7838133937171824,False,"diagnostic time, not official t=1.0"
time_window,baseline_ST2_k2_raw,none,2,8192,8192,1,8192.0,1.0,0.9539526359368348,0.858154296875,0.09579833906183477,0.0056722322842334815,659,8.206048916996224,1.5,2026,high,Z0,0.8447650468333716,0.7987176827702065,0.001,0.006,0.02,1.0,0.855712890625,0.7470703125,,,,,,,,,,0.0,False,"diagnostic time, not official t=1.0; baseline/control"
time_window,baseline_ST2_k3_raw_control,none_control,3,8192,8192,1,8192.0,1.0,0.9539526359368348,0.7890625,0.16489013593683477,0.0067872630589052635,944,8.206048916996224,1.5,2026,high,Z0,0.8447650468333716,0.7987176827702065,0.001,0.006,0.02,1.0,0.730712890625,0.592041015625,,,,,,,,,,-0.721221239863078,False,"diagnostic time, not official t=1.0; baseline/control"
time_window,postselection_ST2_k2_weight1,postselection,2,8192,8192,1,4175.0,0.5096435546875,0.9539526359368348,0.9889820359281437,0.03502939999130894,0.002291067403427413,108,8.206048916996224,1.5,2026,high,Z0,0.8447650468333716,0.7987176827702065,0.001,0.006,0.02,1.0,0.9832335329341317,0.9722155688622754,,,,,,,,,,0.634342303485047,False,"diagnostic time, not official t=1.0"
time_window,MPF23_raw,MPF,"2,3",8192,16384,2,16384.0,1.0,0.9539526359368348,0.7337890625000001,0.22016357343683468,0.013032589353883583,6958,8.206048916996224,1.5,2026,high,Z0,0.8447650468333716,0.7987176827702065,0.001,0.006,0.02,1.0,0.6307128906250001,0.468017578125,3479.0,-0.8,1.8,0.858154296875,0.7890625,,,,,-1.2981982317535392,False,"diagnostic time, not official t=1.0; relative error improvement -1.298 < 0.100"
time_window,MPF23_postselected,MPF_postselected,"2,3",8192,16384,2,7695.0,0.4296875,0.9539526359368348,0.9321098258029397,0.021842810133895108,0.008951855138334646,3284,8.206048916996224,1.5,2026,high,Z0,0.8447650468333716,0.7987176827702065,0.001,0.006,0.02,1.0,0.8303449918345127,0.7624548176374524,1642.0,-0.8,1.8,,,0.9889820359281437,0.9573863636363636,0.5096435546875,0.4296875,0.7719917657466245,False,"diagnostic time, not official t=1.0"
time_window,baseline_ST2_k2_raw,none,2,4096,4096,1,4096.0,1.0,0.9271155626310368,0.73681640625,0.19029915638103678,0.010563951262643194,1143,6.4030629999761,2.0,2026,high,Z0,0.9098451346141808,0.8369606972452175,0.001,0.006,0.02,1.0,0.7763671875,0.58251953125,,,,,,,,,,0.0,False,"diagnostic time, not official t=1.0; baseline/control"
time_window,baseline_ST2_k3_raw_control,none_control,3,4096,4096,1,4096.0,1.0,0.9271155626310368,0.779296875,0.14781868763103678,0.009791483023456723,982,6.4030629999761,2.0,2026,high,Z0,0.9098451346141808,0.8369606972452175,0.001,0.006,0.02,1.0,0.79345703125,0.63330078125,,,,,,,,,,0.22322993731480964,False,"diagnostic time, not official t=1.0; baseline/control"
time_window,postselection_ST2_k2_weight1,postselection,2,4096,4096,1,2052.0,0.5009765625,0.9271155626310368,0.8606237816764133,0.06649178095462349,0.011241776427162162,1295,6.4030629999761,2.0,2026,high,Z0,0.9098451346141808,0.8369606972452175,0.001,0.006,0.02,1.0,0.8966861598440545,0.7573099415204678,,,,,,,,,,0.6505934013628167,False,"diagnostic time, not official t=1.0"
time_window,MPF23_raw,MPF,"2,3",4096,8192,2,8192.0,1.0,0.9271155626310368,0.8132812500000001,0.11383431263103672,0.01954612737517276,7826,6.4030629999761,2.0,2026,high,Z0,0.9098451346141808,0.8369606972452175,0.001,0.006,0.02,1.0,0.80712890625,0.6739257812499999,3913.0,-0.8,1.8,0.73681640625,0.779296875,,,,,0.4018138871666577,False,"diagnostic time, not official t=1.0"
time_window,MPF23_postselected,MPF_postselected,"2,3",4096,8192,2,3787.0,0.423583984375,0.9271155626310368,1.0056796490104543,0.07856408637941747,0.01714639856358401,6022,6.4030629999761,2.0,2026,high,Z0,0.9098451346141808,0.8369606972452175,0.001,0.006,0.02,1.0,0.9955040980613559,1.0011837470718101,3011.0,-0.8,1.8,,,0.8606237816764133,0.9412103746397694,0.5009765625,0.423583984375,0.5871548362405334,False,"diagnostic time, not official t=1.0"
time_window,baseline_ST2_k2_raw,none,2,8192,8192,1,8192.0,1.0,0.9271155626310368,0.736328125,0.19078743763103678,0.007475716647669194,1145,8.173753874987597,2.0,2026,high,Z0,0.9098451346141808,0.8369606972452175,0.001,0.006,0.02,1.0,0.809326171875,0.601318359375,,,,,,,,,,0.0,False,"diagnostic time, not official t=1.0; baseline/control"
time_window,baseline_ST2_k3_raw_control,none_control,3,8192,8192,1,8192.0,1.0,0.9271155626310368,0.78076171875,0.14635384388103678,0.0069034491150723205,977,8.173753874987597,2.0,2026,high,Z0,0.9098451346141808,0.8369606972452175,0.001,0.006,0.02,1.0,0.79638671875,0.64501953125,,,,,,,,,,0.23289580436595614,False,"diagnostic time, not official t=1.0; baseline/control"
time_window,postselection_ST2_k2_weight1,postselection,2,8192,8192,1,4120.0,0.5029296875,0.9271155626310368,0.8572815533980582,0.06983400923297856,0.0080210333057587,1318,8.173753874987597,2.0,2026,high,Z0,0.9098451346141808,0.8369606972452175,0.001,0.006,0.02,1.0,0.9237864077669903,0.7810679611650485,,,,,,,,,,0.6339695626709432,False,"diagnostic time, not official t=1.0"
time_window,MPF23_raw,MPF,"2,3",8192,16384,2,16384.0,1.0,0.9271155626310368,0.8163085937500001,0.1108069688810367,0.013790500810015033,7790,8.173753874987597,2.0,2026,high,Z0,0.9098451346141808,0.8369606972452175,0.001,0.006,0.02,1.0,0.7860351562500001,0.6799804687500001,3895.0,-0.8,1.8,0.736328125,0.78076171875,,,,,0.4192124478587215,False,"diagnostic time, not official t=1.0"
time_window,MPF23_postselected,MPF_postselected,"2,3",8192,16384,2,7598.0,0.424560546875,0.9271155626310368,1.019982692876723,0.09286713024568627,0.011667083185046048,5576,8.173753874987597,2.0,2026,high,Z0,0.9098451346141808,0.8369606972452175,0.001,0.006,0.02,1.0,0.9874803619980236,1.0074630548747465,2788.0,-0.8,1.8,,,0.8572815533980582,0.9476710753306498,0.5029296875,0.424560546875,0.5132429503808227,False,"diagnostic time, not official t=1.0"
time_window,baseline_ST2_k2_raw,none,2,4096,4096,1,4096.0,1.0,-0.17105499903038957,-0.15380859375,0.017246405280389565,0.015439072829864531,2441,6.389088333002292,0.25,2027,high,Z0,0.6127109639921351,-0.5583440350382545,0.001,0.006,0.02,1.0,0.5126953125,-0.43115234375,,,,,,,,,,0.0,False,"diagnostic time, not official t=1.0; baseline/control"
time_window,baseline_ST2_k3_raw_control,none_control,3,4096,4096,1,4096.0,1.0,-0.17105499903038957,-0.18603515625,0.014980157219610435,0.015352235756857702,2414,6.389088333002292,0.25,2027,high,Z0,0.6127109639921351,-0.5583440350382545,0.001,0.006,0.02,1.0,0.53955078125,-0.4326171875,,,,,,,,,,0.13140408241223586,False,"diagnostic time, not official t=1.0; baseline/control"
time_window,postselection_ST2_k2_weight1,postselection,2,4096,4096,1,2044.0,0.4990234375,-0.17105499903038957,-0.13013698630136986,0.04091801272901971,0.021930600876235877,4925,6.389088333002292,0.25,2027,high,Z0,0.6127109639921351,-0.5583440350382545,0.001,0.006,0.02,1.0,0.598825831702544,-0.5313111545988258,,,,,,,,,,-1.3725531241891031,False,"diagnostic time, not official t=1.0; relative error improvement -1.373 < 0.100"
time_window,MPF23_raw,MPF,"2,3",4096,8192,2,8192.0,1.0,-0.17105499903038957,-0.21181640625000003,0.04076140721961047,0.030268678252609003,18764,6.389088333002292,0.25,2027,high,Z0,0.6127109639921351,-0.5583440350382545,0.001,0.006,0.02,1.0,0.56103515625,-0.43378906249999993,9382.0,-0.8,1.8,-0.15380859375,-0.18603515625,,,,,-1.3634726516579774,False,"diagnostic time, not official t=1.0; relative error improvement -1.363 < 0.100"
time_window,MPF23_postselected,MPF_postselected,"2,3",4096,8192,2,3766.0,0.42041015625,-0.17105499903038957,-0.14467089876378214,0.026384100266607424,0.04640474256226798,44102,6.389088333002292,0.25,2027,high,Z0,0.6127109639921351,-0.5583440350382545,0.001,0.006,0.02,1.0,0.681218080282564,-0.4634528184812181,22051.0,-0.8,1.8,,,-0.13013698630136986,-0.13821138211382114,0.4990234375,0.42041015625,-0.5298318598953541,False,"diagnostic time, not official t=1.0; relative error improvement -0.530 < 0.100; target-SE shot estimate 44102 > budget 20000"
time_window,baseline_ST2_k2_raw,none,2,8192,8192,1,8192.0,1.0,-0.17105499903038957,-0.149658203125,0.021396795905389565,0.010924112466616037,2445,8.131641416985076,0.25,2027,high,Z0,0.6127109639921351,-0.5583440350382545,0.001,0.006,0.02,1.0,0.52685546875,-0.443603515625,,,,,,,,,,0.0,False,"diagnostic time, not official t=1.0; baseline/control"
time_window,baseline_ST2_k3_raw_control,none_control,3,8192,8192,1,8192.0,1.0,-0.17105499903038957,-0.165771484375,0.005283514655389565,0.010895677937861382,2432,8.131641416985076,0.25,2027,high,Z0,0.6127109639921351,-0.5583440350382545,0.001,0.006,0.02,1.0,0.517822265625,-0.43896484375,,,,,,,,,,0.753069820418359,False,"diagnostic time, not official t=1.0; baseline/control"
time_window,postselection_ST2_k2_weight1,postselection,2,8192,8192,1,4149.0,0.5064697265625,-0.17105499903038957,-0.11207519884309472,0.058979800187294845,0.015427070123703283,4875,8.131641416985076,0.25,2027,high,Z0,0.6127109639921351,-0.5583440350382545,0.001,0.006,0.02,1.0,0.6177392142684984,-0.49433598457459627,,,,,,,,,,-1.7564781403760843,False,"diagnostic time, not official t=1.0; relative error improvement -1.756 < 0.100"
time_window,MPF23_raw,MPF,"2,3",8192,16384,2,16384.0,1.0,-0.17105499903038957,-0.178662109375,0.007607110344610424,0.021471245279867636,18884,8.131641416985076,0.25,2027,high,Z0,0.6127109639921351,-0.5583440350382545,0.001,0.006,0.02,1.0,0.510595703125,-0.43525390625,9442.0,-0.8,1.8,-0.149658203125,-0.165771484375,,,,,0.6444743232469542,False,"diagnostic time, not official t=1.0"
time_window,MPF23_postselected,MPF_postselected,"2,3",8192,16384,2,7621.0,0.423828125,-0.17105499903038957,-0.10734444922045511,0.06371054980993446,0.03277679008753094,44006,8.131641416985076,0.25,2027,high,Z0,0.6127109639921351,-0.5583440350382545,0.001,0.006,0.02,1.0,0.6121450341151551,-0.4951994151052999,22003.0,-0.8,1.8,,,-0.11207519884309472,-0.10944700460829493,0.5064697265625,0.423828125,-1.9775743102679513,False,"diagnostic time, not official t=1.0; relative error improvement -1.978 < 0.100; target-SE shot estimate 44006 > budget 20000"
time_window,baseline_ST2_k2_raw,none,2,4096,4096,1,4096.0,1.0,0.8997458345693597,0.71533203125,0.18441380331935975,0.010918511251814205,1221,6.388185292016715,0.5,2027,high,Z0,0.334777045048253,0.23452287961761276,0.001,0.006,0.02,1.0,0.33642578125,0.1826171875,,,,,,,,,,0.0,False,"diagnostic time, not official t=1.0; baseline/control"
time_window,baseline_ST2_k3_raw_control,none_control,3,4096,4096,1,4096.0,1.0,0.8997458345693597,0.67138671875,0.22835911581935975,0.0115797999156063,1374,6.388185292016715,0.5,2027,high,Z0,0.334777045048253,0.23452287961761276,0.001,0.006,0.02,1.0,0.32373046875,0.1474609375,,,,,,,,,,-0.23829730589037,False,"diagnostic time, not official t=1.0; baseline/control"
time_window,postselection_ST2_k2_weight1,postselection,2,4096,4096,1,2065.0,0.504150390625,0.8997458345693597,0.8634382566585956,0.03630757791076411,0.011100997423466888,1262,6.388185292016715,0.5,2027,high,Z0,0.334777045048253,0.23452287961761276,0.001,0.006,0.02,1.0,0.4062953995157385,0.26973365617433415,,,,,,,,,,0.8031189788549167,False,"diagnostic time, not official t=1.0"
time_window,MPF23_raw,MPF,"2,3",4096,8192,2,8192.0,1.0,0.8997458345693597,0.63623046875,0.26351536581935975,0.02259987191133563,10462,6.388185292016715,0.5,2027,high,Z0,0.334777045048253,0.23452287961761276,0.001,0.006,0.02,1.0,0.31357421875,0.11933593750000002,5231.0,-0.8,1.8,0.71533203125,0.67138671875,,,,,-0.428935150602666,False,"diagnostic time, not official t=1.0; relative error improvement -0.429 < 0.100"
time_window,MPF23_postselected,MPF_postselected,"2,3",4096,8192,2,3787.0,0.42041015625,0.8997458345693597,0.8123852831748657,0.08736055139449406,0.025461982109524495,13278,6.388185292016715,0.5,2027,high,Z0,0.334777045048253,0.23452287961761276,0.001,0.006,0.02,1.0,0.43593929014350674,0.24832457331837238,6639.0,-0.8,1.8,,,0.8634382566585956,0.835075493612079,0.504150390625,0.42041015625,0.5262797587705141,False,"diagnostic time, not official t=1.0"
time_window,baseline_ST2_k2_raw,none,2,8192,8192,1,8192.0,1.0,0.8997458345693597,0.730712890625,0.16903294394435975,0.0075426737746121415,1166,8.078643999993801,0.5,2027,high,Z0,0.334777045048253,0.23452287961761276,0.001,0.006,0.02,1.0,0.342041015625,0.1904296875,,,,,,,,,,0.0,False,"diagnostic time, not official t=1.0; baseline/control"
time_window,baseline_ST2_k3_raw_control,none_control,3,8192,8192,1,8192.0,1.0,0.8997458345693597,0.69775390625,0.20199192831935975,0.007914486556328279,1283,8.078643999993801,0.5,2027,high,Z0,0.334777045048253,0.23452287961761276,0.001,0.006,0.02,1.0,0.306884765625,0.160400390625,,,,,,,,,,-0.1949855667534788,False,"diagnostic time, not official t=1.0; baseline/control"
time_window,postselection_ST2_k2_weight1,postselection,2,8192,8192,1,4148.0,0.50634765625,0.8997458345693597,0.8534233365477338,0.04632249802162591,0.008092828840950684,1342,8.078643999993801,0.5,2027,high,Z0,0.334777045048253,0.23452287961761276,0.001,0.006,0.02,1.0,0.4267116682738669,0.28013500482160075,,,,,,,,,,0.7259557992619841,False,"diagnostic time, not official t=1.0"
time_window,MPF23_raw,MPF,"2,3",8192,16384,2,16384.0,1.0,0.8997458345693597,0.6713867187500001,0.22835911581935964,0.015471312466882612,9806,8.078643999993801,0.5,2027,high,Z0,0.334777045048253,0.23452287961761276,0.001,0.006,0.02,1.0,0.278759765625,0.13637695312500003,4903.0,-0.8,1.8,0.730712890625,0.69775390625,,,,,-0.3509740201562612,False,"diagnostic time, not official t=1.0; relative error improvement -0.351 < 0.100"
time_window,MPF23_postselected,MPF_postselected,"2,3",8192,16384,2,7655.0,0.4281005859375,0.8997458345693597,0.8442074385462439,0.05553839602311583,0.01734794040815449,12328,8.078643999993801,0.5,2027,high,Z0,0.334777045048253,0.23452287961761276,0.001,0.006,0.02,1.0,0.39105153792153946,0.23525897646778351,6164.0,-0.8,1.8,,,0.8534233365477338,0.8483033932135728,0.50634765625,0.4281005859375,0.6714344865140768,False,"diagnostic time, not official t=1.0"
time_window,baseline_ST2_k2_raw,none,2,4096,4096,1,4096.0,1.0,0.8647464349484324,0.76220703125,0.1025394036984324,0.010114583297955225,1048,6.492734708008356,0.75,2027,high,Z0,0.7700804422901781,0.6348268772386105,0.001,0.006,0.02,1.0,0.6748046875,0.53173828125,,,,,,,,,,0.0,False,"diagnostic time, not official t=1.0; baseline/control"
time_window,baseline_ST2_k3_raw_control,none_control,3,4096,4096,1,4096.0,1.0,0.8647464349484324,0.68408203125,0.1806644036984324,0.011396954415605304,1331,6.492734708008356,0.75,2027,high,Z0,0.7700804422901781,0.6348268772386105,0.001,0.006,0.02,1.0,0.6259765625,0.42138671875,,,,,,,,,,-0.7619022266773174,False,"diagnostic time, not official t=1.0; baseline/control"
time_window,postselection_ST2_k2_weight1,postselection,2,4096,4096,1,2057.0,0.502197265625,0.8647464349484324,0.9056878949927079,0.04094146004427546,0.009347435152481055,895,6.492734708008356,0.75,2027,high,Z0,0.7700804422901781,0.6348268772386105,0.001,0.006,0.02,1.0,0.7997083130772971,0.7053962080700049,,,,,,,,,,0.6007246134892301,False,"diagnostic time, not official t=1.0"
time_window,MPF23_raw,MPF,"2,3",4096,8192,2,8192.0,1.0,0.8647464349484324,0.62158203125,0.2431644036984324,0.02205267592898658,9960,6.492734708008356,0.75,2027,high,Z0,0.7700804422901781,0.6348268772386105,0.001,0.006,0.02,1.0,0.5869140624999999,0.33310546875,4980.0,-0.8,1.8,0.76220703125,0.68408203125,,,,,-1.3714240080191713,False,"diagnostic time, not official t=1.0; relative error improvement -1.371 < 0.100"
time_window,MPF23_postselected,MPF_postselected,"2,3",4096,8192,2,3794.0,0.424072265625,0.8647464349484324,0.8080921710524659,0.056654263895966506,0.023851144834147967,11652,6.492734708008356,0.75,2027,high,Z0,0.7700804422901781,0.6348268772386105,0.001,0.006,0.02,1.0,0.7851038158594058,0.5931959869118717,5826.0,-0.8,1.8,,,0.9056878949927079,0.8514680483592401,0.502197265625,0.424072265625,0.4474878743923042,False,"diagnostic time, not official t=1.0"
time_window,baseline_ST2_k2_raw,none,2,8192,8192,1,8192.0,1.0,0.8647464349484324,0.75927734375,0.1054690911984324,0.0071900294060494975,1059,8.083528916991781,0.75,2027,high,Z0,0.7700804422901781,0.6348268772386105,0.001,0.006,0.02,1.0,0.69287109375,0.53759765625,,,,,,,,,,0.0,False,"diagnostic time, not official t=1.0; baseline/control"
time_window,baseline_ST2_k3_raw_control,none_control,3,8192,8192,1,8192.0,1.0,0.8647464349484324,0.706787109375,0.1579593255734324,0.007816030311903118,1252,8.083528916991781,0.75,2027,high,Z0,0.7700804422901781,0.6348268772386105,0.001,0.006,0.02,1.0,0.630126953125,0.45654296875,,,,,,,,,,-0.49768357514566475,False,"diagnostic time, not official t=1.0; baseline/control"
time_window,postselection_ST2_k2_weight1,postselection,2,8192,8192,1,4184.0,0.5107421875,0.8647464349484324,0.8891013384321224,0.02435490348368996,0.007076115975843467,1026,8.083528916991781,0.75,2027,high,Z0,0.7700804422901781,0.6348268772386105,0.001,0.006,0.02,1.0,0.8245697896749522,0.7136711281070746,,,,,,,,,,0.7690801806771238,False,"diagnostic time, not official t=1.0"
time_window,MPF23_raw,MPF,"2,3",8192,16384,2,16384.0,1.0,0.8647464349484324,0.664794921875,0.1999515130734324,0.015199290881513337,9464,8.083528916991781,0.75,2027,high,Z0,0.7700804422901781,0.6348268772386105,0.001,0.006,0.02,1.0,0.579931640625,0.39169921874999997,4732.0,-0.8,1.8,0.75927734375,0.706787109375,,,,,-0.8958304352621966,False,"diagnostic time, not official t=1.0; relative error improvement -0.896 < 0.100"
time_window,MPF23_postselected,MPF_postselected,"2,3",8192,16384,2,7683.0,0.4271240234375,0.8647464349484324,0.8335603125066601,0.031186122441772324,0.01661212115305401,11304,8.083528916991781,0.75,2027,high,Z0,0.7700804422901781,0.6348268772386105,0.001,0.006,0.02,1.0,0.7586351085286865,0.5921954210353464,5652.0,-0.8,1.8,,,0.8891013384321224,0.8582452129179766,0.5107421875,0.4271240234375,0.7043103141649537,False,"diagnostic time, not official t=1.0"
time_window,baseline_ST2_k2_raw,none,2,4096,4096,1,4096.0,1.0,0.6845639601747561,0.66455078125,0.02001317892475607,0.01167567352785719,1396,6.3886941249947995,1.0,2027,high,Z0,0.9912671465636668,0.6758311067384228,0.001,0.006,0.02,1.0,0.81005859375,0.5537109375,,,,,,,,,,0.0,False,baseline/control
time_window,baseline_ST2_k3_raw_control,none_control,3,4096,4096,1,4096.0,1.0,0.6845639601747561,0.5546875,0.12987646017475607,0.013000918099188763,1731,6.3886941249947995,1.0,2027,high,Z0,0.9912671465636668,0.6758311067384228,0.001,0.006,0.02,1.0,0.7744140625,0.4345703125,,,,,,,,,,-5.4895467463242635,False,baseline/control
time_window,postselection_ST2_k2_weight1,postselection,2,4096,4096,1,2030.0,0.49560546875,0.6845639601747561,0.7773399014778325,0.09277594130307643,0.01396234693051621,1997,6.3886941249947995,1.0,2027,high,Z0,0.9912671465636668,0.6758311067384228,0.001,0.006,0.02,1.0,0.9714285714285714,0.7487684729064039,,,,,,,,,,-3.6357423601661636,False,relative error improvement -3.636 < 0.100
time_window,MPF23_raw,MPF,"2,3",4096,8192,2,8192.0,1.0,0.6845639601747561,0.466796875,0.21776708517475607,0.02519688490463265,13004,6.3886941249947995,1.0,2027,high,Z0,0.9912671465636668,0.6758311067384228,0.001,0.006,0.02,1.0,0.7458984375000001,0.3392578125,6502.0,-0.8,1.8,0.66455078125,0.5546875,,,,,-9.881184143383674,False,relative error improvement -9.881 < 0.100
time_window,MPF23_postselected,MPF_postselected,"2,3",4096,8192,2,3738.0,0.4169921875,0.6845639601747561,0.6554114511830735,0.029152508991682535,0.03265790137007573,21844,6.3886941249947995,1.0,2027,high,Z0,0.9912671465636668,0.6758311067384228,0.001,0.006,0.02,1.0,0.968056206088993,0.6234676572720665,10922.0,-0.8,1.8,,,0.7773399014778325,0.7096018735362998,0.49560546875,0.4169921875,-0.4566655852769707,False,relative error improvement -0.457 < 0.100; target-SE shot estimate 21844 > budget 20000
time_window,baseline_ST2_k2_raw,none,2,8192,8192,1,8192.0,1.0,0.6845639601747561,0.68505859375,0.0004946335752439301,0.008048730999014146,1327,8.100804166984744,1.0,2027,high,Z0,0.9912671465636668,0.6758311067384228,0.001,0.006,0.02,1.0,0.847900390625,0.596923828125,,,,,,,,,,0.0,False,baseline/control
time_window,baseline_ST2_k3_raw_control,none_control,3,8192,8192,1,8192.0,1.0,0.6845639601747561,0.603271484375,0.08129247579975607,0.008811610079040985,1591,8.100804166984744,1.0,2027,high,Z0,0.9912671465636668,0.6758311067384228,0.001,0.006,0.02,1.0,0.796142578125,0.509765625,,,,,,,,,,-163.3488834328855,False,baseline/control
time_window,postselection_ST2_k2_weight1,postselection,2,8192,8192,1,4153.0,0.5069580078125,0.6845639601747561,0.7876234047676378,0.10305944459288174,0.00956115541215446,1873,8.100804166984744,1.0,2027,high,Z0,0.9912671465636668,0.6758311067384228,0.001,0.006,0.02,1.0,0.9792920780158921,0.76691548278353,,,,,,,,,,-207.3551334784697,False,relative error improvement -207.355 < 0.100
time_window,MPF23_raw,MPF,"2,3",8192,16384,2,16384.0,1.0,0.6845639601747561,0.537841796875,0.14672216329975607,0.017118078604915273,12004,8.100804166984744,1.0,2027,high,Z0,0.9912671465636668,0.6758311067384228,0.001,0.006,0.02,1.0,0.754736328125,0.4400390625,6002.0,-0.8,1.8,0.68505859375,0.603271484375,,,,,-295.6279901791939,False,relative error improvement -295.628 < 0.100
time_window,MPF23_postselected,MPF_postselected,"2,3",8192,16384,2,7649.0,0.4267578125,0.6845639601747561,0.703425303645844,0.01886134347108792,0.021831545075623036,19524,8.100804166984744,1.0,2027,high,Z0,0.9912671465636668,0.6758311067384228,0.001,0.006,0.02,1.0,0.9537516922783619,0.6571769959242058,9762.0,-0.8,1.8,,,0.7876234047676378,0.7408466819221968,0.5069580078125,0.4267578125,-37.13195143857023,False,relative error improvement -37.132 < 0.100
time_window,baseline_ST2_k2_raw,none,2,4096,4096,1,4096.0,1.0,0.9370271010898633,0.7919921875,0.1450349135898633,0.009539550368090375,932,6.393875750014558,1.25,2027,high,Z0,0.7849436925151991,0.7219707936050624,0.001,0.006,0.02,1.0,0.76904296875,0.62353515625,,,,,,,,,,0.0,False,"diagnostic time, not official t=1.0; baseline/control"
time_window,baseline_ST2_k3_raw_control,none_control,3,4096,4096,1,4096.0,1.0,0.9370271010898633,0.7236328125,0.2133942885898633,0.010784143097710157,1191,6.393875750014558,1.25,2027,high,Z0,0.7849436925151991,0.7219707936050624,0.001,0.006,0.02,1.0,0.697265625,0.50390625,,,,,,,,,,-0.4713304769726683,False,"diagnostic time, not official t=1.0; baseline/control"
time_window,postselection_ST2_k2_weight1,postselection,2,4096,4096,1,2042.0,0.49853515625,0.9370271010898633,0.931439764936337,0.005587336153526357,0.008052836181482217,665,6.393875750014558,1.25,2027,high,Z0,0.7849436925151991,0.7219707936050624,0.001,0.006,0.02,1.0,0.8971596474045054,0.8285994123408423,,,,,,,,,,0.9614759231744262,False,"diagnostic time, not official t=1.0"
time_window,MPF23_raw,MPF,"2,3",4096,8192,2,8192.0,1.0,0.9370271010898633,0.6689453124999999,0.2680817885898634,0.020857771184964506,8910,6.393875750014558,1.25,2027,high,Z0,0.7849436925151991,0.7219707936050624,0.001,0.006,0.02,1.0,0.63984375,0.40820312500000006,4455.0,-0.8,1.8,0.7919921875,0.7236328125,,,,,-0.8483948585508037,False,"diagnostic time, not official t=1.0; relative error improvement -0.848 < 0.100"
time_window,MPF23_postselected,MPF_postselected,"2,3",4096,8192,2,3769.0,0.421630859375,0.9370271010898633,0.9026767925674328,0.034350308522430484,0.018582299079640447,7072,6.393875750014558,1.25,2027,high,Z0,0.7849436925151991,0.7219707936050624,0.001,0.006,0.02,1.0,0.8217048240567084,0.7243816166241415,3536.0,-0.8,1.8,,,0.931439764936337,0.9154603358425014,0.49853515625,0.421630859375,0.7631583480680525,False,"diagnostic time, not official t=1.0"
time_window,baseline_ST2_k2_raw,none,2,8192,8192,1,8192.0,1.0,0.9370271010898633,0.81591796875,0.12110913233986331,0.0063879107571771405,836,8.082591499987757,1.25,2027,high,Z0,0.7849436925151991,0.7219707936050624,0.001,0.006,0.02,1.0,0.79833984375,0.6640625,,,,,,,,,,0.0,False,"diagnostic time, not official t=1.0; baseline/control"
time_window,baseline_ST2_k3_raw_control,none_control,3,8192,8192,1,8192.0,1.0,0.9370271010898633,0.74658203125,0.1904450698398633,0.007350522729792706,1107,8.082591499987757,1.25,2027,high,Z0,0.7849436925151991,0.7219707936050624,0.001,0.006,0.02,1.0,0.68994140625,0.53662109375,,,,,,,,,,-0.5725079204219345,False,"diagnostic time, not official t=1.0; baseline/control"
time_window,postselection_ST2_k2_weight1,postselection,2,8192,8192,1,4152.0,0.5068359375,0.9370271010898633,0.9388246628131022,0.0017975617232388608,0.005344767048340574,586,8.082591499987757,1.25,2027,high,Z0,0.7849436925151991,0.7219707936050624,0.001,0.006,0.02,1.0,0.9041425818882466,0.8429672447013488,,,,,,,,,,0.985157504735527,False,"diagnostic time, not official t=1.0"
time_window,MPF23_raw,MPF,"2,3",8192,16384,2,16384.0,1.0,0.9370271010898633,0.69111328125,0.24591381983986327,0.01418355582773754,8242,8.082591499987757,1.25,2027,high,Z0,0.7849436925151991,0.7219707936050624,0.001,0.006,0.02,1.0,0.60322265625,0.43466796875,4121.0,-0.8,1.8,0.81591796875,0.74658203125,,,,,-1.0305142567594818,False,"diagnostic time, not official t=1.0; relative error improvement -1.031 < 0.100"
time_window,MPF23_postselected,MPF_postselected,"2,3",8192,16384,2,7699.0,0.4329833984375,0.9370271010898633,0.9119230721177167,0.025104028972146586,0.012331029007675676,6230,8.082591499987757,1.25,2027,high,Z0,0.7849436925151991,0.7219707936050624,0.001,0.006,0.02,1.0,0.7904722327696395,0.7023953048873562,3115.0,-0.8,1.8,,,0.9388246628131022,0.9238793346489992,0.5068359375,0.4329833984375,0.7927156401244934,False,"diagnostic time, not official t=1.0"
time_window,baseline_ST2_k2_raw,none,2,4096,4096,1,4096.0,1.0,0.9539526359368348,0.8505859375,0.10336669843683477,0.008216188451330987,692,6.353043915994931,1.5,2027,high,Z0,0.8447650468333716,0.7987176827702065,0.001,0.006,0.02,1.0,0.82470703125,0.72314453125,,,,,,,,,,0.0,False,"diagnostic time, not official t=1.0; baseline/control"
time_window,baseline_ST2_k3_raw_control,none_control,3,4096,4096,1,4096.0,1.0,0.9539526359368348,0.76806640625,0.18588622968683477,0.010005784406014408,1026,6.353043915994931,1.5,2027,high,Z0,0.8447650468333716,0.7987176827702065,0.001,0.006,0.02,1.0,0.73486328125,0.57421875,,,,,,,,,,-0.798318341379801,False,"diagnostic time, not official t=1.0; baseline/control"
time_window,postselection_ST2_k2_weight1,postselection,2,4096,4096,1,2051.0,0.500732421875,0.9539526359368348,0.984397854705022,0.030445218768187177,0.0038852923520906715,155,6.353043915994931,1.5,2027,high,Z0,0.8447650468333716,0.7987176827702065,0.001,0.006,0.02,1.0,0.9668454412481716,0.9512432959531936,,,,,,,,,,0.7054639528146329,False,"diagnostic time, not official t=1.0"
time_window,MPF23_raw,MPF,"2,3",4096,8192,2,8192.0,1.0,0.9539526359368348,0.70205078125,0.2519018546868348,0.019172339962180394,7530,6.353043915994931,1.5,2027,high,Z0,0.8447650468333716,0.7987176827702065,0.001,0.006,0.02,1.0,0.66298828125,0.4550781250000001,3765.0,-0.8,1.8,0.8505859375,0.76806640625,,,,,-1.436973014483642,False,"diagnostic time, not official t=1.0; relative error improvement -1.437 < 0.100"
time_window,MPF23_postselected,MPF_postselected,"2,3",4096,8192,2,3786.0,0.423583984375,0.9539526359368348,0.9315595260342533,0.022393109902581476,0.013183115639139468,3560,6.353043915994931,1.5,2027,high,Z0,0.8447650468333716,0.7987176827702065,0.001,0.006,0.02,1.0,0.8501547709207709,0.7817142969550246,1780.0,-0.8,1.8,,,0.984397854705022,0.955043227665706,0.500732421875,0.423583984375,0.7833624345052924,False,"diagnostic time, not official t=1.0"
time_window,baseline_ST2_k2_raw,none,2,8192,8192,1,8192.0,1.0,0.9539526359368348,0.84912109375,0.10483154218683477,0.0058358210763655195,698,8.054515124997124,1.5,2027,high,Z0,0.8447650468333716,0.7987176827702065,0.001,0.006,0.02,1.0,0.860107421875,0.747802734375,,,,,,,,,,0.0,False,"diagnostic time, not official t=1.0; baseline/control"
time_window,baseline_ST2_k3_raw_control,none_control,3,8192,8192,1,8192.0,1.0,0.9539526359368348,0.78564453125,0.16830810468683477,0.006835492579422554,957,8.054515124997124,1.5,2027,high,Z0,0.8447650468333716,0.7987176827702065,0.001,0.006,0.02,1.0,0.738525390625,0.601318359375,,,,,,,,,,-0.6055101468112494,False,"diagnostic time, not official t=1.0; baseline/control"
time_window,postselection_ST2_k2_weight1,postselection,2,8192,8192,1,4117.0,0.5025634765625,0.9539526359368348,0.989312606266699,0.035359970329864265,0.002272463878082561,106,8.054515124997124,1.5,2027,high,Z0,0.8447650468333716,0.7987176827702065,0.001,0.006,0.02,1.0,0.9805683750303619,0.969880981297061,,,,,,,,,,0.6626972226847109,False,"diagnostic time, not official t=1.0"
time_window,MPF23_raw,MPF,"2,3",8192,16384,2,16384.0,1.0,0.9539526359368348,0.7348632812500001,0.21908935468683466,0.013159862590827059,7094,8.054515124997124,1.5,2027,high,Z0,0.8447650468333716,0.7987176827702065,0.001,0.006,0.02,1.0,0.641259765625,0.4841308593750001,3547.0,-0.8,1.8,0.84912109375,0.78564453125,,,,,-1.0899182642602478,False,"diagnostic time, not official t=1.0; relative error improvement -1.090 < 0.100"
time_window,MPF23_postselected,MPF_postselected,"2,3",8192,16384,2,7602.0,0.4254150390625,0.9539526359368348,0.9476029996351345,0.006349636301700268,0.008074480403456508,2672,8.054515124997124,1.5,2027,high,Z0,0.8447650468333716,0.7987176827702065,0.001,0.006,0.02,1.0,0.8058465912239171,0.7534495908590513,1336.0,-0.8,1.8,,,0.989312606266699,0.9661406025824965,0.5025634765625,0.4254150390625,0.9394300973805794,False,"diagnostic time, not official t=1.0"
time_window,baseline_ST2_k2_raw,none,2,4096,4096,1,4096.0,1.0,0.9271155626310368,0.7373046875,0.18981087513103678,0.010555630599410106,1141,6.462360417004675,2.0,2027,high,Z0,0.9098451346141808,0.8369606972452175,0.001,0.006,0.02,1.0,0.7763671875,0.5830078125,,,,,,,,,,0.0,False,"diagnostic time, not official t=1.0; baseline/control"
time_window,baseline_ST2_k3_raw_control,none_control,3,4096,4096,1,4096.0,1.0,0.9271155626310368,0.779296875,0.14781868763103678,0.009791483023456723,982,6.462360417004675,2.0,2027,high,Z0,0.9098451346141808,0.8369606972452175,0.001,0.006,0.02,1.0,0.79345703125,0.63330078125,,,,,,,,,,0.2212317259009027,False,"diagnostic time, not official t=1.0; baseline/control"
time_window,postselection_ST2_k2_weight1,postselection,2,4096,4096,1,2052.0,0.5009765625,0.9271155626310368,0.8615984405458089,0.06551712208522786,0.01120533427449762,1286,6.462360417004675,2.0,2027,high,Z0,0.9098451346141808,0.8369606972452175,0.001,0.006,0.02,1.0,0.8966861598440545,0.7582846003898636,,,,,,,,,,0.6548294609568718,False,"diagnostic time, not official t=1.0"
time_window,MPF23_raw,MPF,"2,3",4096,8192,2,8192.0,1.0,0.9271155626310368,0.8128906250000001,0.1142249376310367,0.0195432502120903,7824,6.462360417004675,2.0,2027,high,Z0,0.9098451346141808,0.8369606972452175,0.001,0.006,0.02,1.0,0.80712890625,0.6735351562499999,3912.0,-0.8,1.8,0.7373046875,0.779296875,,,,,0.39821710662162535,False,"diagnostic time, not official t=1.0"
time_window,MPF23_postselected,MPF_postselected,"2,3",4096,8192,2,3786.0,0.42333984375,0.9271155626310368,1.0048388946221762,0.07772333199113945,0.017138191408188275,6016,6.462360417004675,2.0,2027,high,Z0,0.9098451346141808,0.8369606972452175,0.001,0.006,0.02,1.0,0.9954538402908464,1.0002927349130226,3008.0,-0.8,1.8,,,0.8615984405458089,0.9411764705882353,0.5009765625,0.42333984375,0.5905222399007285,False,"diagnostic time, not official t=1.0"
time_window,baseline_ST2_k2_raw,none,2,8192,8192,1,8192.0,1.0,0.9271155626310368,0.739501953125,0.18761360950603678,0.00743737576481972,1133,8.119720959017286,2.0,2027,high,Z0,0.9098451346141808,0.8369606972452175,0.001,0.006,0.02,1.0,0.806396484375,0.60498046875,,,,,,,,,,0.0,False,"diagnostic time, not official t=1.0; baseline/control"
time_window,baseline_ST2_k3_raw_control,none_control,3,8192,8192,1,8192.0,1.0,0.9271155626310368,0.79443359375,0.13268196888103678,0.00671034417052486,923,8.119720959017286,2.0,2027,high,Z0,0.9098451346141808,0.8369606972452175,0.001,0.006,0.02,1.0,0.787353515625,0.645751953125,,,,,,,,,,0.2927913426410171,False,"diagnostic time, not official t=1.0; baseline/control"
time_window,postselection_ST2_k2_weight1,postselection,2,8192,8192,1,4109.0,0.5015869140625,0.9271155626310368,0.8627403261134096,0.06437523651762722,0.007888230073428567,1275,8.119720959017286,2.0,2027,high,Z0,0.9098451346141808,0.8369606972452175,0.001,0.006,0.02,1.0,0.928936480895595,0.7916768070090047,,,,,,,,,,0.6568733116583643,False,"diagnostic time, not official t=1.0"
time_window,MPF23_raw,MPF,"2,3",8192,16384,2,16384.0,1.0,0.9271155626310368,0.8383789062499999,0.0887366563810369,0.013464559646884406,7426,8.119720959017286,2.0,2027,high,Z0,0.9098451346141808,0.8369606972452175,0.001,0.006,0.02,1.0,0.772119140625,0.678369140625,3713.0,-0.8,1.8,0.739501953125,0.79443359375,,,,,0.5270244167538302,False,"diagnostic time, not official t=1.0"
time_window,MPF23_postselected,MPF_postselected,"2,3",8192,16384,2,7584.0,0.4241943359375,0.9271155626310368,1.025894070044524,0.09877850741348726,0.011168226604382154,5110,8.119720959017286,2.0,2027,high,Z0,0.9098451346141808,0.8369606972452175,0.001,0.006,0.02,1.0,0.9573975778734521,0.9832916479179761,2555.0,-0.8,1.8,,,0.8627403261134096,0.9533812949640288,0.5015869140625,0.4241943359375,0.4735003091003966,False,"diagnostic time, not official t=1.0"
time_window,baseline_ST2_k2_raw,none,2,4096,4096,1,4096.0,1.0,-0.17105499903038957,-0.154296875,0.016758124030389565,0.015437883300887618,2441,6.407025332999183,0.25,2028,high,Z0,0.6127109639921351,-0.5583440350382545,0.001,0.006,0.02,1.0,0.51318359375,-0.43115234375,,,,,,,,,,0.0,False,"diagnostic time, not official t=1.0; baseline/control"
time_window,baseline_ST2_k3_raw_control,none_control,3,4096,4096,1,4096.0,1.0,-0.17105499903038957,-0.18603515625,0.014980157219610435,0.015352235756857702,2414,6.407025332999183,0.25,2028,high,Z0,0.6127109639921351,-0.5583440350382545,0.001,0.006,0.02,1.0,0.53955078125,-0.4326171875,,,,,,,,,,0.10609581403950255,False,"diagnostic time, not official t=1.0; baseline/control"
time_window,postselection_ST2_k2_weight1,postselection,2,4096,4096,1,2043.0,0.498779296875,-0.17105499903038957,-0.13069016152716592,0.040364837503223644,0.02193435765765977,4927,6.407025332999183,0.25,2028,high,Z0,0.6127109639921351,-0.5583440350382545,0.001,0.006,0.02,1.0,0.5996084189916789,-0.531081742535487,,,,,,,,,,-1.4086727983409792,False,"diagnostic time, not official t=1.0; relative error improvement -1.409 < 0.100"
time_window,MPF23_raw,MPF,"2,3",4096,8192,2,8192.0,1.0,-0.17105499903038957,-0.21142578125000003,0.04037078221961046,0.030268289951336565,18764,6.407025332999183,0.25,2028,high,Z0,0.6127109639921351,-0.5583440350382545,0.001,0.006,0.02,1.0,0.5606445312499999,-0.43378906249999993,9382.0,-0.8,1.8,-0.154296875,-0.18603515625,,,,,-1.409027534728897,False,"diagnostic time, not official t=1.0; relative error improvement -1.409 < 0.100"
time_window,MPF23_postselected,MPF_postselected,"2,3",4096,8192,2,3764.0,0.420166015625,-0.17105499903038957,-0.14332701081313073,0.02772798821725883,0.04642023385617061,44132,6.407025332999183,0.25,2028,high,Z0,0.6127109639921351,-0.5583440350382545,0.001,0.006,0.02,1.0,0.6802202956027057,-0.463106715210425,22066.0,-0.8,1.8,,,-0.13069016152716592,-0.13771063335270192,0.498779296875,0.420166015625,-0.6545997730400052,False,"diagnostic time, not official t=1.0; relative error improvement -0.655 < 0.100; target-SE shot estimate 44132 > budget 20000"
time_window,baseline_ST2_k2_raw,none,2,8192,8192,1,8192.0,1.0,-0.17105499903038957,-0.177490234375,0.006435235344610435,0.010873120890440484,2422,8.104990041989367,0.25,2028,high,Z0,0.6127109639921351,-0.5583440350382545,0.001,0.006,0.02,1.0,0.547607421875,-0.46435546875,,,,,,,,,,0.0,False,"diagnostic time, not official t=1.0; baseline/control"
time_window,baseline_ST2_k3_raw_control,none_control,3,8192,8192,1,8192.0,1.0,-0.17105499903038957,-0.17041015625,0.0006448427803895651,0.010886938818903107,2428,8.104990041989367,0.25,2028,high,Z0,0.6127109639921351,-0.5583440350382545,0.001,0.006,0.02,1.0,0.527587890625,-0.430908203125,,,,,,,,,,0.8997949964752063,False,"diagnostic time, not official t=1.0; baseline/control"
time_window,postselection_ST2_k2_weight1,postselection,2,8192,8192,1,4171.0,0.5091552734375,-0.17105499903038957,-0.14936466075281707,0.021690338277572496,0.015310188424835891,4801,8.104990041989367,0.25,2028,high,Z0,0.6127109639921351,-0.5583440350382545,0.001,0.006,0.02,1.0,0.6072884200431551,-0.542076240709662,,,,,,,,,,-2.3705586689596894,False,"diagnostic time, not official t=1.0; relative error improvement -2.371 < 0.100"
time_window,MPF23_raw,MPF,"2,3",8192,16384,2,16384.0,1.0,-0.17105499903038957,-0.16474609375000002,0.0063089052803895485,0.02144029525070942,18830,8.104990041989367,0.25,2028,high,Z0,0.6127109639921351,-0.5583440350382545,0.001,0.006,0.02,1.0,0.511572265625,-0.40415039062499997,9415.0,-0.8,1.8,-0.177490234375,-0.17041015625,,,,,0.019630993655374074,False,"diagnostic time, not official t=1.0; relative error improvement 0.020 < 0.100"
time_window,MPF23_postselected,MPF_postselected,"2,3",8192,16384,2,7696.0,0.4302978515625,-0.17105499903038957,-0.11999763309987399,0.051057365930515575,0.03244834613564247,43128,8.104990041989367,0.25,2028,high,Z0,0.6127109639921351,-0.5583440350382545,0.001,0.006,0.02,1.0,0.6391054341782417,-0.48089219892163215,21564.0,-0.8,1.8,,,-0.14936466075281707,-0.13304964539007091,0.5091552734375,0.4302978515625,-6.934032431817208,False,"diagnostic time, not official t=1.0; relative error improvement -6.934 < 0.100; target-SE shot estimate 43128 > budget 20000"
time_window,baseline_ST2_k2_raw,none,2,4096,4096,1,4096.0,1.0,0.8997458345693597,0.71533203125,0.18441380331935975,0.010918511251814205,1221,6.387500457989518,0.5,2028,high,Z0,0.334777045048253,0.23452287961761276,0.001,0.006,0.02,1.0,0.33642578125,0.1826171875,,,,,,,,,,0.0,False,"diagnostic time, not official t=1.0; baseline/control"
time_window,baseline_ST2_k3_raw_control,none_control,3,4096,4096,1,4096.0,1.0,0.8997458345693597,0.671875,0.22787083456935975,0.011572883686026691,1372,6.387500457989518,0.5,2028,high,Z0,0.334777045048253,0.23452287961761276,0.001,0.006,0.02,1.0,0.3232421875,0.1474609375,,,,,,,,,,-0.23564955804714366,False,"diagnostic time, not official t=1.0; baseline/control"
time_window,postselection_ST2_k2_weight1,postselection,2,4096,4096,1,2064.0,0.50390625,0.8997458345693597,0.8633720930232558,0.036373741546103955,0.011106178639269475,1264,6.387500457989518,0.5,2028,high,Z0,0.334777045048253,0.23452287961761276,0.001,0.006,0.02,1.0,0.4069767441860465,0.2703488372093023,,,,,,,,,,0.8027602007474814,False,"diagnostic time, not official t=1.0"
time_window,MPF23_raw,MPF,"2,3",4096,8192,2,8192.0,1.0,0.8997458345693597,0.6371093750000001,0.26263645956935966,0.022588390636723472,10450,6.387500457989518,0.5,2028,high,Z0,0.334777045048253,0.23452287961761276,0.001,0.006,0.02,1.0,0.31269531250000004,0.11933593750000002,5225.0,-0.8,1.8,0.71533203125,0.671875,,,,,-0.4241692044848581,False,"diagnostic time, not official t=1.0; relative error improvement -0.424 < 0.100"
time_window,MPF23_postselected,MPF_postselected,"2,3",4096,8192,2,3785.0,0.420166015625,0.8997458345693597,0.8143575260462412,0.08538830852311852,0.025403980479940177,13218,6.387500457989518,0.5,2028,high,Z0,0.334777045048253,0.23452287961761276,0.001,0.006,0.02,1.0,0.4347904814669675,0.249148007513209,6609.0,-0.8,1.8,,,0.8633720930232558,0.8361417780360255,0.50390625,0.420166015625,0.5369744184753525,False,"diagnostic time, not official t=1.0"
time_window,baseline_ST2_k2_raw,none,2,8192,8192,1,8192.0,1.0,0.8997458345693597,0.72509765625,0.17464817831935975,0.0076085358631637805,1186,8.20232529201894,0.5,2028,high,Z0,0.334777045048253,0.23452287961761276,0.001,0.006,0.02,1.0,0.3291015625,0.171875,,,,,,,,,,0.0,False,"diagnostic time, not official t=1.0; baseline/control"
time_window,baseline_ST2_k3_raw_control,none_control,3,8192,8192,1,8192.0,1.0,0.8997458345693597,0.698486328125,0.20125950644435975,0.007906596223756118,1281,8.20232529201894,0.5,2028,high,Z0,0.334777045048253,0.23452287961761276,0.001,0.006,0.02,1.0,0.2900390625,0.148193359375,,,,,,,,,,-0.15237106038597675,False,"diagnostic time, not official t=1.0; baseline/control"
time_window,postselection_ST2_k2_weight1,postselection,2,8192,8192,1,4136.0,0.5048828125,0.8997458345693597,0.8583172147001934,0.04142861986916635,0.007978627746240627,1304,8.20232529201894,0.5,2028,high,Z0,0.334777045048253,0.23452287961761276,0.001,0.006,0.02,1.0,0.3955512572533849,0.2538684719535783,,,,,,,,,,0.7627881363101857,False,"diagnostic time, not official t=1.0"
time_window,MPF23_raw,MPF,"2,3",8192,16384,2,16384.0,1.0,0.8997458345693597,0.677197265625,0.2225485689443597,0.01547887910565034,9814,8.20232529201894,0.5,2028,high,Z0,0.334777045048253,0.23452287961761276,0.001,0.006,0.02,1.0,0.2587890625,0.12924804687500002,4907.0,-0.8,1.8,0.72509765625,0.698486328125,,,,,-0.2742679086947579,False,"diagnostic time, not official t=1.0; relative error improvement -0.274 < 0.100"
time_window,MPF23_postselected,MPF_postselected,"2,3",8192,16384,2,7649.0,0.4288330078125,0.8997458345693597,0.8530558781117495,0.046689956457610204,0.016976221832856457,11806,8.20232529201894,0.5,2028,high,Z0,0.334777045048253,0.23452287961761276,0.001,0.006,0.02,1.0,0.35016872946629296,0.20322460757804256,5903.0,-0.8,1.8,,,0.8583172147001934,0.8553942499288357,0.5048828125,0.4288330078125,0.7326627915223172,False,"diagnostic time, not official t=1.0"
time_window,baseline_ST2_k2_raw,none,2,4096,4096,1,4096.0,1.0,0.8647464349484324,0.76220703125,0.1025394036984324,0.010114583297955225,1048,6.69690658399486,0.75,2028,high,Z0,0.7700804422901781,0.6348268772386105,0.001,0.006,0.02,1.0,0.67431640625,0.53125,,,,,,,,,,0.0,False,"diagnostic time, not official t=1.0; baseline/control"
time_window,baseline_ST2_k3_raw_control,none_control,3,4096,4096,1,4096.0,1.0,0.8647464349484324,0.6845703125,0.1801761224484324,0.011389794286019604,1329,6.69690658399486,0.75,2028,high,Z0,0.7700804422901781,0.6348268772386105,0.001,0.006,0.02,1.0,0.6259765625,0.421875,,,,,,,,,,-0.7571403377605842,False,"diagnostic time, not official t=1.0; baseline/control"
time_window,postselection_ST2_k2_weight1,postselection,2,4096,4096,1,2056.0,0.501953125,0.8647464349484324,0.9056420233463035,0.04089558839787111,0.009351869014314812,896,6.69690658399486,0.75,2028,high,Z0,0.7700804422901781,0.6348268772386105,0.001,0.006,0.02,1.0,0.7996108949416343,0.7052529182879378,,,,,,,,,,0.6011719697713016,False,"diagnostic time, not official t=1.0"
time_window,MPF23_raw,MPF,"2,3",4096,8192,2,8192.0,1.0,0.8647464349484324,0.6224609374999999,0.24228549744843253,0.02204068714787797,9950,6.69690658399486,0.75,2028,high,Z0,0.7700804422901781,0.6348268772386105,0.001,0.006,0.02,1.0,0.5873046875,0.334375,4975.0,-0.8,1.8,0.76220703125,0.6845703125,,,,,-1.3628526079690528,False,"diagnostic time, not official t=1.0; relative error improvement -1.363 < 0.100"
time_window,MPF23_postselected,MPF_postselected,"2,3",4096,8192,2,3792.0,0.423828125,0.8647464349484324,0.8100485933045238,0.05469784164390856,0.02378726215059239,11590,6.69690658399486,0.75,2028,high,Z0,0.7700804422901781,0.6348268772386105,0.001,0.006,0.02,1.0,0.7849656619268769,0.595014255231401,5795.0,-0.8,1.8,,,0.9056420233463035,0.8525345622119815,0.501953125,0.423828125,0.4665675860104034,False,"diagnostic time, not official t=1.0"
time_window,baseline_ST2_k2_raw,none,2,8192,8192,1,8192.0,1.0,0.8647464349484324,0.75927734375,0.1054690911984324,0.0071900294060494975,1059,8.063558125024429,0.75,2028,high,Z0,0.7700804422901781,0.6348268772386105,0.001,0.006,0.02,1.0,0.6689453125,0.51953125,,,,,,,,,,0.0,False,"diagnostic time, not official t=1.0; baseline/control"
time_window,baseline_ST2_k3_raw_control,none_control,3,8192,8192,1,8192.0,1.0,0.8647464349484324,0.707763671875,0.1569827630734324,0.007805235566139054,1248,8.063558125024429,0.75,2028,high,Z0,0.7700804422901781,0.6348268772386105,0.001,0.006,0.02,1.0,0.616943359375,0.4443359375,,,,,,,,,,-0.48842434584062916,False,"diagnostic time, not official t=1.0; baseline/control"
time_window,postselection_ST2_k2_weight1,postselection,2,8192,8192,1,4099.0,0.5003662109375,0.8647464349484324,0.8975359843864357,0.032789549438003274,0.006887184812780506,972,8.063558125024429,0.75,2028,high,Z0,0.7700804422901781,0.6348268772386105,0.001,0.006,0.02,1.0,0.7877531105147597,0.6852890949011954,,,,,,,,,,0.6891074999753991,False,"diagnostic time, not official t=1.0"
time_window,MPF23_raw,MPF,"2,3",8192,16384,2,16384.0,1.0,0.8647464349484324,0.666552734375,0.19819370057343244,0.015181307252584528,9442,8.063558125024429,0.75,2028,high,Z0,0.7700804422901781,0.6348268772386105,0.001,0.006,0.02,1.0,0.5753417968750001,0.3841796875,4721.0,-0.8,1.8,0.75927734375,0.707763671875,,,,,-0.8791638225131329,False,"diagnostic time, not official t=1.0; relative error improvement -0.879 < 0.100"
time_window,MPF23_postselected,MPF_postselected,"2,3",8192,16384,2,7634.0,0.4315185546875,0.8647464349484324,0.8446869126322941,0.02005952231613828,0.016002411165432155,10490,8.063558125024429,0.75,2028,high,Z0,0.7700804422901781,0.6348268772386105,0.001,0.006,0.02,1.0,0.723743763356226,0.5684306759885204,5245.0,-0.8,1.8,,,0.8975359843864357,0.8681753889674682,0.5003662109375,0.4315185546875,0.8098066259204059,False,"diagnostic time, not official t=1.0"
time_window,baseline_ST2_k2_raw,none,2,4096,4096,1,4096.0,1.0,0.6845639601747561,0.66455078125,0.02001317892475607,0.01167567352785719,1396,6.6127160000032745,1.0,2028,high,Z0,0.9912671465636668,0.6758311067384228,0.001,0.006,0.02,1.0,0.81005859375,0.5537109375,,,,,,,,,,0.0,False,baseline/control
time_window,baseline_ST2_k3_raw_control,none_control,3,4096,4096,1,4096.0,1.0,0.6845639601747561,0.55517578125,0.12938817892475607,0.012995828769592098,1730,6.6127160000032745,1.0,2028,high,Z0,0.9912671465636668,0.6758311067384228,0.001,0.006,0.02,1.0,0.7744140625,0.43505859375,,,,,,,,,,-5.465148760785044,False,baseline/control
time_window,postselection_ST2_k2_weight1,postselection,2,4096,4096,1,2030.0,0.49560546875,0.6845639601747561,0.7773399014778325,0.09277594130307643,0.01396234693051621,1997,6.6127160000032745,1.0,2028,high,Z0,0.9912671465636668,0.6758311067384228,0.001,0.006,0.02,1.0,0.9714285714285714,0.7487684729064039,,,,,,,,,,-3.6357423601661636,False,relative error improvement -3.636 < 0.100
time_window,MPF23_raw,MPF,"2,3",4096,8192,2,8192.0,1.0,0.6845639601747561,0.4676757812500001,0.21688817892475598,0.025188377030177116,12994,6.6127160000032745,1.0,2028,high,Z0,0.9912671465636668,0.6758311067384228,0.001,0.006,0.02,1.0,0.7458984375000001,0.34013671874999996,6497.0,-0.8,1.8,0.66455078125,0.55517578125,,,,,-9.837267769413076,False,relative error improvement -9.837 < 0.100
time_window,MPF23_postselected,MPF_postselected,"2,3",4096,8192,2,3737.0,0.416748046875,0.6845639601747561,0.657214194810704,0.027349765364052092,0.03262499778739981,21800,6.6127160000032745,1.0,2028,high,Z0,0.9912671465636668,0.6758311067384228,0.001,0.006,0.02,1.0,0.9680241024353502,0.6252382972460544,10900.0,-0.8,1.8,,,0.7773399014778325,0.7106033977738723,0.49560546875,0.416748046875,-0.36658776033930074,False,relative error improvement -0.367 < 0.100; target-SE shot estimate 21800 > budget 20000
time_window,baseline_ST2_k2_raw,none,2,8192,8192,1,8192.0,1.0,0.6845639601747561,0.67138671875,0.01317724142475607,0.008188155045108626,1374,8.11378041698481,1.0,2028,high,Z0,0.9912671465636668,0.6758311067384228,0.001,0.006,0.02,1.0,0.82373046875,0.5693359375,,,,,,,,,,0.0,False,baseline/control
time_window,baseline_ST2_k3_raw_control,none_control,3,8192,8192,1,8192.0,1.0,0.6845639601747561,0.591552734375,0.09301122579975607,0.008908068361890793,1626,8.11378041698481,1.0,2028,high,Z0,0.9912671465636668,0.6758311067384228,0.001,0.006,0.02,1.0,0.7841796875,0.478759765625,,,,,,,,,,-6.058474744571043,False,baseline/control
time_window,postselection_ST2_k2_weight1,postselection,2,8192,8192,1,4160.0,0.5078125,0.6845639601747561,0.7735576923076923,0.08899373213293627,0.009825502735615903,1978,8.11378041698481,1.0,2028,high,Z0,0.9912671465636668,0.6758311067384228,0.001,0.006,0.02,1.0,0.9740384615384615,0.7475961538461539,,,,,,,,,,-5.753593507495721,False,relative error improvement -5.754 < 0.100
time_window,MPF23_raw,MPF,"2,3",8192,16384,2,16384.0,1.0,0.6845639601747561,0.5276855468750001,0.15687841329975594,0.01732094958809534,12290,8.11378041698481,1.0,2028,high,Z0,0.9912671465636668,0.6758311067384228,0.001,0.006,0.02,1.0,0.7525390625,0.406298828125,6145.0,-0.8,1.8,0.67138671875,0.591552734375,,,,,-10.905254540227867,False,relative error improvement -10.905 < 0.100
time_window,MPF23_postselected,MPF_postselected,"2,3",8192,16384,2,7699.0,0.4320068359375,0.6845639601747561,0.6786390114547786,0.0059249487199775075,0.022396618958424888,20546,8.11378041698481,1.0,2028,high,Z0,0.9912671465636668,0.6758311067384228,0.001,0.006,0.02,1.0,0.9617695133349274,0.6404085247897061,10273.0,-0.8,1.8,,,0.7735576923076923,0.7208250918338514,0.5078125,0.4320068359375,0.5503650173057988,False,target-SE shot estimate 20546 > budget 20000
time_window,baseline_ST2_k2_raw,none,2,4096,4096,1,4096.0,1.0,0.9370271010898633,0.7919921875,0.1450349135898633,0.009539550368090375,932,6.3788897919876035,1.25,2028,high,Z0,0.7849436925151991,0.7219707936050624,0.001,0.006,0.02,1.0,0.7685546875,0.623046875,,,,,,,,,,0.0,False,"diagnostic time, not official t=1.0; baseline/control"
time_window,baseline_ST2_k3_raw_control,none_control,3,4096,4096,1,4096.0,1.0,0.9370271010898633,0.72412109375,0.2129060073398633,0.010776138298912146,1190,6.3788897919876035,1.25,2028,high,Z0,0.7849436925151991,0.7219707936050624,0.001,0.006,0.02,1.0,0.697265625,0.50439453125,,,,,,,,,,-0.4679638307085778,False,"diagnostic time, not official t=1.0; baseline/control"
time_window,postselection_ST2_k2_weight1,postselection,2,4096,4096,1,2041.0,0.498291015625,0.9370271010898633,0.93140617344439,0.005620927645473284,0.008056711654260779,665,6.3788897919876035,1.25,2028,high,Z0,0.7849436925151991,0.7219707936050624,0.001,0.006,0.02,1.0,0.897109260166585,0.828515433610975,,,,,,,,,,0.9612443134804878,False,"diagnostic time, not official t=1.0"
time_window,MPF23_raw,MPF,"2,3",4096,8192,2,8192.0,1.0,0.9370271010898633,0.66982421875,0.26720288233986333,0.020844362333470513,8900,6.3788897919876035,1.25,2028,high,Z0,0.7849436925151991,0.7219707936050624,0.001,0.006,0.02,1.0,0.640234375,0.40947265625,4450.0,-0.8,1.8,0.7919921875,0.72412109375,,,,,-0.8423348952754401,False,"diagnostic time, not official t=1.0; relative error improvement -0.842 < 0.100"
time_window,MPF23_postselected,MPF_postselected,"2,3",4096,8192,2,3767.0,0.42138671875,0.9370271010898633,0.9047012489617532,0.03232585212811012,0.01848516361125911,7000,6.3788897919876035,1.25,2028,high,Z0,0.7849436925151991,0.7219707936050624,0.001,0.006,0.02,1.0,0.821594167764762,0.7262954167265154,3500.0,-0.8,1.8,,,0.93140617344439,0.9165701042873696,0.498291015625,0.42138671875,0.7771167553522822,False,"diagnostic time, not official t=1.0"
time_window,baseline_ST2_k2_raw,none,2,8192,8192,1,8192.0,1.0,0.9370271010898633,0.815185546875,0.12184155421486331,0.006399315264942063,839,8.214143958000932,1.25,2028,high,Z0,0.7849436925151991,0.7219707936050624,0.001,0.006,0.02,1.0,0.776611328125,0.64697265625,,,,,,,,,,0.0,False,"diagnostic time, not official t=1.0; baseline/control"
time_window,baseline_ST2_k3_raw_control,none_control,3,8192,8192,1,8192.0,1.0,0.9370271010898633,0.75390625,0.1831208510898633,0.007258694327239306,1080,8.214143958000932,1.25,2028,high,Z0,0.7849436925151991,0.7219707936050624,0.001,0.006,0.02,1.0,0.67529296875,0.52880859375,,,,,,,,,,-0.5029425081605254,False,"diagnostic time, not official t=1.0; baseline/control"
time_window,postselection_ST2_k2_weight1,postselection,2,8192,8192,1,4196.0,0.51220703125,0.9370271010898633,0.9466158245948523,0.00958872350498896,0.00497655323815343,508,8.214143958000932,1.25,2028,high,Z0,0.7849436925151991,0.7219707936050624,0.001,0.006,0.02,1.0,0.8898951382268827,0.836510962821735,,,,,,,,,,0.9213016973824908,False,"diagnostic time, not official t=1.0"
time_window,MPF23_raw,MPF,"2,3",8192,16384,2,16384.0,1.0,0.9370271010898633,0.7048828125000001,0.23214428858986325,0.014032818510907794,8066,8.214143958000932,1.25,2028,high,Z0,0.7849436925151991,0.7219707936050624,0.001,0.006,0.02,1.0,0.59423828125,0.43427734375000004,4033.0,-0.8,1.8,0.815185546875,0.75390625,,,,,-0.9052965146889453,False,"diagnostic time, not official t=1.0; relative error improvement -0.905 < 0.100"
time_window,MPF23_postselected,MPF_postselected,"2,3",8192,16384,2,7732.0,0.431640625,0.9370271010898633,0.9246077928128059,0.012419308277057395,0.011495345094041032,5414,8.214143958000932,1.25,2028,high,Z0,0.7849436925151991,0.7219707936050624,0.001,0.006,0.02,1.0,0.7561834369298062,0.6807912297426121,2707.0,-0.8,1.8,,,0.9466158245948523,0.9343891402714932,0.51220703125,0.431640625,0.8980700110312416,False,"diagnostic time, not official t=1.0"
time_window,baseline_ST2_k2_raw,none,2,4096,4096,1,4096.0,1.0,0.9539526359368348,0.8505859375,0.10336669843683477,0.008216188451330987,692,6.441972790984437,1.5,2028,high,Z0,0.8447650468333716,0.7987176827702065,0.001,0.006,0.02,1.0,0.82470703125,0.72314453125,,,,,,,,,,0.0,False,"diagnostic time, not official t=1.0; baseline/control"
time_window,baseline_ST2_k3_raw_control,none_control,3,4096,4096,1,4096.0,1.0,0.9539526359368348,0.7685546875,0.18539794843683477,0.009996626534523856,1024,6.441972790984437,1.5,2028,high,Z0,0.8447650468333716,0.7987176827702065,0.001,0.006,0.02,1.0,0.73486328125,0.57470703125,,,,,,,,,,-0.7935945642118731,False,"diagnostic time, not official t=1.0; baseline/control"
time_window,postselection_ST2_k2_weight1,postselection,2,4096,4096,1,2051.0,0.500732421875,0.9539526359368348,0.984397854705022,0.030445218768187177,0.0038852923520906715,155,6.441972790984437,1.5,2028,high,Z0,0.8447650468333716,0.7987176827702065,0.001,0.006,0.02,1.0,0.9668454412481716,0.9512432959531936,,,,,,,,,,0.7054639528146329,False,"diagnostic time, not official t=1.0"
time_window,MPF23_raw,MPF,"2,3",4096,8192,2,8192.0,1.0,0.9539526359368348,0.7029296875000001,0.2510229484368347,0.019156855640125304,7516,6.441972790984437,1.5,2028,high,Z0,0.8447650468333716,0.7987176827702065,0.001,0.006,0.02,1.0,0.66298828125,0.45595703125,3758.0,-0.8,1.8,0.8505859375,0.7685546875,,,,,-1.428470215581371,False,"diagnostic time, not official t=1.0; relative error improvement -1.428 < 0.100"
time_window,MPF23_postselected,MPF_postselected,"2,3",4096,8192,2,3785.0,0.42333984375,0.9539526359368348,0.9335889826719688,0.020363653264866,0.01303314370924329,3480,6.441972790984437,1.5,2028,high,Z0,0.8447650468333716,0.7987176827702065,0.001,0.006,0.02,1.0,0.8500530587661685,0.7836420414381373,1740.0,-0.8,1.8,,,0.984397854705022,0.9561707035755479,0.500732421875,0.42333984375,0.8029959980069422,False,"diagnostic time, not official t=1.0"
time_window,baseline_ST2_k2_raw,none,2,8192,8192,1,8192.0,1.0,0.9539526359368348,0.84814453125,0.10580810468683477,0.00585313056959156,702,8.19468150002649,1.5,2028,high,Z0,0.8447650468333716,0.7987176827702065,0.001,0.006,0.02,1.0,0.845947265625,0.740478515625,,,,,,,,,,0.0,False,"diagnostic time, not official t=1.0; baseline/control"
time_window,baseline_ST2_k3_raw_control,none_control,3,8192,8192,1,8192.0,1.0,0.9539526359368348,0.785888671875,0.16806396406183477,0.006832065826979296,956,8.19468150002649,1.5,2028,high,Z0,0.8447650468333716,0.7987176827702065,0.001,0.006,0.02,1.0,0.72607421875,0.584228515625,,,,,,,,,,-0.5883846002086665,False,"diagnostic time, not official t=1.0; baseline/control"
time_window,postselection_ST2_k2_weight1,postselection,2,8192,8192,1,4111.0,0.5018310546875,0.9539526359368348,0.9922160058379956,0.03826336990116086,0.0019422079383326508,78,8.19468150002649,1.5,2028,high,Z0,0.8447650468333716,0.7987176827702065,0.001,0.006,0.02,1.0,0.9819995135003649,0.9742155193383605,,,,,,,,,,0.6383701417352597,False,"diagnostic time, not official t=1.0"
time_window,MPF23_raw,MPF,"2,3",8192,16384,2,16384.0,1.0,0.9539526359368348,0.7360839843749999,0.21786865156183488,0.013159016984613156,7094,8.19468150002649,1.5,2028,high,Z0,0.8447650468333716,0.7987176827702065,0.001,0.006,0.02,1.0,0.63017578125,0.4592285156250001,3547.0,-0.8,1.8,0.84814453125,0.785888671875,,,,,-1.0590922803756007,False,"diagnostic time, not official t=1.0; relative error improvement -1.059 < 0.100"
time_window,MPF23_postselected,MPF_postselected,"2,3",8192,16384,2,7643.0,0.43115234375,0.9539526359368348,0.958322325567429,0.004369689630594253,0.007112778071805969,2074,8.19468150002649,1.5,2028,high,Z0,0.8447650468333716,0.7987176827702065,0.001,0.006,0.02,1.0,0.8125883846696967,0.7709107102371258,1037.0,-0.8,1.8,,,0.9922160058379956,0.9733861834654587,0.5018310546875,0.43115234375,0.958701749326978,False,"diagnostic time, not official t=1.0"
time_window,baseline_ST2_k2_raw,none,2,4096,4096,1,4096.0,1.0,0.9271155626310368,0.7373046875,0.18981087513103678,0.010555630599410106,1141,6.452508333022706,2.0,2028,high,Z0,0.9098451346141808,0.8369606972452175,0.001,0.006,0.02,1.0,0.77587890625,0.58251953125,,,,,,,,,,0.0,False,"diagnostic time, not official t=1.0; baseline/control"
time_window,baseline_ST2_k3_raw_control,none_control,3,4096,4096,1,4096.0,1.0,0.9271155626310368,0.77978515625,0.14733040638103678,0.009781987668022511,980,6.452508333022706,2.0,2028,high,Z0,0.9098451346141808,0.8369606972452175,0.001,0.006,0.02,1.0,0.79345703125,0.6337890625,,,,,,,,,,0.22380418782998296,False,"diagnostic time, not official t=1.0; baseline/control"
time_window,postselection_ST2_k2_weight1,postselection,2,4096,4096,1,2051.0,0.500732421875,0.9271155626310368,0.8615309605070697,0.0655846021239671,0.01121059443736532,1287,6.452508333022706,2.0,2028,high,Z0,0.9098451346141808,0.8369606972452175,0.001,0.006,0.02,1.0,0.8966357874207703,0.7581667479278401,,,,,,,,,,0.6544739489837424,False,"diagnostic time, not official t=1.0"
time_window,MPF23_raw,MPF,"2,3",4096,8192,2,8192.0,1.0,0.9271155626310368,0.81376953125,0.11334603138103683,0.01952783787247749,7810,6.452508333022706,2.0,2028,high,Z0,0.9098451346141808,0.8369606972452175,0.001,0.006,0.02,1.0,0.80751953125,0.6748046875,3905.0,-0.8,1.8,0.7373046875,0.77978515625,,,,,0.4028475380939691,False,"diagnostic time, not official t=1.0"
time_window,MPF23_postselected,MPF_postselected,"2,3",4096,8192,2,3784.0,0.423095703125,0.9271155626310368,1.0069091034927862,0.07979354086174939,0.01702856019077135,5940,6.452508333022706,2.0,2028,high,Z0,0.9098451346141808,0.8369606972452175,0.001,0.006,0.02,1.0,0.9954438224580751,1.002352925950861,2970.0,-0.8,1.8,,,0.8615309605070697,0.9422965954991345,0.500732421875,0.423095703125,0.5796155472827172,False,"diagnostic time, not official t=1.0"
time_window,baseline_ST2_k2_raw,none,2,8192,8192,1,8192.0,1.0,0.9271155626310368,0.745849609375,0.18126595325603678,0.007359593615675103,1110,8.246739916008664,2.0,2028,high,Z0,0.9098451346141808,0.8369606972452175,0.001,0.006,0.02,1.0,0.78271484375,0.595458984375,,,,,,,,,,0.0,False,"diagnostic time, not official t=1.0; baseline/control"
time_window,baseline_ST2_k3_raw_control,none_control,3,8192,8192,1,8192.0,1.0,0.9271155626310368,0.797119140625,0.12999642200603678,0.006671354228516238,912,8.246739916008664,2.0,2028,high,Z0,0.9098451346141808,0.8369606972452175,0.001,0.006,0.02,1.0,0.78955078125,0.662841796875,,,,,,,,,,0.2828414841786763,False,"diagnostic time, not official t=1.0; baseline/control"
time_window,postselection_ST2_k2_weight1,postselection,2,8192,8192,1,4125.0,0.5035400390625,0.9271155626310368,0.8656969696969697,0.06141859293406704,0.007793839939841906,1245,8.246739916008664,2.0,2028,high,Z0,0.9098451346141808,0.8369606972452175,0.001,0.006,0.02,1.0,0.9117575757575758,0.7774545454545455,,,,,,,,,,0.6611686208533947,False,"diagnostic time, not official t=1.0"
time_window,MPF23_raw,MPF,"2,3",8192,16384,2,16384.0,1.0,0.9271155626310368,0.838134765625,0.08898079700603678,0.013374127616612356,7328,8.246739916008664,2.0,2028,high,Z0,0.9098451346141808,0.8369606972452175,0.001,0.006,0.02,1.0,0.7950195312499999,0.716748046875,3664.0,-0.8,1.8,0.745849609375,0.797119140625,,,,,0.5091146715216173,False,"diagnostic time, not official t=1.0"
time_window,MPF23_postselected,MPF_postselected,"2,3",8192,16384,2,7664.0,0.4320068359375,0.9271155626310368,1.0514944163305846,0.12437885369954782,0.009741868251946947,3888,8.246739916008664,2.0,2028,high,Z0,0.9098451346141808,0.8369606972452175,0.001,0.006,0.02,1.0,0.9780254172125322,1.0295198335431168,1944.0,-0.8,1.8,,,0.8656969696969697,0.9689177733823114,0.5035400390625,0.4320068359375,0.31383223674738503,False,"diagnostic time, not official t=1.0; MPF estimate outside physical range by >5%"
